-- MySQL dump 10.16  Distrib 10.1.26-MariaDB, for Linux (x86_64)
--
-- Host: localhost    Database: controle_municipal
-- ------------------------------------------------------
-- Server version	10.1.26-MariaDB

/*!40101 SET @OLD_CHARACTER_SET_CLIENT=@@CHARACTER_SET_CLIENT */;
/*!40101 SET @OLD_CHARACTER_SET_RESULTS=@@CHARACTER_SET_RESULTS */;
/*!40101 SET @OLD_COLLATION_CONNECTION=@@COLLATION_CONNECTION */;
/*!40101 SET NAMES utf8 */;
/*!40103 SET @OLD_TIME_ZONE=@@TIME_ZONE */;
/*!40103 SET TIME_ZONE='+00:00' */;
/*!40014 SET @OLD_UNIQUE_CHECKS=@@UNIQUE_CHECKS, UNIQUE_CHECKS=0 */;
/*!40014 SET @OLD_FOREIGN_KEY_CHECKS=@@FOREIGN_KEY_CHECKS, FOREIGN_KEY_CHECKS=0 */;
/*!40101 SET @OLD_SQL_MODE=@@SQL_MODE, SQL_MODE='NO_AUTO_VALUE_ON_ZERO' */;
/*!40111 SET @OLD_SQL_NOTES=@@SQL_NOTES, SQL_NOTES=0 */;

--
-- Table structure for table `advogado`
--

DROP TABLE IF EXISTS `advogado`;
/*!40101 SET @saved_cs_client     = @@character_set_client */;
/*!40101 SET character_set_client = utf8 */;
CREATE TABLE `advogado` (
  `id` int(11) unsigned NOT NULL AUTO_INCREMENT,
  `nome` varchar(60) DEFAULT NULL,
  `oab` varchar(40) DEFAULT NULL,
  `celular1` varchar(14) DEFAULT NULL,
  `celular2` varchar(14) DEFAULT NULL,
  `email` varchar(60) DEFAULT NULL,
  `status` int(11) DEFAULT '1',
  `celular3` varchar(14) DEFAULT NULL,
  `celular4` varchar(14) DEFAULT NULL,
  `idregional` int(11) DEFAULT NULL,
  `idcidade` int(11) DEFAULT NULL,
  PRIMARY KEY (`id`)
) ENGINE=InnoDB AUTO_INCREMENT=133 DEFAULT CHARSET=latin1;
/*!40101 SET character_set_client = @saved_cs_client */;

--
-- Dumping data for table `advogado`
--

LOCK TABLES `advogado` WRITE;
/*!40000 ALTER TABLE `advogado` DISABLE KEYS */;
INSERT INTO `advogado` (`id`, `nome`, `oab`, `celular1`, `celular2`, `email`, `status`, `celular3`, `celular4`, `idregional`, `idcidade`) VALUES (1,'ADIEL RODRIGUES DE ALENCAR','343','68999855322',NULL,NULL,1,NULL,NULL,NULL,16),(2,'ADILSON DE SOUZA CRUZ ( INTERIOR)','2499','68999771109',NULL,NULL,2,NULL,NULL,NULL,16),(3,'ADOLFO ARTUR DE ALMEIDA',NULL,'68981215596',NULL,NULL,1,NULL,NULL,NULL,16),(4,'ALANA CAROLINA L. MAIA ALBUQUERQUE','','68992011000',NULL,'alanakrolyna@gmail.com',1,NULL,NULL,NULL,16),(5,'ALBERTO SEGUNDO SALVATICO','2442','68992186205',NULL,NULL,1,NULL,NULL,NULL,16),(6,'ALCILENE MELO MONTEIRO',NULL,'68999044551',NULL,NULL,1,NULL,NULL,NULL,16),(7,'ALFRANIO ALVES JUSTO','3741','68992423030',NULL,NULL,2,NULL,NULL,NULL,16),(8,'ALINE BARTISTA DA COSTA CARVALHO','3126','68984154408',NULL,'',1,NULL,NULL,NULL,16),(9,'AMABILE SILVA LINK ','2957','68999646895',NULL,'',1,NULL,NULL,NULL,16),(10,'ANA CAROLINY SILVA AFONSO CABRAL','2613','68999895107',NULL,NULL,1,NULL,NULL,NULL,16),(11,'ANDREA SANTOS PELATTI','3450','68999790361',NULL,'andrea.pelatti@yahoo.com',1,NULL,NULL,NULL,16),(12,'ANDRESSA DE SILVA MELO','3863','68992327215',NULL,'',1,NULL,NULL,NULL,16),(13,'ANDREY MACEDO DE ARAUJO','4203','68999888131',NULL,'andreymacedo@hotmail.com',1,NULL,NULL,NULL,16),(14,'ANDRIAS SARKIS','','68992377000',NULL,'',1,NULL,NULL,NULL,16),(15,'ANSELMO LOPES JUNIOR','3008','68999108018',NULL,'',1,NULL,NULL,NULL,16),(16,'ANTÔNIO CARLOS GOMES','4304','6832262801',NULL,'',1,NULL,NULL,NULL,16),(17,'BRUNA ARMANI','','68999634170',NULL,'bruna_armani@hotmail.com',1,NULL,NULL,NULL,16),(18,'BRUNA LIMA ROCHA','4697','68992199115',NULL,'',1,NULL,NULL,NULL,16),(19,'CAROLINA DE PAULA E SILVA MONTE',NULL,'68992243717',NULL,NULL,1,NULL,NULL,NULL,16),(20,'DEBORAH FIGUEIREDO DA SILVA','4463','68999799008',NULL,NULL,2,NULL,NULL,NULL,16),(21,'ELIÉSIO PINHEIRO MANSOUR FILHO','2362','68992292851',NULL,'',1,NULL,NULL,NULL,16),(22,'ELVIRA MARIA SANTOS THOME','','68999240645',NULL,'elvira.thome@gmail.com',1,NULL,NULL,NULL,16),(23,'FABIO EDUARDO FERREIRA','','68999119272',NULL,'fabio.edwardo@gmail.com',1,NULL,NULL,NULL,16),(24,'FABIOLA ASFURY','2736','68992057700',NULL,'',1,NULL,NULL,NULL,16),(25,'FLAVIO NEVES ROSET',NULL,'68999740812',NULL,NULL,2,NULL,NULL,NULL,16),(26,'FRANCISCO ALVES DE ASSIS FILHO','3190','68984020167',NULL,NULL,1,NULL,NULL,NULL,16),(27,'FRANCISCO LIMA DE FREITAS','166','68999732433',NULL,NULL,1,NULL,NULL,NULL,16),(28,'FRANKCINATO DA SILVA BATISTA','4532','68999719197',NULL,'',1,NULL,NULL,NULL,16),(29,'GABRIEL DE ALMEIDA GOMES','2858','68992492767',NULL,'',1,NULL,NULL,NULL,16),(30,'GABRIEL GONÇALVES DE LIMA','3982','68999692600',NULL,'',1,NULL,NULL,NULL,16),(31,'GABRIELA CUELLAR LAVANDENS SALAZAR','5604','68992066790',NULL,NULL,1,NULL,NULL,NULL,16),(32,'GABRIELLA DIOGENES ','','68999695141',NULL,'gabriella.diogenes@gmail.com',1,NULL,NULL,NULL,16),(33,'GERALDO NEVES ZANOTTI','2252','68984016655',NULL,NULL,1,NULL,NULL,NULL,16),(34,'GILSON COSTA DO NASCIMENTO','2648','68999932559',NULL,NULL,1,NULL,NULL,NULL,16),(35,'GIRLANIA DE SOUZA PEREIRA','3134','68999853705',NULL,'girlaniacalderon@hotmail.com',1,NULL,NULL,NULL,16),(36,'GLEICE LOPES DE ANDRADE','4037','6892376854',NULL,NULL,1,NULL,NULL,NULL,16),(37,'GRAZIELLE FROTA DE FREITAS','4750','68999529199',NULL,NULL,1,NULL,NULL,NULL,16),(38,'GUSTAVO CESAR DE OLIVEIRA','3263','68999137700',NULL,'',1,NULL,NULL,NULL,16),(39,'HILDA VANESSA BENEVIDES MONTEIRO','4302','68992240205',NULL,NULL,2,NULL,NULL,NULL,16),(40,'IGOR AMORIM CAVALCANTE PINTO',NULL,'68992318814',NULL,NULL,1,NULL,NULL,NULL,16),(41,'IGOR LOPES DE SOUZA','4540','68999257430',NULL,'igorsouza84@gmail.com',1,NULL,NULL,NULL,16),(42,'ILÇANA ANDREWS DA SILVA','4004','68999582653',NULL,NULL,1,NULL,NULL,NULL,16),(43,'ILSEN FRANCO VOGHT','3419','68999789869',NULL,NULL,1,NULL,NULL,NULL,16),(44,'ISLEUDO PORTELA','4345','68999853122',NULL,'',1,NULL,NULL,NULL,16),(45,'ISNAILDA DE SOUZA DA SILVA','4420','68999992429',NULL,'isnailda.souza@ac.gov.br',1,NULL,NULL,NULL,16),(46,'JOANA DE SOUZA ROCHA','3848','68984141620',NULL,'joanadesouzarocha@gmail.com',1,NULL,NULL,NULL,16),(47,'JOÃO DE OLIVEIRA SILVA','297','68999527964',NULL,'joao.oliveira@ac.gov.br',1,NULL,NULL,NULL,16),(48,'JOÃO PAULO ALVES MENDES','4078','68999813732',NULL,'',1,NULL,NULL,NULL,16),(49,'JORGE NEY FERNANDES','2391','68996080778',NULL,'',1,NULL,NULL,NULL,16),(50,'JOSÉ GURGEL FERNANDES JÚNIOR','','68984048922',NULL,'gurgel.junior@hotmail.com',1,NULL,NULL,NULL,16),(51,'JOSIANE PACÍFICO','4001','68999867222',NULL,'josilpacifico@gmail.com',1,NULL,NULL,NULL,16),(52,'JULIANA SOUZA','349677','68981052145',NULL,'jumoraes10@hotmail.com',1,NULL,NULL,NULL,16),(53,'JULIANNE FREITAS BARBOSA','2923','68999202924',NULL,NULL,1,NULL,NULL,NULL,16),(54,'KARINNE DE CASTRO ROCHA','','',NULL,'',1,NULL,NULL,NULL,16),(55,'KAROLINE LAMEIRA','3829','68992056006',NULL,'karoline.lameira@gmail.com',1,NULL,NULL,NULL,16),(56,'KATIA MOREIRA PINHEIRO','2951','68999675501',NULL,'',1,NULL,NULL,NULL,16),(57,'KEMMIL DE MELO COELHO','2541','68992175273',NULL,'',1,NULL,NULL,NULL,16),(58,'KHETELLIN MESQUITA PEREIRA','4611','68999517434',NULL,NULL,1,NULL,NULL,NULL,16),(59,'KLEIR SILVA CARVALHO','3432','68992240567',NULL,'',1,NULL,NULL,NULL,16),(60,'LAIO SOUZA','4680','68999834815',NULL,'laioaugusto@gmail.com',1,NULL,NULL,NULL,16),(61,'LAURA CAROLINE CATÃO SILVA DE BRITO','4174','68999621197',NULL,'',1,NULL,NULL,NULL,16),(62,'LEILA APARECIDO FELIZ','1727','68999436273',NULL,'',1,NULL,NULL,NULL,16),(63,'LEONARDO DAS NEVES CARVALHO','2792','68992283732',NULL,'leomirtil@gmail.com',2,NULL,NULL,NULL,16),(64,'LIDIANA LEOPOLDINA ARAÚJO DE MELO','6171','68999798107',NULL,NULL,1,NULL,NULL,NULL,16),(65,'LIGIA DE ARAÚJO COSTA',' ','68999875299',NULL,'ligiacre@hotmail.com',1,NULL,NULL,NULL,16),(66,'LUCIA MARIA RIBEIRO DE LIMA','3648','68984194176',NULL,'',1,NULL,NULL,NULL,16),(67,'MANIRA BRAZ DA GAMA','3508','68999440164',NULL,'',1,NULL,NULL,NULL,16),(68,'MANOELA DE OLIVEIRA ROCHA','4446','68999945757',NULL,NULL,1,NULL,NULL,NULL,16),(69,'MANYRA BRAZ DA GAMA','3508','68999440164',NULL,NULL,1,NULL,NULL,NULL,16),(70,'MARCELO QUINTELA MIGUEIS','1982','68999529979',NULL,'mmigueis@hotmail.com',1,NULL,NULL,NULL,16),(71,'MARCIO BEZERRA CHAVES','3198','68992239771',NULL,'',1,NULL,NULL,NULL,16),(72,'MARCIO OLIVEIRA',NULL,'68992052700',NULL,NULL,2,NULL,NULL,NULL,16),(73,'MARIA APARECIDA PEREIRA','3541','68999616077',NULL,'',1,NULL,NULL,NULL,16),(74,'MARIA AURIVAN ARAUJO PRADO ','','68999952577',NULL,'',1,NULL,NULL,NULL,16),(75,'MARIA DA CONCEIÇÃO DE CARVALHO','4632','68999955030',NULL,'',1,NULL,NULL,NULL,16),(76,'MARIANO TAVARES','','68999094430',NULL,'marianotavares83@gmail.com',1,NULL,NULL,NULL,16),(77,'MÁRIO JORGE CRUZ DE OLIVEIRA','2360','68999839119',NULL,NULL,1,NULL,NULL,NULL,16),(78,'MARTHA LIANE PIRES DA SILVA','883','68981222005',NULL,'',1,NULL,NULL,NULL,16),(79,'MAYLON TAUMATURGO OLIVEIRA','3678','68999653613',NULL,'',1,NULL,NULL,NULL,16),(80,'MICHAEL SALOMÃO DA CHAGAS','2580','68981111111',NULL,NULL,1,NULL,NULL,NULL,16),(81,'NEIVA NARA RODRIGUES DA COSTA','3478','68999007572',NULL,'',1,NULL,NULL,NULL,16),(82,'OSVALDO ALVES RIBEIRO NETO','23064','68999791601',NULL,'',1,NULL,NULL,NULL,16),(83,'PABLO','','',NULL,'',1,NULL,NULL,NULL,16),(84,'PATRICIA CRISTIANEYS CORDEIRO DE MESQUITA','2683','68992125746',NULL,'patricia.mesquita.ac@gmail.com',1,NULL,NULL,NULL,16),(85,'PATRICIA MARIA DE SOUZA REGIO','4746','68996005426',NULL,'',1,NULL,NULL,NULL,16),(86,'PRISCILA CUNHA ROCHA LOPES','2928','68992130669',NULL,NULL,1,NULL,NULL,NULL,16),(87,'PRISCILA FERREIRA PIRES','4598','68999523635',NULL,NULL,1,NULL,NULL,NULL,16),(88,'RAFAEL MESSIAS DINIZ ALBUQUERQUE','4298','68999838840',NULL,'',1,NULL,NULL,NULL,16),(89,'RAICRI BARROS','2672','68992030416',NULL,'raicribarros@hotmail.com',1,NULL,NULL,NULL,16),(90,'RAQUEL DE ARAUJO NOGUEIRA','3186','68984131540',NULL,'',1,NULL,NULL,NULL,16),(91,'ROBERTA DE MELO PICANÇO','4249','68999395035',NULL,NULL,1,NULL,NULL,NULL,16),(92,'ROBSON AGUIAR DE SOUZA','3063','68999780699',NULL,'',1,NULL,NULL,NULL,16),(93,'ROSANGELA TAVARES MORAIS','2757','68999952120',NULL,'',1,NULL,NULL,NULL,16),(94,'SAIMON PERCEU MALAQUIAS LEITE','4609','68999638933',NULL,'',1,NULL,NULL,NULL,16),(95,'SERGIANALAS EMILIA COSTA','3365','68999853395',NULL,NULL,1,NULL,NULL,NULL,16),(96,'SILES KIEGN CAVALCANTE','2714','68992057805',NULL,'skiga@bol.com.br',1,NULL,NULL,NULL,16),(97,'SILVIA HELENA A. DE OLIVEIRA','1877','68984033054',NULL,'',1,NULL,NULL,NULL,16),(98,'SIMONE ARAUJO DA SILVA','3436','68999070699',NULL,'',1,NULL,NULL,NULL,16),(99,'THIAGO FONTENELE','3606','68992285052',NULL,'thiagomendesf@gmail.com',1,NULL,NULL,NULL,16),(100,'THIAGO GOUVEIA DE ASSIS',NULL,'68999746421',NULL,NULL,1,NULL,NULL,NULL,16),(101,'VALDECIR NICACIO DE LIMA',NULL,'68999920132',NULL,'nikilima@yahoo.com.br',2,NULL,NULL,NULL,16),(102,'VALMIRA SAID GANUN','1770','68999730066',NULL,'valganun@bol.com.br',1,NULL,NULL,NULL,16),(103,'VANESSA MARTINS DE OLIVEIRA MOTTA','2505','68999822281',NULL,'',1,NULL,NULL,NULL,16),(104,'WELLIGTON DE OLIVEIRA MOREIRA',NULL,'68984144480',NULL,NULL,1,NULL,NULL,NULL,16),(105,'WHELITON SOUZA DA SILVA',NULL,'68999671051',NULL,NULL,1,NULL,NULL,NULL,16),(106,'WILLIANE ANTÔNIA SOARES PEREIRA','2286','68999788810',NULL,' williane.pereira@hotmail.com ',1,NULL,NULL,NULL,16),(107,'YONARA MARIA CORDEIRO DE SOUZA','2849','68999002384',NULL,'',1,NULL,NULL,NULL,16),(108,'YONE BIGGI','510','68999853498',NULL,'',1,NULL,NULL,NULL,16),(109,'ABRAÃO ELIAS ABUGOCHE PAES','2723','6800000000',NULL,NULL,1,NULL,NULL,NULL,16),(110,'Cataryny de Castro Avelino','3474','68992073736',NULL,'catarynyac@gmail.com',1,NULL,NULL,NULL,16),(111,'Renato Marcel F. da Silveira','4241','68999130566',NULL,'renatomarcell@hotmail.com',1,NULL,NULL,NULL,16),(112,'Lis Diniz Lima','4462','68999924412',NULL,'lisdiniz@hotmail.com',1,NULL,NULL,NULL,16),(113,'Kelen Rejane Nunes Sobrinho','3098','68992046462','68999534649','kelennunes@hotmail.com',1,NULL,NULL,NULL,16),(114,'Larissa Ferreira da Silva','3510','6892265955',NULL,'advlarissa@yahoo.com.br',1,NULL,NULL,NULL,16),(115,'Rafaela Maciel Ferreira','2669','68999937276',NULL,'rafaela_ac@yahoo.com.br',1,NULL,NULL,NULL,16),(116,'Mayara Viana','3758','68999541064',NULL,NULL,2,NULL,NULL,NULL,16),(117,'Antônio Sérgio Blasquez Sá','4593','68999004750',NULL,NULL,1,NULL,NULL,NULL,16),(118,'Edson Américo Manchini','1171','68984264087',NULL,NULL,1,NULL,NULL,NULL,16),(119,'JACQUELINE MELLO DE SOUZA PINHEIRO','1342','68999823311',NULL,NULL,1,NULL,NULL,NULL,16),(120,'Marcelo da Silva Pereira','3776','68999837747',NULL,NULL,1,NULL,NULL,NULL,16),(121,'Ana Paula Assumção','4157','68999736807',NULL,NULL,1,NULL,NULL,NULL,16),(122,'Gerlúcia Afonso de Almeida Magalhães','3857','68999414570',NULL,NULL,1,NULL,NULL,NULL,16),(123,'Tainá Bezerra de Lima','4520','68992326671',NULL,NULL,1,NULL,NULL,NULL,16),(124,'Suzana Barbosa Melo da Costa','3910','68992054118',NULL,NULL,1,NULL,NULL,NULL,16),(125,'PAULO BARRETO',NULL,'68999924378',NULL,NULL,1,NULL,NULL,NULL,16),(126,'AFRANIO ALVES JUSTO','3741','68992423030',NULL,NULL,1,NULL,NULL,NULL,16),(127,'Nailton Renato da Cunha Silva','3250','68999956217',NULL,NULL,1,NULL,NULL,NULL,16),(128,'Josué Alexandre de Oliveira Júnior','4517','68992055649',NULL,NULL,2,NULL,NULL,NULL,16),(129,'Shelley Torres de Oliveira',NULL,'68999200013',NULL,'',1,NULL,NULL,NULL,16),(130,'Simmel Sheldon de Almeida Lopes','4319','68984129406',NULL,NULL,1,NULL,NULL,NULL,16),(131,'José Luiz Gondim dos Santos','2420','68999069072',NULL,NULL,1,NULL,NULL,NULL,16),(132,'Livia Maria Firmino Leite','4306','68999710949',NULL,NULL,1,NULL,NULL,NULL,16);
/*!40000 ALTER TABLE `advogado` ENABLE KEYS */;
UNLOCK TABLES;

--
-- Table structure for table `bairro`
--

DROP TABLE IF EXISTS `bairro`;
/*!40101 SET @saved_cs_client     = @@character_set_client */;
/*!40101 SET character_set_client = utf8 */;
CREATE TABLE `bairro` (
  `id` int(11) NOT NULL AUTO_INCREMENT,
  `nome` varchar(100) DEFAULT NULL,
  `regional_id` int(11) DEFAULT '0',
  `cidade_id` int(10) unsigned DEFAULT '0',
  PRIMARY KEY (`id`),
  KEY `fk_Bairro_regional1_idx` (`regional_id`),
  KEY `fk_bairro_cidade1_idx` (`cidade_id`)
) ENGINE=InnoDB AUTO_INCREMENT=230 DEFAULT CHARSET=latin1;
/*!40101 SET character_set_client = @saved_cs_client */;

--
-- Dumping data for table `bairro`
--

LOCK TABLES `bairro` WRITE;
/*!40000 ALTER TABLE `bairro` DISABLE KEYS */;
INSERT INTO `bairro` (`id`, `nome`, `regional_id`, `cidade_id`) VALUES (1,'ABRAAO ALAB',6,16),(2,'AEROPORTO VELHO',4,16),(3,'ALEGRIA',5,16),(4,'ALTO ALEGRE',10,16),(5,'APOLONIO SALES',9,16),(6,'AREAL',8,16),(7,'AVIARIO',2,16),(8,'AYRTON SENA',4,16),(9,'BAHIA',4,16),(10,'BAHIA NOVA',4,16),(11,'BELA VISTA',6,16),(12,'BELO JARDIM II',1,16),(13,'BOA UNIAO',4,16),(14,'BOSQUE',2,16),(15,'CADEIA VELHA',2,16),(16,'CALAFATE',3,16),(17,'CENTRO',2,16),(18,'CERÂMICA',2,16),(19,'CHICO MENDES',9,16),(20,'CIDADE NOVA',8,16),(21,'COMARA',8,16),(22,'UNIVERSITÁRIO',5,16),(23,'DEFESA CIVIL',10,16),(24,'DISTRITO INDUSTRIAL',5,16),(25,'ESTACAO EXPERIMENTAL',5,16),(26,'FLORESTA',6,16),(27,'GERALDO FLEMING',5,16),(28,'GLORIA',4,16),(29,'JARDIM ELDORADO',9,16),(30,'JARDIM EUROPA',3,16),(31,'JARDIM PRIMAVERA',5,16),(32,'JOAO EDUARDO',4,16),(33,'JORGE LAVOCAT',10,16),(34,'JOSE AUGUSTO',2,16),(35,'MANOEL JULIAO',5,16),(36,'MAURO BITTAR',6,16),(37,'MOCINHA MAGALHAES',5,16),(38,'MORADA DO SOL',2,16),(39,'NOVA ESPERANCA',6,16),(40,'PALHEIRAL',4,16),(41,'PLACAS',9,16),(42,'PREVENTORIO',4,16),(43,'QUINZE',8,16),(44,'RAIMUNDO MELO',10,16),(45,'RECANTOS DOS BURITIS',1,16),(46,'RUI LINO',5,16),(47,'SANTA CECILIA',1,16),(48,'SANTA INES',1,16),(49,'SANTA MARIA',11,16),(50,'SANTA QUITERIA',5,16),(51,'SEGUNDO DISTRITO',8,16),(52,'SEIS DE AGOSTO',8,16),(53,'SÃO FRANCISCO',9,16),(54,'SOBRAL',4,16),(55,'TANCREDO NEVES',10,16),(56,'TAQUARI',8,16),(57,'TRIÂNGULO VELHO',8,16),(58,'TROPICAL',2,16),(59,'VILA ACRE',11,16),(60,'VILA ALBERT SAMPAIO',1,16),(61,'VILA BENFICA',11,16),(62,'VILA IVONETE',2,16),(63,'XAVIER MAIA',10,16),(64,'CONQUISTA',5,16),(65,'ZONA RURAL',7,16),(66,'NOVA ESTACAO',5,16),(72,'CRUZEIRO DO SUL',17,6),(74,'FEIJÓ',19,8),(76,'MÂNCIO LIMA',21,10),(82,'RODRIGUES ALVES',27,17),(85,'SENADOR GUIOMARD',30,20),(87,'XAPURI',32,22),(88,'AREAL',29,19),(89,'BOM SUCESSO',29,19),(90,'BOSQUE',29,19),(91,'CENTRO',29,19),(92,'CIDADE NOVA',29,19),(93,'CRISTO LIBERTADOR',29,19),(94,'CSU',29,19),(95,'NITERÓI',29,19),(96,'PISTA',29,19),(97,'TRIÂNGULO',29,19),(98,'VILA MILITAR',29,19),(99,'VITÓRIA',29,19),(100,'ZONA RURAL',29,19),(103,'CENTRO',31,21),(104,'COPACABANA',31,21),(105,'CORCOVADO',31,21),(106,'SENADOR POMPEU',31,21),(107,'TRIÂNGULO',31,21),(108,'ZONA RURAL',31,21),(110,'CIDADE NOVA',28,18),(111,'ZONA RURAL',28,18),(113,'ZONA RURAL',26,15),(114,'CENTRO',25,14),(115,'PROJETO HUMAITÁ',25,14),(116,'VILA DO INCRA',25,14),(117,'VILA DO V',25,14),(118,'ZONA RURAL',25,14),(121,'CENTRO',24,13),(122,'OLARIA',24,13),(123,'VILA CAMPINAS',24,13),(124,'ZONA RURAL',24,13),(128,'CENTRO',23,12),(129,'ZONA RURAL',23,12),(131,'ANÍBAL SARAIVA',22,11),(132,'CENTRO',22,11),(133,'SÃO FRANCISCO',22,11),(134,'ZONA RURAL',22,11),(138,'AEROPORTO',18,7),(139,'CENTRO',18,7),(140,'JOSE HASSEM',18,7),(141,'LIBERDADE',18,7),(142,'SATEL',18,7),(143,'ZONA RURAL',18,7),(145,'CENTRO',16,5),(146,'CONQUISTA',16,5),(147,'ZONA RURAL',16,5),(148,'BUJARI',15,4),(149,'CENTRO',15,4),(150,'ZONA RURAL',15,4),(151,'CENTRO',14,3),(152,'ELDORADO',14,3),(153,'FERREIRA DA SILVA',14,3),(154,'LEONARDO BARBOSA',14,3),(155,'RAIMUNDO CHAAR',14,3),(156,'ZONA RURAL',14,3),(158,'BELA VISTA',13,2),(159,'CASCATA',13,2),(160,'CENTRO',13,2),(161,'ZONA RURAL',13,2),(165,'CENTRO',12,1),(166,'ZONA RURAL',12,1),(167,'CENTRO',26,15),(168,'CENTRO',28,18),(169,'ANA VIEIRA',29,19),(170,'AVELINO LEAL',31,21),(171,'FRANCISCO MOREIRA',14,3),(172,'25 DE AGOSTO',17,6),(173,'AEROPORTO VELHO',17,6),(174,'ALUMÍNIO',17,6),(175,'ARTUR MAIA',17,6),(176,'CENTRO',17,6),(177,'COBAL',17,6),(178,'COPACABANA',17,6),(179,'CRUZEIRINHO NOVO',17,6),(180,'FLORESTA',17,6),(181,'JOÂO ALVES',17,6),(182,'MANOEL TERÇAS',17,6),(183,'MORRO DA GLÓRIA',17,6),(184,'NOSSA SENHORA DAS GRAÇCAS',17,6),(185,'O CRUZEIRÃO',17,6),(186,'REMANSO',17,6),(187,'SÃO CRISTOVÃO',17,6),(188,'SÃO JOSÉ',17,6),(189,'SEGUNDO DISTRITO',17,6),(190,'TELÉGRAFO',17,6),(191,'VÁRZEA',17,6),(192,'ZONA RURAL',17,6),(193,'CENTRO',0,9),(194,'ZONA RURAL',0,9),(195,'CENTRO',0,10),(196,'IRACEMA',0,10),(197,'SÃO FRANCISCO',0,10),(198,'SÃO VIDAL',0,10),(199,'ZONA RURAL',0,10),(200,'CENTRO',0,17),(201,'ZONA RURAL',0,17),(202,'CENTRO',0,20),(203,'COHAB',0,20),(204,'DEMOCRACIA',0,20),(205,'JARDIM BOTÂNICO',0,20),(206,'NAIRE LEITE',0,20),(207,'SÃO FRANCISCO',0,20),(208,'TRIUNFO',0,20),(209,'ZONA RURAL',0,20),(210,'CENTRO',0,22),(211,'MUTIRÃO',0,22),(212,'SIBERIA',0,22),(213,'ZONA RURAL',0,22),(214,'CIDADE DO POVO',1,16),(215,'PORTAL DA AMAZONIA',3,16),(216,'SANTO AFONSO',1,16),(217,'TUCUMÃ',5,16),(218,'ELDORADO',9,16),(219,'CORRENTE',11,16),(220,'BELO JARDIM I',1,16),(221,'CENTRO',0,8),(222,'CIDADE NOVA',0,8),(223,'ZONA RURAL',0,8),(224,'COHAB I',0,8),(225,'ESPERANÇA',0,8),(226,'SEGUNDO DISTRITO',0,8),(227,'NAIR ARAÚJO',0,8),(228,'BELA VISTA',0,8),(229,'ADALBERTO SENA',10,16);
/*!40000 ALTER TABLE `bairro` ENABLE KEYS */;
UNLOCK TABLES;

--
-- Table structure for table `candidato`
--

DROP TABLE IF EXISTS `candidato`;
/*!40101 SET @saved_cs_client     = @@character_set_client */;
/*!40101 SET character_set_client = utf8 */;
CREATE TABLE `candidato` (
  `id` int(11) NOT NULL AUTO_INCREMENT,
  `nome` varchar(100) NOT NULL,
  `cargo` int(11) NOT NULL,
  `idpartido` int(11) NOT NULL,
  `idcidade` int(11) NOT NULL,
  `numero` int(11) unsigned NOT NULL DEFAULT '0',
  `status` int(11) unsigned DEFAULT '1',
  `celular1` varchar(14) DEFAULT NULL,
  `celular2` varchar(14) DEFAULT NULL,
  PRIMARY KEY (`id`)
) ENGINE=InnoDB AUTO_INCREMENT=2230 DEFAULT CHARSET=latin1;
/*!40101 SET character_set_client = @saved_cs_client */;

--
-- Dumping data for table `candidato`
--

LOCK TABLES `candidato` WRITE;
/*!40000 ALTER TABLE `candidato` DISABLE KEYS */;
INSERT INTO `candidato` (`id`, `nome`, `cargo`, `idpartido`, `idcidade`, `numero`, `status`, `celular1`, `celular2`) VALUES (1,'ARISTON',1,8,1,45,1,NULL,NULL),(2,'CAETANO',1,7,1,40,1,NULL,NULL),(3,'DJALMA',1,16,1,11,1,NULL,NULL),(4,'FRANCISCA BASILIO',1,25,1,10,1,NULL,NULL),(5,'GRESSO',1,3,1,12,1,NULL,NULL),(6,'ADAO DA LINHA 05',2,25,1,10700,1,NULL,NULL),(7,'ALESSANDRO',2,3,1,12444,1,NULL,NULL),(8,'ALEXANDRE SIMEAO',2,5,1,25123,1,NULL,NULL),(9,'ALISSANDRO',2,25,1,10777,1,NULL,NULL),(10,'ANDREIA PINHEIRO',2,1,1,15222,1,NULL,NULL),(11,'ANTONIA',2,3,1,12789,1,NULL,NULL),(12,'BAIXINHA',2,25,1,10111,1,NULL,NULL),(13,'BERGUE SILVA',2,7,1,40000,1,NULL,NULL),(14,'BIA',2,4,1,13500,1,NULL,NULL),(15,'BRANDAO',2,4,1,13333,1,NULL,NULL),(16,'BURRINHO',2,16,1,11601,1,NULL,NULL),(17,'CALANGO',2,6,1,65123,1,NULL,NULL),(18,'CAMILA BEZERRA',2,8,1,45789,1,NULL,NULL),(19,'CATIA JARDIM',2,8,1,45555,1,NULL,NULL),(20,'CLAUDECIRA',2,16,1,11444,1,NULL,NULL),(21,'CLAUDEMIR',2,31,1,90555,1,NULL,NULL),(22,'CRISPIM',2,23,1,19190,1,NULL,NULL),(23,'CUTIARA',2,16,1,11121,1,NULL,NULL),(24,'DAIA DO GRANADA',2,8,1,45345,1,NULL,NULL),(25,'DARLI',2,3,1,12555,1,NULL,NULL),(26,'DEYBE PEREIRA',2,12,1,44999,1,NULL,NULL),(27,'DJALMA BRITO',2,8,1,45678,1,NULL,NULL),(28,'DR VICTOR',2,5,1,25555,1,NULL,NULL),(29,'EDILÁINE LOPES',2,16,1,11222,1,NULL,NULL),(30,'EDINEIA CANDIDA',2,16,1,11333,1,NULL,NULL),(31,'EDIVANE BERTO',2,25,1,10333,1,NULL,NULL),(32,'ELAINE LOPES',2,27,1,22123,1,NULL,NULL),(33,'ELIAS MAIA',2,24,1,17123,1,NULL,NULL),(34,'ESTEVAO',2,4,1,13115,1,NULL,NULL),(35,'EUGENES SALMENTO',2,16,1,11234,1,NULL,NULL),(36,'FÁTIMA',2,3,1,12666,1,NULL,NULL),(37,'GILBERTO SALMENTES',2,24,1,17555,1,NULL,NULL),(38,'GILMAR',2,3,1,12345,1,NULL,NULL),(39,'ÍNDIO',2,23,1,19123,1,NULL,NULL),(40,'IVANIR VASCONCELOS',2,7,1,40789,1,NULL,NULL),(41,'JEAN SALDANHA',2,24,1,17456,1,NULL,NULL),(42,'JERSON',2,4,1,13131,1,NULL,NULL),(43,'JHONATAS CARVALHO',2,16,1,11000,1,NULL,NULL),(44,'JOÃO BONETTE',2,4,1,13111,1,NULL,NULL),(45,'JOSUE',2,31,1,90000,1,NULL,NULL),(46,'KELLYANE SILVA',2,12,1,44000,1,NULL,NULL),(47,'LEANDRO CAMARA',2,8,1,45645,1,NULL,NULL),(48,'LU DA BANANINHA',2,8,1,45321,1,NULL,NULL),(49,'LUSIA DO RAMAL DO CARLAO',2,7,1,40040,1,NULL,NULL),(50,'MANO DO POVO',2,25,1,10500,1,NULL,NULL),(51,'MANOELZINHO DA 7',2,16,1,11555,1,NULL,NULL),(52,'MARCELIN RAMOS',2,27,1,22000,1,NULL,NULL),(53,'MARCELO BREGUEDO',2,25,1,10800,1,NULL,NULL),(54,'MARIA CONCEIÇÃO',2,25,1,10123,1,NULL,NULL),(55,'MARINHO ROCHA',2,8,1,45111,1,NULL,NULL),(56,'MARTA MORETTI',2,21,1,27000,1,NULL,NULL),(57,'MAURO DO GRANADA',2,1,1,15120,1,NULL,NULL),(58,'MOISES FABRONI DO GRANADA',2,7,1,40567,1,NULL,NULL),(59,'NEGA',2,4,1,13300,1,NULL,NULL),(60,'NELSINHO',2,4,1,13000,1,NULL,NULL),(61,'NILTON CEZAR',2,12,1,44444,1,NULL,NULL),(62,'NINA DO GUTO',2,31,1,90111,1,NULL,NULL),(63,'PAULO DA DIVISA',2,7,1,40111,1,NULL,NULL),(64,'PAUMIRIM',2,23,1,19111,1,NULL,NULL),(65,'PROFESSOR LINHARES',2,8,1,45000,1,NULL,NULL),(66,'PROFESSOR ODILON',2,21,1,27777,1,NULL,NULL),(67,'PROFESSOR VALDECIR',2,16,1,11456,1,NULL,NULL),(68,'PROFESSOR VALDERI',2,24,1,17000,1,NULL,NULL),(69,'PROFESSOR VILSON',2,28,1,55000,1,NULL,NULL),(70,'PROFESSORA DENICE',2,3,1,12222,1,NULL,NULL),(71,'RAIMUNDA NONATA',2,25,1,10200,1,NULL,NULL),(72,'RODRIGO FRETEIRO',2,16,1,11200,1,NULL,NULL),(73,'ROSA DO EURICO',2,31,1,90999,1,NULL,NULL),(74,'ROSA TUCANDEIRA',2,25,1,10300,1,NULL,NULL),(75,'ROZENO',2,28,1,55123,1,NULL,NULL),(76,'SANDRA',2,28,1,55222,1,NULL,NULL),(77,'SARGENTO ASSUNÇÃO',2,25,1,10222,1,NULL,NULL),(78,'SEIR RAMOS',2,8,1,45045,1,NULL,NULL),(79,'SERGIO DUARTE',2,5,1,25625,1,NULL,NULL),(80,'SIDNEY PAIVA',2,25,1,10000,1,NULL,NULL),(81,'SIONAYTON',2,16,1,11111,1,NULL,NULL),(82,'TEKA',2,4,1,13100,1,NULL,NULL),(83,'TIÃO BENICIO',2,31,1,90234,1,NULL,NULL),(84,'TIÃO MIGUEL',2,7,1,40580,1,NULL,NULL),(85,'TIRIRICA',2,28,1,55555,1,NULL,NULL),(86,'UILHIAN DE MANAUS',2,27,1,22222,1,NULL,NULL),(87,'VALMIR DA SAUDE',2,16,1,11123,1,NULL,NULL),(88,'VIVIANE CARRILHA',2,24,1,17111,1,NULL,NULL),(89,'WANDERLI DO JAJÁ',2,7,1,40123,1,NULL,NULL),(90,'YEDA DA LOTERICA',2,16,1,11233,1,NULL,NULL),(91,'ZE CARLOS PINTOR',2,7,1,40234,1,NULL,NULL),(92,'ZÉ CAROLINO',2,21,1,27123,1,NULL,NULL),(93,'ZÉ MARIA',2,1,1,15678,1,NULL,NULL),(94,'ZÉ MARIA XAVIER',2,8,1,45123,1,NULL,NULL),(95,'ZE RICARDO',2,25,1,10456,1,NULL,NULL),(96,'ZEZINHO DA SAUDE',2,31,1,90123,1,NULL,NULL),(97,'PILIQUE',1,6,2,65,1,NULL,NULL),(98,'SERJÃO',1,5,2,25,1,NULL,NULL),(99,'ZUM',1,8,2,45,1,NULL,NULL),(100,'ANA CLAUDIA',2,28,2,55551,1,NULL,NULL),(101,'ANTÔNIO CUNHA',2,16,2,11777,1,NULL,NULL),(102,'ANTONIO MARINHO',2,16,2,11258,1,NULL,NULL),(103,'AROLDO',2,1,2,15567,1,NULL,NULL),(104,'BITA GADELHA',2,27,2,22022,1,NULL,NULL),(105,'CLAUDIA',2,4,2,13456,1,NULL,NULL),(106,'CLEUMAR',2,27,2,22220,1,NULL,NULL),(107,'DAO',2,6,2,65013,1,NULL,NULL),(108,'DE OLIVEIRA',2,28,2,55100,1,NULL,NULL),(109,'DURINES JAMINAWA',2,6,2,65222,1,NULL,NULL),(110,'EDILSON MENDES',2,16,2,11333,1,NULL,NULL),(111,'EDILSON OLIVEIRA',2,16,2,11111,1,NULL,NULL),(112,'FREDE',2,6,2,65555,1,NULL,NULL),(113,'GILDA',2,27,2,22222,1,NULL,NULL),(114,'INES',2,10,2,20201,1,NULL,NULL),(115,'IOLANDA JAMINAWA',2,4,2,13131,1,NULL,NULL),(116,'IVELINA ARAUJO',2,4,2,13123,1,NULL,NULL),(117,'IZAIAS',2,4,2,13613,1,NULL,NULL),(118,'JAIRO',2,5,2,25000,1,NULL,NULL),(119,'LAZARO MANCHINERI',2,6,2,65123,1,NULL,NULL),(120,'MANOEL',2,4,2,13012,1,NULL,NULL),(121,'MANOEL ARAUJO',2,6,2,65144,1,NULL,NULL),(122,'MARIA',2,6,2,65789,1,NULL,NULL),(123,'MARIA BARBOSA',2,8,2,45455,1,NULL,NULL),(124,'MARIA MADALENA',2,6,2,65005,1,NULL,NULL),(125,'MAURIZETE',2,7,2,40000,1,NULL,NULL),(126,'MOURA',2,3,2,12123,1,NULL,NULL),(127,'MUNDIAL',2,16,2,11128,1,NULL,NULL),(128,'NAZARE',2,6,2,65234,1,NULL,NULL),(129,'NEGO',2,6,2,65567,1,NULL,NULL),(130,'NEINHA',2,6,2,65656,1,NULL,NULL),(131,'NONATO',2,24,2,17111,1,NULL,NULL),(132,'PAULO SALES',2,16,2,11677,1,NULL,NULL),(133,'PELECO',2,4,2,13130,1,NULL,NULL),(134,'PELEGRINA',2,8,2,45425,1,NULL,NULL),(135,'PIEL',2,28,2,55555,1,NULL,NULL),(136,'RAILTON',2,28,2,55333,1,NULL,NULL),(137,'REGINEI',2,14,2,43123,1,NULL,NULL),(138,'ROGERIO',2,1,2,15123,1,NULL,NULL),(139,'ROSANA',2,16,2,11666,1,NULL,NULL),(140,'SAMUEL',2,28,2,55000,1,NULL,NULL),(141,'THYERO',2,27,2,22111,1,NULL,NULL),(142,'TOINHA',2,6,2,65065,1,NULL,NULL),(143,'TUFIC',2,16,2,11123,1,NULL,NULL),(144,'VALSO',2,27,2,22777,1,NULL,NULL),(145,'VANDA',2,5,2,25222,1,NULL,NULL),(146,'VANESSA AMORIM',2,16,2,11000,1,NULL,NULL),(147,'VANUSA',2,28,2,55222,1,NULL,NULL),(148,'WALDEMIR',2,8,2,45400,1,NULL,NULL),(149,'WALDEMIR',2,4,2,13000,1,NULL,NULL),(150,'WANDIM DO JOEL',2,16,2,11606,1,NULL,NULL),(151,'ZE LIMA',2,6,2,65000,1,NULL,NULL),(152,'ZE PEREIRA',2,8,2,45445,1,NULL,NULL),(153,'FERNANDA HASSEM',1,4,3,13,1,NULL,NULL),(154,'MANOEL PRETE',1,8,3,45,1,NULL,NULL),(155,'ALCILETE',2,1,3,15215,1,NULL,NULL),(156,'ALDECI',2,25,3,10789,1,NULL,NULL),(157,'ANTONIA',2,25,3,10012,1,NULL,NULL),(158,'ANTONIA SOARES',2,4,3,13100,1,NULL,NULL),(159,'ANTONIO',2,25,3,10010,1,NULL,NULL),(160,'ANTONIO FRANCISCO',2,4,3,13123,1,NULL,NULL),(161,'ANTÔNIO ISMAEL',2,8,3,45111,1,NULL,NULL),(162,'ANTONIO LAURENTINO',2,3,3,12000,1,NULL,NULL),(163,'APARECIDA',2,8,3,45060,1,NULL,NULL),(164,'ARLETE',2,1,3,15678,1,NULL,NULL),(165,'ARLEUDO',2,3,3,12123,1,NULL,NULL),(166,'BAIANO',2,32,3,77777,1,NULL,NULL),(167,'BIL',2,1,3,15123,1,NULL,NULL),(168,'BUIA',2,4,3,13000,1,NULL,NULL),(169,'CHAGAS DIOGO',2,34,3,18999,1,NULL,NULL),(170,'CHARBEL REIS SAADY',2,16,3,11111,1,NULL,NULL),(171,'DACILANE',2,3,3,12012,1,NULL,NULL),(172,'DENILSON',2,7,3,40000,1,NULL,NULL),(173,'DR. NEMESIO',2,8,3,45000,1,NULL,NULL),(174,'DR. VALADARES',2,1,3,15456,1,NULL,NULL),(175,'EDU',2,4,3,13456,1,NULL,NULL),(176,'ELIAS CAETANO',2,16,3,11456,1,NULL,NULL),(177,'EPAMINONDAS',2,8,3,45123,1,NULL,NULL),(178,'EVARISTO - MANO',2,8,3,45045,1,NULL,NULL),(179,'FRANCISCA SERPA',2,8,3,45310,1,NULL,NULL),(180,'FRANCISCO RIBEIRO',2,4,3,13333,1,NULL,NULL),(181,'ITAMAR',2,8,3,45150,1,NULL,NULL),(182,'IZAM',2,3,3,12345,1,NULL,NULL),(183,'JAIR AMORIM',2,8,3,45345,1,NULL,NULL),(184,'JOAO BAIANO',2,16,3,11555,1,NULL,NULL),(185,'JOÃO ROCHA',2,1,3,15555,1,NULL,NULL),(186,'JOELSO PONTES',2,16,3,11234,1,NULL,NULL),(187,'JORGINHO DO POVO',2,31,3,90444,1,NULL,NULL),(188,'JOSÉ PAES',2,4,3,13789,1,NULL,NULL),(189,'JOSEANE PIMENTEL',2,4,3,13111,1,NULL,NULL),(190,'JURANDIR QUEIROZ',2,31,3,90222,1,NULL,NULL),(191,'KELISSANDRO',2,27,3,22000,1,NULL,NULL),(192,'LACERDA',2,6,3,65555,1,NULL,NULL),(193,'LENE RUFINO',2,4,3,13130,1,NULL,NULL),(194,'LEOMAR BARBOSA',2,6,3,65123,1,NULL,NULL),(195,'LEONIR',2,8,3,45333,1,NULL,NULL),(196,'LEUDE',2,7,3,40888,1,NULL,NULL),(197,'LIDA',2,25,3,10222,1,NULL,NULL),(198,'MACOB CAPOEIRA',2,7,3,40500,1,NULL,NULL),(199,'MARIA JOSANA',2,8,3,45040,1,NULL,NULL),(200,'MÁRIO DOS SANTOS',2,21,3,27123,1,NULL,NULL),(201,'MARIO JORGE',2,1,3,15800,1,NULL,NULL),(202,'MARIVALDO',2,1,3,15111,1,NULL,NULL),(203,'MARQUINHOS TIBURCIO',2,8,3,45678,1,NULL,NULL),(204,'NAHYARA',2,8,3,45050,1,NULL,NULL),(205,'NEIA DA FRONTEIRA',2,7,3,40999,1,NULL,NULL),(206,'NEIVA BADOTTI',2,31,3,90999,1,NULL,NULL),(207,'NETE DA GRÁFICA',2,1,3,15222,1,NULL,NULL),(208,'NILDA',2,1,3,15015,1,NULL,NULL),(209,'NILIANI AMORIM',2,16,3,11045,1,NULL,NULL),(210,'NIRA',2,16,3,11333,1,NULL,NULL),(211,'NOKINHO',2,7,3,40123,1,NULL,NULL),(212,'NORLENE',2,25,3,10123,1,NULL,NULL),(213,'PASTOR MARCELO',2,9,3,36000,1,NULL,NULL),(214,'PERUTHY',2,25,3,10313,1,NULL,NULL),(215,'PROF. ADOLFO PAULO',2,7,3,40111,1,NULL,NULL),(216,'PROF. ERINALDO MACIEL',2,31,3,90123,1,NULL,NULL),(217,'PROF. HILDSON MEIRELES',2,7,3,40444,1,NULL,NULL),(218,'PROFESSORA SEBASTIANA',2,16,3,11789,1,NULL,NULL),(219,'REINALDO GADELHA',2,1,3,15151,1,NULL,NULL),(220,'RICO BARROSO',2,3,3,12222,1,NULL,NULL),(221,'RILSOM',2,28,3,55123,1,NULL,NULL),(222,'ROGERIO PONTES',2,1,3,15600,1,NULL,NULL),(223,'ROMÁRIO MORAIS',2,31,3,90111,1,NULL,NULL),(224,'ROSILDO',2,4,3,13613,1,NULL,NULL),(225,'ROZEVETE',2,7,3,40777,1,NULL,NULL),(226,'SABÁ',2,4,3,13013,1,NULL,NULL),(227,'SEBASTIANA',2,7,3,40222,1,NULL,NULL),(228,'TEREZA COM CERTEZA',2,4,3,13600,1,NULL,NULL),(229,'THIAGO',2,5,3,25000,1,NULL,NULL),(230,'VALMIR RIBEIRO',2,16,3,11011,1,NULL,NULL),(231,'VALQUIRIA',2,1,3,15223,1,NULL,NULL),(232,'WALMIR BRITO',2,4,3,13113,1,NULL,NULL),(233,'WILKE DO DEMETRIO',2,25,3,10456,1,NULL,NULL),(234,'ZÉ GABRIELE',2,7,3,40333,1,NULL,NULL),(235,'ZENILDA NOGUEIRA',2,4,3,13222,1,NULL,NULL),(236,'ZEZINHO MORAES',2,16,3,11222,1,NULL,NULL),(237,'CLOVIS MELO',1,4,4,13,1,NULL,NULL),(238,'FRANCISCO BESSA',1,1,4,15,1,NULL,NULL),(239,'NETO PADEIRO',1,7,4,40,1,NULL,NULL),(240,'PADEIRO',1,7,4,40,1,NULL,NULL),(241,'ROMUALDO',1,6,4,65,1,NULL,NULL),(242,'ZILMAR',1,16,4,11,1,NULL,NULL),(243,'ADAILDO',2,4,4,13013,1,NULL,NULL),(244,'ADEMAR',2,21,4,27777,1,NULL,NULL),(245,'ALBANISA',2,28,4,55456,1,NULL,NULL),(246,'ÂNGELA',2,16,4,11888,1,NULL,NULL),(247,'ANTONIA',2,6,4,65666,1,NULL,NULL),(248,'APARECIDA CONSIGNADO',2,9,4,36123,1,NULL,NULL),(249,'BÁ DO ESPINHARA',2,1,4,15625,1,NULL,NULL),(250,'CABO NONATO',2,16,4,11210,1,NULL,NULL),(251,'CARLOS DO ANTIMARY',2,6,4,65000,1,NULL,NULL),(252,'CEARÁ DA FARMÁCIA',2,1,4,15000,1,NULL,NULL),(253,'CELIA',2,10,4,20333,1,NULL,NULL),(254,'CELSON DO DANTINHA',2,6,4,65678,1,NULL,NULL),(255,'CHAGUINHA',2,31,4,90222,1,NULL,NULL),(256,'CHICO DO PÓLO',2,3,4,12222,1,NULL,NULL),(257,'CHICO LOPES',2,12,4,44444,1,NULL,NULL),(258,'CLEISSA',2,3,4,12000,1,NULL,NULL),(259,'CRICIANE',2,3,4,12221,1,NULL,NULL),(260,'DEBORA',2,6,4,65111,1,NULL,NULL),(261,'DINÁ',2,1,4,15222,1,NULL,NULL),(262,'DR. EDNEI QUEROS',2,9,4,36789,1,NULL,NULL),(263,'EDMILSON',2,6,4,65051,1,NULL,NULL),(264,'ELIANE ROSITA',2,16,4,11111,1,NULL,NULL),(265,'ELSON DO COROCA',2,1,4,15555,1,NULL,NULL),(266,'EMILSON',2,16,4,11333,1,NULL,NULL),(267,'EURICO',2,27,4,22000,1,NULL,NULL),(268,'EVERALDO CAMILO',2,1,4,15333,1,NULL,NULL),(269,'FERNANDO GUEDES',2,16,4,11000,1,NULL,NULL),(270,'FLÁVIO',2,28,4,55555,1,NULL,NULL),(271,'FRANCISCÃO',2,1,4,15789,1,NULL,NULL),(272,'GEILDO',2,3,4,12345,1,NULL,NULL),(273,'GERALDO',2,6,4,65333,1,NULL,NULL),(274,'ILMARA',2,16,4,11777,1,NULL,NULL),(275,'INGREDY',2,6,4,65999,1,NULL,NULL),(276,'IRENE DO POLO',2,1,4,15111,1,NULL,NULL),(277,'IRMÃ MARIA',2,16,4,11999,1,NULL,NULL),(278,'IRMÃ PAULA',2,27,4,22111,1,NULL,NULL),(279,'IVANETE',2,6,4,65222,1,NULL,NULL),(280,'JANIO',2,3,4,12111,1,NULL,NULL),(281,'JOAO DO CREDIARIO',2,25,4,10000,1,NULL,NULL),(282,'JOSIMAR CABELUDO',2,1,4,15444,1,NULL,NULL),(283,'KATIUSCIA',2,20,4,31031,1,NULL,NULL),(284,'KBÇA',2,1,4,15321,1,NULL,NULL),(285,'LENINHA',2,31,4,90123,1,NULL,NULL),(286,'LENIR',2,1,4,15123,1,NULL,NULL),(287,'LÚ MACHADO',2,16,4,11121,1,NULL,NULL),(288,'LUCIANO DA SAÚDE',2,25,4,10123,1,NULL,NULL),(289,'LUZIENE ARAUJO',2,12,4,44555,1,NULL,NULL),(290,'MAGRINHO',2,10,4,20777,1,NULL,NULL),(291,'MÁRCIO DO JACARÉ',2,5,4,25234,1,NULL,NULL),(292,'MARIAZINHA',2,1,4,15456,1,NULL,NULL),(293,'MARIELDO',2,8,4,45123,1,NULL,NULL),(294,'MARIVALDO',2,4,4,13131,1,NULL,NULL),(295,'MEIRE',2,1,4,15015,1,NULL,NULL),(296,'MOISES PINHEIRO',2,27,4,22123,1,NULL,NULL),(297,'NARCISO',2,16,4,11222,1,NULL,NULL),(298,'NEGO VIANA',2,4,4,13123,1,NULL,NULL),(299,'NENO',2,28,4,55122,1,NULL,NULL),(300,'NETINHO DA SUMAIA',2,20,4,31123,1,NULL,NULL),(301,'NETO BURREGO',2,16,4,11444,1,NULL,NULL),(302,'NETO PADEIRO',2,7,4,40123,1,NULL,NULL),(303,'OLIVEIRA FRETEIRO',2,31,4,90000,1,NULL,NULL),(304,'PARANÁ',2,16,4,11123,1,NULL,NULL),(305,'POLACO',2,1,4,15150,1,NULL,NULL),(306,'PROFESSOR VADINHA',2,28,4,55123,1,NULL,NULL),(307,'RAIMUNDINHO',2,6,4,65555,1,NULL,NULL),(308,'RAMISSON',2,6,4,65123,1,NULL,NULL),(309,'RAQUEL SANTOS',2,26,4,50123,1,NULL,NULL),(310,'ROMEU',2,25,4,10000,1,NULL,NULL),(311,'ROSA',2,35,4,35555,1,NULL,NULL),(312,'ROZÁRIO DO CAI NÁGUA',2,1,4,15666,1,NULL,NULL),(313,'RUI TAXISTA',2,7,4,40000,1,NULL,NULL),(314,'SAMUEL',2,16,4,11234,1,NULL,NULL),(315,'SANTILEUDI SOUZA',2,1,4,15777,1,NULL,NULL),(316,'SAULO ROBERTO',2,16,4,11122,1,NULL,NULL),(317,'SEBASTIÃO CANUTO',2,27,4,22222,1,NULL,NULL),(318,'SILVA',2,21,4,27123,1,NULL,NULL),(319,'SILVIO BESSA',2,10,4,20000,1,NULL,NULL),(320,'TAÍS CUNHA',2,28,4,55222,1,NULL,NULL),(321,'TATU',2,28,4,55000,1,NULL,NULL),(322,'THAIS',2,21,4,27333,1,NULL,NULL),(323,'TOTONHO',2,16,4,11555,1,NULL,NULL),(324,'VEREADOR LUIZ PEIXE',2,5,4,25888,1,NULL,NULL),(325,'WELLINGTON',2,30,4,51000,1,NULL,NULL),(326,'WILMAR RAMOS',2,4,4,13333,1,NULL,NULL),(327,'ZICO',2,12,4,44123,1,NULL,NULL),(328,'DAMIÃO',1,4,5,13,1,NULL,NULL),(329,'LIDIA',1,7,5,40,1,NULL,NULL),(330,'MANOEL MAIA',1,5,5,25,1,NULL,NULL),(331,'VAREDA',1,27,5,22,1,NULL,NULL),(332,'ZÉ AUGUSTO',1,16,5,11,1,NULL,NULL),(333,'AMANCIA',2,7,5,40444,1,NULL,NULL),(334,'ANTONIO JOSE',2,25,5,10777,1,NULL,NULL),(335,'ANTONIO VOZ DA SELVA',2,28,5,55100,1,NULL,NULL),(336,'AQUIMAR ESTACIO',2,6,5,65111,1,NULL,NULL),(337,'BONECA',2,28,5,55222,1,NULL,NULL),(338,'BRADOK',2,16,5,11111,1,NULL,NULL),(339,'CHARLES OLIVEIRA',2,27,5,22123,1,NULL,NULL),(340,'CHARLES TESSINARI',2,20,5,31234,1,NULL,NULL),(341,'CHIGO GOMES',2,7,5,40123,1,NULL,NULL),(342,'CRISTIANO',2,21,5,27234,1,NULL,NULL),(343,'DÃO',2,8,5,45121,1,NULL,NULL),(344,'DÃO CAVALCANTE',2,8,5,45000,1,NULL,NULL),(345,'DARLA PENHA',2,4,5,13003,1,NULL,NULL),(346,'DEUSA',2,5,5,25444,1,NULL,NULL),(347,'DEUSIMAR',2,4,5,13013,1,NULL,NULL),(348,'DINEY',2,1,5,15007,1,NULL,NULL),(349,'DOUGLAS NASCIMENTO',2,20,5,31031,1,NULL,NULL),(350,'DYANE',2,21,5,27789,1,NULL,NULL),(351,'EDSON',2,7,5,40400,1,NULL,NULL),(352,'ELIAS CAMILO',2,3,5,12300,1,NULL,NULL),(353,'ELIEL MOURA',2,8,5,45450,1,NULL,NULL),(354,'ELIELSON LIMA',2,20,5,31000,1,NULL,NULL),(355,'EUDES',2,7,5,40222,1,NULL,NULL),(356,'EUDES ALMEIDA',2,27,5,22222,1,NULL,NULL),(357,'EVINHA',2,27,5,22333,1,NULL,NULL),(358,'FATIMA',2,7,5,40000,1,NULL,NULL),(359,'FLAVIANO',2,5,5,25123,1,NULL,NULL),(360,'FRANÇA',2,27,5,22345,1,NULL,NULL),(361,'GÊ',2,1,5,15120,1,NULL,NULL),(362,'GEANE SILVA',2,8,5,45555,1,NULL,NULL),(363,'GEANE SILVA',2,8,5,45555,1,NULL,NULL),(364,'GIDEÃO',2,3,5,12123,1,NULL,NULL),(365,'GILBERTO PINTOR',2,27,5,22000,1,NULL,NULL),(366,'GILSON ROCHA',2,16,5,11345,1,NULL,NULL),(367,'IRIELE CASTELAN',2,3,5,12012,1,NULL,NULL),(368,'IRMÃO JAIR',2,1,5,15123,1,NULL,NULL),(369,'JANÉRIA TEODOZIO',2,4,5,13789,1,NULL,NULL),(370,'JOAO COTO',2,28,5,55111,1,NULL,NULL),(371,'JOELMA',2,4,5,13000,1,NULL,NULL),(372,'JORGE',2,7,5,40888,1,NULL,NULL),(373,'JORGE CAPOEIRO',2,4,5,13500,1,NULL,NULL),(374,'JOSIANO',2,8,5,45444,1,NULL,NULL),(375,'KEMY',2,28,5,55000,1,NULL,NULL),(376,'LEIDA',2,5,5,25111,1,NULL,NULL),(377,'LUCAS TAXISTA',2,2,5,14111,1,NULL,NULL),(378,'LUIZ RIBEIRO',2,7,5,40111,1,NULL,NULL),(379,'MARCONDE',2,5,5,25555,1,NULL,NULL),(380,'MARINALDO TIMOTEO',2,16,5,11123,1,NULL,NULL),(381,'MAZINHO',2,5,5,25666,1,NULL,NULL),(382,'MOLETINHA',2,12,5,44567,1,NULL,NULL),(383,'NEIDE',2,7,5,40555,1,NULL,NULL),(384,'NILCICLEIA BRAGA',2,16,5,11223,1,NULL,NULL),(385,'PASTOR RAIMUNDO PINTO',2,3,5,12765,1,NULL,NULL),(386,'PAULO DO TECLADO',2,16,5,11245,1,NULL,NULL),(387,'PROF. BARROSO',2,4,5,13123,1,NULL,NULL),(388,'PROFESSORA CLENILDA',2,1,5,15155,1,NULL,NULL),(389,'RAIMUNDINHO',2,21,5,27123,1,NULL,NULL),(390,'RICHARD',2,21,5,27000,1,NULL,NULL),(391,'ROCICLEIA FERREIRA',2,8,5,45000,1,NULL,NULL),(392,'ROGER',2,1,5,15555,1,NULL,NULL),(393,'ROMULO BARROS',2,28,5,55555,1,NULL,NULL),(394,'RONALDO',2,3,5,12000,1,NULL,NULL),(395,'SALMISTA',2,5,5,25333,1,NULL,NULL),(396,'SANDRO MARCELO',2,8,5,45123,1,NULL,NULL),(397,'SARA CARDOSO',2,13,5,23333,1,NULL,NULL),(398,'SARA FRANK',2,1,5,15111,1,NULL,NULL),(399,'SEBASTIÃO',2,3,5,12130,1,NULL,NULL),(400,'SILVANO BANDEIRA',2,4,5,13100,1,NULL,NULL),(401,'SIRLEI',2,27,5,22444,1,NULL,NULL),(402,'TAINA',2,20,5,31123,1,NULL,NULL),(403,'TAMILA DO JOÃO DA LUZ',2,5,5,25000,1,NULL,NULL),(404,'TEIO TESSINARI',2,16,5,11234,1,NULL,NULL),(405,'TIELLY LEAL',2,12,5,44123,1,NULL,NULL),(406,'TONHO DA BETE',2,6,5,65000,1,NULL,NULL),(407,'VALDIR',2,5,5,25222,1,NULL,NULL),(408,'VANICE',2,16,5,11122,1,NULL,NULL),(409,'VIDAL',2,27,5,22022,1,NULL,NULL),(410,'WENDERSON',2,21,5,27122,1,NULL,NULL),(411,'YANEIS MONTES',2,20,5,31111,1,NULL,NULL),(412,'ZÉ NILTON',2,8,5,45234,1,NULL,NULL),(413,'DELEGADA CARLA',1,7,6,40,1,NULL,NULL),(414,'HENRIQUE AFONSO',1,8,6,45,1,NULL,NULL),(415,'ILDERLEI CORDEIRO',1,1,6,15,1,NULL,NULL),(416,'ADOLFO ARAUJO',2,11,6,33456,1,NULL,NULL),(417,'ADSON BRITO',2,12,6,44555,1,NULL,NULL),(418,'AGAMEDES CAMELI',2,7,6,40000,1,NULL,NULL),(419,'ALAN',2,10,6,20235,1,NULL,NULL),(420,'ALBANO',2,9,6,36123,1,NULL,NULL),(421,'ALBECIR',2,6,6,65000,1,NULL,NULL),(422,'ALCIENE TAVARES',2,8,6,45123,1,NULL,NULL),(423,'ALDEMIR DO SÃO PEDRO',2,16,6,11100,1,NULL,NULL),(424,'ALDEMIR JUNIOR DO DEPASA',2,7,6,40555,1,NULL,NULL),(425,'ALDERLANDIA ROCHA',2,3,6,12122,1,NULL,NULL),(426,'ALTEMAR',2,8,6,45555,1,NULL,NULL),(427,'ANA PAULA',2,1,6,15123,1,NULL,NULL),(428,'ANA SOUZA',2,24,6,17325,1,NULL,NULL),(429,'ANDRES DO IGARAPÉ PRETO',2,12,6,44123,1,NULL,NULL),(430,'ANGELITA UCHÔA',2,1,6,15623,1,NULL,NULL),(431,'ANÍZIO CORREIA',2,7,6,40888,1,NULL,NULL),(432,'ANTÔNIO COSMO',2,1,6,15015,1,NULL,NULL),(433,'ANTONIO NETO',2,11,6,33121,1,NULL,NULL),(434,'APARECIDA DO VALDO',2,28,6,55222,1,NULL,NULL),(435,'ARMANDO',2,8,6,45678,1,NULL,NULL),(436,'ARNALDO DA BARBEARIA',2,21,6,27000,1,NULL,NULL),(437,'ARTEMISIA DO MÔA',2,25,6,10456,1,NULL,NULL),(438,'ARTUR ROSAS',2,8,6,45111,1,NULL,NULL),(439,'BERGSON',2,31,6,90000,1,NULL,NULL),(440,'BIL',2,5,6,25025,1,NULL,NULL),(441,'CABORÉ',2,28,6,55133,1,NULL,NULL),(442,'CABRAL',2,6,6,65234,1,NULL,NULL),(443,'CANINANA',2,21,6,27444,1,NULL,NULL),(444,'CARLINHOS',2,1,6,15121,1,NULL,NULL),(445,'CARMELIA SILVA',2,1,6,15456,1,NULL,NULL),(446,'CATIELE MACIEL',2,12,6,44000,1,NULL,NULL),(447,'CEARÁ',2,27,6,22777,1,NULL,NULL),(448,'CELIA',2,8,6,45444,1,NULL,NULL),(449,'CHAGUINHA DO POVO',2,3,6,12345,1,NULL,NULL),(450,'CHAGUINHA TOPOGRAFO',2,20,6,31100,1,NULL,NULL),(451,'CHARLES',2,28,6,55333,1,NULL,NULL),(452,'CINARA VIGA',2,1,6,15190,1,NULL,NULL),(453,'CLAUDIA ALVES',2,1,6,15115,1,NULL,NULL),(454,'CLEBISSON',2,8,6,45234,1,NULL,NULL),(455,'CLERTON SOUZA',2,21,6,27103,1,NULL,NULL),(456,'CLEUSSON SILVA',2,16,6,11133,1,NULL,NULL),(457,'CLICIA LOPES',2,12,6,44333,1,NULL,NULL),(458,'CLODOALDO',2,27,6,22222,1,NULL,NULL),(459,'CORONEL NASCIMENTO',2,4,6,13333,1,NULL,NULL),(460,'DAFIX DANTAS',2,16,6,11123,1,NULL,NULL),(461,'DANIEL RIBEIRO',2,1,6,15220,1,NULL,NULL),(462,'DARLENE DA ENFERMAGEM',2,27,6,22122,1,NULL,NULL),(463,'DEBORA HISA',2,4,6,13555,1,NULL,NULL),(464,'DESI OLIVEIRA',2,6,6,65111,1,NULL,NULL),(465,'DIONE SANTOS',2,1,6,15234,1,NULL,NULL),(466,'DORA',2,16,6,11555,1,NULL,NULL),(467,'DR.MARCOS TELES',2,1,6,15777,1,NULL,NULL),(468,'DUDA CATRAIEIRO',2,8,6,45222,1,NULL,NULL),(469,'EDMAR AZEVEDO',2,27,6,22100,1,NULL,NULL),(470,'EDMILSON',2,8,6,45789,1,NULL,NULL),(471,'EDSON DE PAULLA',2,8,6,45122,1,NULL,NULL),(472,'EDSON FERREIRA',2,3,6,12123,1,NULL,NULL),(473,'ELENILDO DA PESCA',2,16,6,11000,1,NULL,NULL),(474,'ELINETE',2,20,6,31444,1,NULL,NULL),(475,'ELÔ',2,27,6,22555,1,NULL,NULL),(476,'ENFERMEIRO GILMAR GILES',2,3,6,12999,1,NULL,NULL),(477,'ERIVELTON CASTRO',2,28,6,55100,1,NULL,NULL),(478,'ERLANIA',2,3,6,12111,1,NULL,NULL),(479,'ESTEVÃO JUNIOR',2,1,6,15619,1,NULL,NULL),(480,'EUDES',2,21,6,27123,1,NULL,NULL),(481,'EUTIMAR SOMBRA',2,25,6,10123,1,NULL,NULL),(482,'EVANDES',2,3,6,12333,1,NULL,NULL),(483,'EVANDRINHO DOS TECLADOS',2,6,6,65321,1,NULL,NULL),(484,'EVANDRO LIMA',2,25,6,10222,1,NULL,NULL),(485,'FERNANDO DINIZ',2,3,6,12555,1,NULL,NULL),(486,'FERNANDO KATUKINA',2,7,6,40222,1,NULL,NULL),(487,'FERNANDO TOMÉ',2,20,6,31111,1,NULL,NULL),(488,'FRANCINEY',2,4,6,13999,1,NULL,NULL),(489,'FRANCISCA EVANGELISTA',2,1,6,15222,1,NULL,NULL),(490,'FRANCISCO CONSTRUTOR',2,20,6,31031,1,NULL,NULL),(491,'FRANCISCO PINHO',2,1,6,15000,1,NULL,NULL),(492,'FRED',2,16,6,11222,1,NULL,NULL),(493,'FUMAÇA',2,21,6,27222,1,NULL,NULL),(494,'GARISSON MESSIAS',2,1,6,15111,1,NULL,NULL),(495,'GENILSON MAIA',2,25,6,10789,1,NULL,NULL),(496,'GIL',2,10,6,20233,1,NULL,NULL),(497,'GRAÇA',2,10,6,20555,1,NULL,NULL),(498,'GRACIETE',2,8,6,45999,1,NULL,NULL),(499,'INDIO CORONEL',2,20,6,31700,1,NULL,NULL),(500,'IRENI UCHOA',2,4,6,13400,1,NULL,NULL),(501,'ISNANDA FERNANDES',2,6,6,65333,1,NULL,NULL),(502,'IVANETE OLIVEIRA',2,25,6,10741,1,NULL,NULL),(503,'JACSON QUEIROZ',2,6,6,65123,1,NULL,NULL),(504,'JAILSON O JÁJÁ',2,5,6,25225,1,NULL,NULL),(505,'JAIRO DO SINDICATO',2,3,6,12000,1,NULL,NULL),(506,'JANETE COSTA',2,7,6,40789,1,NULL,NULL),(507,'JARDINHA DA COPA',2,24,6,17000,1,NULL,NULL),(508,'JESSICA MACIEL',2,21,6,27127,1,NULL,NULL),(509,'JOÃO MESTRE DE OBRA',2,20,6,31122,1,NULL,NULL),(510,'JOÃO TODO FEIO',2,1,6,15888,1,NULL,NULL),(511,'JOAREZ GOMES',2,21,6,27122,1,NULL,NULL),(512,'JURGLEIDE QUEIROZ',2,25,6,10190,1,NULL,NULL),(513,'KELEU',2,3,6,12012,1,NULL,NULL),(514,'LAZARO MIRITIZAL',2,24,6,17127,1,NULL,NULL),(515,'LEANDRO CANDIDO',2,24,6,17123,1,NULL,NULL),(516,'LEÔNIDAS FONTES',2,1,6,15555,1,NULL,NULL),(517,'LOURO DO CREDIARIO',2,20,6,31000,1,NULL,NULL),(518,'LUCADA',2,10,6,20122,1,NULL,NULL),(519,'LUCILA',2,1,6,15678,1,NULL,NULL),(520,'LUCIO DO POSTO DE SAUDE',2,1,6,15322,1,NULL,NULL),(521,'MADAME ELVINA',2,8,6,45333,1,NULL,NULL),(522,'MAGALHÃES',2,20,6,31222,1,NULL,NULL),(523,'MAIANES',2,1,6,15011,1,NULL,NULL),(524,'MAÍRLA ALMEIDA',2,4,6,13111,1,NULL,NULL),(525,'MAMEDE',2,21,6,27321,1,NULL,NULL),(526,'MANA',2,5,6,25123,1,NULL,NULL),(527,'MARCELA SALES',2,9,6,36555,1,NULL,NULL),(528,'MARCOS VENICIUS',2,25,6,10000,1,NULL,NULL),(529,'MARGILA SILVA',2,24,6,17321,1,NULL,NULL),(530,'MARIA DAS GRAÇAS',2,20,6,31032,1,NULL,NULL),(531,'MARIA TOMÉ',2,21,6,27555,1,NULL,NULL),(532,'MARIA ZENAIDE',2,16,6,11667,1,NULL,NULL),(533,'MARIAZINHA DO PASSO FUNDO',2,20,6,31123,1,NULL,NULL),(534,'MARINEIGILA',2,12,6,44111,1,NULL,NULL),(535,'MARISSON SALES',2,28,6,55123,1,NULL,NULL),(536,'MARIVALDO DA VARZEA',2,1,6,15444,1,NULL,NULL),(537,'MAURI SINHOR',2,1,6,15500,1,NULL,NULL),(538,'MAURICIO DINIZ',2,3,6,12121,1,NULL,NULL),(539,'MAZINHO',2,1,6,15600,1,NULL,NULL),(540,'MIGUEL CARNEIRO',2,23,6,19019,1,NULL,NULL),(541,'NANA SILVA',2,7,6,40124,1,NULL,NULL),(542,'NOECA',2,2,6,14567,1,NULL,NULL),(543,'NOVO',2,3,6,12789,1,NULL,NULL),(544,'OCENIR',2,3,6,12347,1,NULL,NULL),(545,'ORLANDO MARTINS',2,1,6,15789,1,NULL,NULL),(546,'PARENTE',2,3,6,12222,1,NULL,NULL),(547,'PASTOR JOÃO',2,1,6,15333,1,NULL,NULL),(548,'PAULA FERNANDES',2,21,6,27111,1,NULL,NULL),(549,'PAULO CÉSAR',2,8,6,45200,1,NULL,NULL),(550,'PAULO CORRETOR',2,5,6,25000,1,NULL,NULL),(551,'PAULO DE SÁ',2,7,6,40456,1,NULL,NULL),(552,'PEDRO GONÇALVES',2,6,6,65789,1,NULL,NULL),(553,'PEREIRA',2,3,6,12522,1,NULL,NULL),(554,'POP',2,24,6,17456,1,NULL,NULL),(555,'PROFESSOR ANDRÉ MELHORANÇA',2,25,6,10555,1,NULL,NULL),(556,'PROFESSOR CARLOS MELLO',2,7,6,40633,1,NULL,NULL),(557,'PROFESSOR VALDENISIO',2,16,6,11322,1,NULL,NULL),(558,'PROFESSORA CONCEIÇÃO SOUZA',2,16,6,11234,1,NULL,NULL),(559,'PROFESSORA ILDEMAR',2,16,6,11111,1,NULL,NULL),(560,'PROFESSORA MARIAZINHA',2,20,6,31333,1,NULL,NULL),(561,'QUIMBERLI SILVA',2,25,6,10100,1,NULL,NULL),(562,'R. DOS SANTOS',2,1,6,15277,1,NULL,NULL),(563,'RAIMUNDO ROCHA',2,3,6,12456,1,NULL,NULL),(564,'REGINALDO RODRIGUES',2,10,6,20123,1,NULL,NULL),(565,'RENILSON',2,8,6,45045,1,NULL,NULL),(566,'RIAMI PEREZ',2,12,6,44222,1,NULL,NULL),(567,'RICO',2,16,6,11789,1,NULL,NULL),(568,'ROBERTO',2,8,6,45777,1,NULL,NULL),(569,'ROBSON DOS CORREIO',2,1,6,15100,1,NULL,NULL),(570,'ROMARIO TAVARES',2,1,6,15122,1,NULL,NULL),(571,'RONALDO DA FARMACIA',2,3,6,12321,1,NULL,NULL),(572,'RONALDO RODRIGUES',2,12,6,44444,1,NULL,NULL),(573,'ROSE CARTEIRA',2,28,6,55999,1,NULL,NULL),(574,'ROSIVAN DO ALÔ',2,21,6,27999,1,NULL,NULL),(575,'RUI CORREIA',2,8,6,45100,1,NULL,NULL),(576,'SANDRA FERREIRA',2,11,6,33555,1,NULL,NULL),(577,'SAVIO',2,24,6,17777,1,NULL,NULL),(578,'SERGIO EVENTOS',2,7,6,40111,1,NULL,NULL),(579,'SOCORRO MOVIMENTO DE MORADIA',2,1,6,15112,1,NULL,NULL),(580,'SÔNIA',2,8,6,45455,1,NULL,NULL),(581,'SUELI',2,3,6,12580,1,NULL,NULL),(582,'TAÍS',2,10,6,20666,1,NULL,NULL),(583,'TALMO',2,21,6,27777,1,NULL,NULL),(584,'TAVARES BIRIMBA',2,7,6,40123,1,NULL,NULL),(585,'TERESINHA',2,6,6,65888,1,NULL,NULL),(586,'THALITA',2,7,6,40963,1,NULL,NULL),(587,'TOMÉ DOS ANJOS',2,4,6,13456,1,NULL,NULL),(588,'VALDEMIR NETO',2,4,6,13123,1,NULL,NULL),(589,'VANDIM',2,9,6,36122,1,NULL,NULL),(590,'VANDINHA',2,7,6,40644,1,NULL,NULL),(591,'VAVÁ DO PEIXE',2,7,6,40777,1,NULL,NULL),(592,'VIVIANE COSMETICO',2,12,6,44777,1,NULL,NULL),(593,'ZALDO',2,10,6,20201,1,NULL,NULL),(594,'MARCOS FERNANDO',1,4,7,13,1,NULL,NULL),(595,'PROFESSORA ROSIMARI',1,28,7,55,1,NULL,NULL),(596,'TIÃO FLORES',1,7,7,40,1,NULL,NULL),(597,'ADRIANA HASSEM',2,5,7,25555,1,NULL,NULL),(598,'ALDEMIR SALES',2,4,7,13777,1,NULL,NULL),(599,'ALTINA ACS',2,1,7,15123,1,NULL,NULL),(600,'ANA CRISTINA',2,28,7,55111,1,NULL,NULL),(601,'ANNE SOARES',2,10,7,20123,1,NULL,NULL),(602,'ANTONIA DA LIBERDADE',2,15,7,70000,1,NULL,NULL),(603,'ANTONIA ELAIDE',2,14,7,43123,1,NULL,NULL),(604,'ANTONIO DO JORDÃO',2,4,7,13300,1,NULL,NULL),(605,'ARI MENDES',2,4,7,13100,1,NULL,NULL),(606,'ARI RUFINO',2,1,7,15444,1,NULL,NULL),(607,'BAIXINHA DO CLODO',2,21,7,27123,1,NULL,NULL),(608,'BIO MARIANO',2,20,7,31313,1,NULL,NULL),(609,'CAPITÃO',2,10,7,20185,1,NULL,NULL),(610,'CARMEN',2,23,7,19100,1,NULL,NULL),(611,'CÉLIO RODRIGUES',2,8,7,45555,1,NULL,NULL),(612,'CHICO CAZUZA',2,1,7,15777,1,NULL,NULL),(613,'CHIQUIM',2,9,7,36222,1,NULL,NULL),(614,'CLEIA',2,16,7,11234,1,NULL,NULL),(615,'COSMO',2,28,7,55000,1,NULL,NULL),(616,'DIJA',2,32,7,77123,1,NULL,NULL),(617,'DINO TAXISTA',2,1,7,15222,1,NULL,NULL),(618,'DIOJINO GUIMARÃES',2,31,7,90000,1,NULL,NULL),(619,'EDITH MONTES',2,1,7,15111,1,NULL,NULL),(620,'EDNON DO INHAME',2,15,7,70777,1,NULL,NULL),(621,'ENFª MARINÊS',2,4,7,13500,1,NULL,NULL),(622,'ESTEVAM',2,1,7,15000,1,NULL,NULL),(623,'EZEQUIEL BARROSO',2,16,7,11999,1,NULL,NULL),(624,'FABIULA LIRA',2,10,7,20000,1,NULL,NULL),(625,'FRANCINEIDE CARVALHO',2,20,7,31013,1,NULL,NULL),(626,'GAUCHO',2,4,7,13113,1,NULL,NULL),(627,'GERMINIANA',2,14,7,43433,1,NULL,NULL),(628,'GILSINHO',2,25,7,10123,1,NULL,NULL),(629,'HIAMAR PINHEIRO',2,4,7,13613,1,NULL,NULL),(630,'JAIR FLORÊNCIO',2,24,7,17658,1,NULL,NULL),(631,'JANAINA',2,12,7,44678,1,NULL,NULL),(632,'JOÃOZINHO',2,6,7,65555,1,NULL,NULL),(633,'JOÃOZINHO FERREIRA',2,7,7,40111,1,NULL,NULL),(634,'JOAQUIM BORGES',2,28,7,55222,1,NULL,NULL),(635,'JORGE VITOR',2,14,7,43333,1,NULL,NULL),(636,'JORGITO',2,4,7,13013,1,NULL,NULL),(637,'JOSUE ALBUQUERQUE',2,4,7,13713,1,NULL,NULL),(638,'KAKI',2,7,7,40222,1,NULL,NULL),(639,'LAUCIRENE',2,7,7,40555,1,NULL,NULL),(640,'LENILDO PINTOR',2,20,7,31113,1,NULL,NULL),(641,'LILIANE VIANA',2,7,7,40777,1,NULL,NULL),(642,'LUIS CALADO',2,20,7,31444,1,NULL,NULL),(643,'MADONA',2,24,7,17111,1,NULL,NULL),(644,'MANIN FERRARI',2,7,7,40333,1,NULL,NULL),(645,'MARCO RIBEIRO',2,7,7,40500,1,NULL,NULL),(646,'MÁSSIMO',2,28,7,55123,1,NULL,NULL),(647,'MESSIAS',2,4,7,13123,1,NULL,NULL),(648,'MICHAELLE DO NASCIMENTO',2,23,7,19000,1,NULL,NULL),(649,'MIGUEL DO PRATA',2,4,7,13369,1,NULL,NULL),(650,'MIGUEL FLORES',2,7,7,40444,1,NULL,NULL),(651,'NALDO GARI',2,3,7,12444,1,NULL,NULL),(652,'NEGO',2,9,7,36123,1,NULL,NULL),(653,'NONATO CRUZ',2,1,7,15555,1,NULL,NULL),(654,'PAMILA',2,25,7,10010,1,NULL,NULL),(655,'PAULO PAULINO',2,4,7,13333,1,NULL,NULL),(656,'PAULO ROBERTO',2,28,7,55147,1,NULL,NULL),(657,'PIRON MACIEL',2,4,7,13111,1,NULL,NULL),(658,'PORTELA',2,13,7,23000,1,NULL,NULL),(659,'PRETA',2,3,7,12345,1,NULL,NULL),(660,'PROF ALCIONE',2,28,7,55455,1,NULL,NULL),(661,'PROFESSOR EDUARDO',2,8,7,45123,1,NULL,NULL),(662,'RAIMUNDO MOREIRA',2,4,7,13456,1,NULL,NULL),(663,'REURIANNY',2,7,7,40123,1,NULL,NULL),(664,'RONALDO OLIVEIRA',2,10,7,20222,1,NULL,NULL),(665,'ROSIMAR',2,9,7,36666,1,NULL,NULL),(666,'RUBENS',2,28,7,55012,1,NULL,NULL),(667,'SAMUEL HASSEN',2,10,7,20144,1,NULL,NULL),(668,'SARA MAFFI',2,6,7,65000,1,NULL,NULL),(669,'SILVANA',2,7,7,40456,1,NULL,NULL),(670,'THAISA',2,28,7,55789,1,NULL,NULL),(671,'TOINHA DO MERCADO',2,28,7,55348,1,NULL,NULL),(672,'VACA',2,1,7,15888,1,NULL,NULL),(673,'VANDERLEI CREDIARIO',2,28,7,55555,1,NULL,NULL),(674,'VANIA MENDES',2,4,7,13000,1,NULL,NULL),(675,'YA',2,3,7,12333,1,NULL,NULL),(676,'ZENILDA',2,28,7,55333,1,NULL,NULL),(677,'KIEFER',1,16,8,11,1,NULL,NULL),(678,'MÊRLA',1,4,8,13,1,NULL,NULL),(679,'PELE CAMPOS',1,1,8,15,1,NULL,NULL),(680,'ANA MARIA',2,16,8,11115,1,NULL,NULL),(681,'ANDRÉ SOARES',2,4,8,13123,1,NULL,NULL),(682,'ANTONIO CARLOS',2,1,8,15777,1,NULL,NULL),(683,'ARNALDO CAROLINO',2,4,8,13121,1,NULL,NULL),(684,'BADIR',2,28,8,55555,1,NULL,NULL),(685,'BÁRBARA',2,5,8,25777,1,NULL,NULL),(686,'CABEÇA',2,4,8,13222,1,NULL,NULL),(687,'CABELUDO',2,8,8,45555,1,NULL,NULL),(688,'CEARÁ',2,16,8,11789,1,NULL,NULL),(689,'CHARLES GUIMARAES',2,16,8,11123,1,NULL,NULL),(690,'CÍCERO VIANA',2,7,8,40000,1,NULL,NULL),(691,'CLEOMAR SANTOS',2,27,8,22222,1,NULL,NULL),(692,'CLEONEIDE',2,8,8,45222,1,NULL,NULL),(693,'DANIELE GOMES',2,24,8,17123,1,NULL,NULL),(694,'DÃO LEITÃO',2,7,8,40789,1,NULL,NULL),(695,'DAS DORES',2,1,8,15999,1,NULL,NULL),(696,'DÉCIO HUNIKUI',2,7,8,40123,1,NULL,NULL),(697,'DEDÊ',2,4,8,13000,1,NULL,NULL),(698,'DENILSON',2,3,8,12333,1,NULL,NULL),(699,'DOMINGOS',2,3,8,12444,1,NULL,NULL),(700,'DR. NILSON',2,16,8,11555,1,NULL,NULL),(701,'EDILSON MARQUES',2,8,8,45444,1,NULL,NULL),(702,'EFRAIM',2,28,8,55111,1,NULL,NULL),(703,'ELIANO DOURADO',2,12,8,44444,1,NULL,NULL),(704,'ELIAS ALMEIDA',2,4,8,13555,1,NULL,NULL),(705,'ELISANE',2,7,8,40157,1,NULL,NULL),(706,'ELISSANDRA',2,4,8,13456,1,NULL,NULL),(707,'ELSON JOSÉ',2,7,8,40111,1,NULL,NULL),(708,'ENFERMEIRO CÍCERO',2,6,8,65123,1,NULL,NULL),(709,'EVANGELISTA',2,5,8,25111,1,NULL,NULL),(710,'EVILÁSIO',2,1,8,15888,1,NULL,NULL),(711,'FRANCISCA MOURÃO',2,21,8,27111,1,NULL,NULL),(712,'GERRANIO',2,7,8,40555,1,NULL,NULL),(713,'GILBERTO SILVA',2,7,8,40222,1,NULL,NULL),(714,'HERNANDES',2,6,8,65789,1,NULL,NULL),(715,'INACIO SHANENAWA',2,16,8,11211,1,NULL,NULL),(716,'IVAIR',2,7,8,40777,1,NULL,NULL),(717,'JOÃO PIRATA',2,4,8,13737,1,NULL,NULL),(718,'JORGE CIRIACO',2,8,8,45111,1,NULL,NULL),(719,'JUNIOR',2,1,8,15123,1,NULL,NULL),(720,'JUZEIDE',2,16,8,11234,1,NULL,NULL),(721,'KASSIUS MELO',2,4,8,13124,1,NULL,NULL),(722,'LEILDO',2,1,8,15444,1,NULL,NULL),(723,'LIRIANE',2,8,8,45045,1,NULL,NULL),(724,'LOSINHA',2,7,8,40333,1,NULL,NULL),(725,'LOURA',2,28,8,55000,1,NULL,NULL),(726,'MANGA LARGA',2,1,8,15555,1,NULL,NULL),(727,'MANIN',2,4,8,13110,1,NULL,NULL),(728,'MARIA ANTONIA',2,3,8,12555,1,NULL,NULL),(729,'MARIVÂNIA',2,6,8,65178,1,NULL,NULL),(730,'MARQUINHOS',2,4,8,13999,1,NULL,NULL),(731,'MARTINS',2,1,8,15111,1,NULL,NULL),(732,'MATILDE',2,8,8,45123,1,NULL,NULL),(733,'MAURO',2,4,8,13111,1,NULL,NULL),(734,'MISCILENE',2,1,8,15333,1,NULL,NULL),(735,'MOISES BRAGA',2,16,8,11111,1,NULL,NULL),(736,'MUNDOCA',2,1,8,15000,1,NULL,NULL),(737,'NAZA',2,16,8,11888,1,NULL,NULL),(738,'NEIDE FREITAS',2,4,8,13888,1,NULL,NULL),(739,'NIELSEN BRAGA',2,8,8,45789,1,NULL,NULL),(740,'NILDÃO',2,3,8,12222,1,NULL,NULL),(741,'NONATA DOURADO',2,16,8,11110,1,NULL,NULL),(742,'OSCAR',2,8,8,45999,1,NULL,NULL),(743,'PEDRO DOURADO',2,16,8,11112,1,NULL,NULL),(744,'PEDRO ROBERTO',2,28,8,55789,1,NULL,NULL),(745,'PITA',2,4,8,13333,1,NULL,NULL),(746,'PROFESSOR ADAS DE DEUS',2,24,8,17000,1,NULL,NULL),(747,'PROFESSOR REBOUÇAS',2,28,8,55123,1,NULL,NULL),(748,'QUINÔ',2,16,8,11444,1,NULL,NULL),(749,'RAILSON',2,3,8,12777,1,NULL,NULL),(750,'RAIMUNDINHO DO MOA',2,1,8,15222,1,NULL,NULL),(751,'RAISSA MOURÃO',2,27,8,22000,1,NULL,NULL),(752,'RAYLINE AGUIAR',2,4,8,13444,1,NULL,NULL),(753,'RENER SALLES',2,16,8,11333,1,NULL,NULL),(754,'RONALDO',2,3,8,12000,1,NULL,NULL),(755,'RONEIDA',2,5,8,25789,1,NULL,NULL),(756,'ROSALDO',2,16,8,11116,1,NULL,NULL),(757,'ROXO DO CHÁ',2,16,8,11222,1,NULL,NULL),(758,'RUBEM BARBOSA',2,4,8,13133,1,NULL,NULL),(759,'SALES',2,16,8,11223,1,NULL,NULL),(760,'SUYARA GOMES',2,4,8,13777,1,NULL,NULL),(761,'TARCISIO',2,6,8,65000,1,NULL,NULL),(762,'TEREZINHA MOREIRA',2,16,8,11000,1,NULL,NULL),(763,'TEREZINHA SILVA',2,12,8,44000,1,NULL,NULL),(764,'VAL',2,5,8,25000,1,NULL,NULL),(765,'VALMIZINHO',2,8,8,45000,1,NULL,NULL),(766,'VENILSON LIMA',2,7,8,40444,1,NULL,NULL),(767,'WISLEY MONTEIRO',2,6,8,65555,1,NULL,NULL),(768,'YARA',2,27,8,22111,1,NULL,NULL),(769,'ZE DO PIBA',2,1,8,15444,1,NULL,NULL),(770,'ZÉ MARIA',2,8,8,45333,1,NULL,NULL),(771,'ZEZINHO COSMIRO',2,4,8,13789,1,NULL,NULL),(772,'ELSON FARIAS',1,6,9,65,1,NULL,NULL),(773,'ESPERIDIAO MENEZES JÚNIOR',1,1,9,15,1,NULL,NULL),(774,'TURIANO FILHO',1,8,9,45,1,NULL,NULL),(775,'ALAIR SILVA',2,8,9,45000,1,NULL,NULL),(776,'ANTONIA LOPES',2,1,9,15444,1,NULL,NULL),(777,'ASSIS DA ARACY',2,1,9,15555,1,NULL,NULL),(778,'ASSIS JORGE',2,1,9,15000,1,NULL,NULL),(779,'CELIO DO BIRIU',2,16,9,11111,1,NULL,NULL),(780,'DAIANA ARAUJO',2,8,9,45333,1,NULL,NULL),(781,'DÊ DIAS',2,6,9,65333,1,NULL,NULL),(782,'DEODATO KAXINAWA',2,3,9,12333,1,NULL,NULL),(783,'DIMAS CAMELÔ',2,6,9,65000,1,NULL,NULL),(784,'DODA MELO',2,4,9,13123,1,NULL,NULL),(785,'ELISANGELA CASTRO',2,1,9,15777,1,NULL,NULL),(786,'ESTER',2,3,9,12334,1,NULL,NULL),(787,'FERNANDO KAXINAWÁ',2,3,9,12999,1,NULL,NULL),(788,'FERNANDO MUNIZ',2,4,9,13444,1,NULL,NULL),(789,'FRANCISCO PINHEIRO',2,3,9,12789,1,NULL,NULL),(790,'GILSON KAXINAWA',2,14,9,43333,1,NULL,NULL),(791,'GUEDES OLIVEIRA',2,8,9,45555,1,NULL,NULL),(792,'IZA OLIVEIRA',2,8,9,45110,1,NULL,NULL),(793,'JOÃO DA MANGUABA',2,1,9,15333,1,NULL,NULL),(794,'JOÃO PAULINO',2,1,9,15222,1,NULL,NULL),(795,'JORCIMAR KAXINAWA',2,6,9,65113,1,NULL,NULL),(796,'KATYA',2,3,9,12123,1,NULL,NULL),(797,'KUBITSCHEK FARIAS',2,3,9,12555,1,NULL,NULL),(798,'LEANDRO FERREIRA',2,8,9,45888,1,NULL,NULL),(799,'LEDA FARIAS',2,8,9,45777,1,NULL,NULL),(800,'MARCELO MENDONCA',2,16,9,11222,1,NULL,NULL),(801,'MARIONE',2,3,9,12567,1,NULL,NULL),(802,'MARLENIRA',2,4,9,13222,1,NULL,NULL),(803,'MEIRE SERGIO',2,6,9,65111,1,NULL,NULL),(804,'NEGUINHO TANGARA',2,3,9,12666,1,NULL,NULL),(805,'NONATA DO SECRETARIO',2,8,9,45999,1,NULL,NULL),(806,'NONATO ALVES',2,8,9,45111,1,NULL,NULL),(807,'PARAIBA DO MERCADO',2,3,9,12456,1,NULL,NULL),(808,'PASTOR ABEL',2,6,9,65123,1,NULL,NULL),(809,'PETECA',2,3,9,12444,1,NULL,NULL),(810,'PICHILINGA',2,8,9,45123,1,NULL,NULL),(811,'PLATINI',2,3,9,12111,1,NULL,NULL),(812,'PROFESSORA NEUSIMAR',2,3,9,12345,1,NULL,NULL),(813,'RITA KAXINAWÁ',2,4,9,13335,1,NULL,NULL),(814,'ROBERTA OLIVEIRA',2,8,9,45455,1,NULL,NULL),(815,'ROBERTO RODRIGUES',2,6,9,65789,1,NULL,NULL),(816,'ROSALDO',2,4,9,13000,1,NULL,NULL),(817,'SEBASTIAO PACHOLA',2,1,9,15666,1,NULL,NULL),(818,'SERENO KAXINAWA',2,16,9,11333,1,NULL,NULL),(819,'TEREZINHA GOMES',2,6,9,65777,1,NULL,NULL),(820,'TITE',2,3,9,12000,1,NULL,NULL),(821,'TOM SERGIO',2,3,9,12222,1,NULL,NULL),(822,'VAVA',2,8,9,45222,1,NULL,NULL),(823,'VEI DA RITA',2,8,9,45122,1,NULL,NULL),(824,'VITOR PEREIRA',2,6,9,65555,1,NULL,NULL),(825,'ZÉ CARIOLANDO',2,16,9,11777,1,NULL,NULL),(826,'ZÉ CARLOS',2,3,9,12777,1,NULL,NULL),(827,'ZEINA MELO',2,1,9,15999,1,NULL,NULL),(828,'ISAAC LIMA',1,4,10,13,1,NULL,NULL),(829,'JOÃO DE DEUS',1,30,10,51,1,NULL,NULL),(830,'SILENE SIQUEIRA',1,16,10,11,1,NULL,NULL),(831,'ABRAÃO',2,23,10,19444,1,NULL,NULL),(832,'ALEX DIAS',2,6,10,65123,1,NULL,NULL),(833,'ALICE',2,8,10,45123,1,NULL,NULL),(834,'ALUILSON',2,4,10,13456,1,NULL,NULL),(835,'ANDERSON MARQUES (PARAIBA)',2,25,10,10012,1,NULL,NULL),(836,'ANDREA DO DAVI',2,23,10,19111,1,NULL,NULL),(837,'ANDREIA',2,4,10,13233,1,NULL,NULL),(838,'ANGELEIDE',2,1,10,15124,1,NULL,NULL),(839,'ANTÔNIO MARAZONA',2,13,10,23000,1,NULL,NULL),(840,'ARIMAR',2,1,10,15111,1,NULL,NULL),(841,'ARMANDO DENE',2,6,10,65789,1,NULL,NULL),(842,'AURINHA',2,16,10,11333,1,NULL,NULL),(843,'BAIANO',2,25,10,10233,1,NULL,NULL),(844,'BENTO',2,7,10,40555,1,NULL,NULL),(845,'BEREBA',2,23,10,19234,1,NULL,NULL),(846,'BERTIM',2,4,10,13555,1,NULL,NULL),(847,'BODE DA GENTE',2,23,10,19000,1,NULL,NULL),(848,'BRUNO BRANDÃO',2,16,10,11011,1,NULL,NULL),(849,'CABOCO DO AMADEU',2,1,10,15222,1,NULL,NULL),(850,'CIRLEILDA',2,23,10,19888,1,NULL,NULL),(851,'CRISTIANA',2,16,10,11055,1,NULL,NULL),(852,'DANTAS',2,23,10,19333,1,NULL,NULL),(853,'DAZIM',2,31,10,90000,1,NULL,NULL),(854,'DINHA',2,1,10,15678,1,NULL,NULL),(855,'EGLE OLIVEIRA',2,14,10,43000,1,NULL,NULL),(856,'ELENO',2,16,10,11123,1,NULL,NULL),(857,'ELSIMAR LIMA',2,1,10,15122,1,NULL,NULL),(858,'ESSA ROCHA',2,28,10,55122,1,NULL,NULL),(859,'EUDALIA COSTA',2,25,10,10111,1,NULL,NULL),(860,'EVANDRO',2,1,10,15555,1,NULL,NULL),(861,'EVANILDES MENDES',2,4,10,13444,1,NULL,NULL),(862,'FELICIO',2,4,10,13222,1,NULL,NULL),(863,'FELIPE MATOS',2,31,10,90222,1,NULL,NULL),(864,'FRANÇA',2,25,10,10123,1,NULL,NULL),(865,'FRANCISCA CASTRO',2,21,10,27777,1,NULL,NULL),(866,'FRANCISCA DIAS',2,16,10,11111,1,NULL,NULL),(867,'FRANCISCO WILSON',2,28,10,55333,1,NULL,NULL),(868,'GEANE',2,4,10,13213,1,NULL,NULL),(869,'GENE',2,3,10,12123,1,NULL,NULL),(870,'GLEISSE',2,31,10,90145,1,NULL,NULL),(871,'GREICIARI',2,31,10,90123,1,NULL,NULL),(872,'GUANABARA',2,28,10,55456,1,NULL,NULL),(873,'HERNIR MIRANDA',2,7,10,40222,1,NULL,NULL),(874,'IRIO PINTOR',2,1,10,15123,1,NULL,NULL),(875,'IRMÃ JANETE',2,7,10,40111,1,NULL,NULL),(876,'IRMÃO BENTO',2,31,10,90590,1,NULL,NULL),(877,'IVANILDE',2,16,10,11000,1,NULL,NULL),(878,'JAIRO LIMA',2,28,10,55321,1,NULL,NULL),(879,'JAKSON DA BORRACHARIA',2,31,10,90852,1,NULL,NULL),(880,'JAQUELINE GOMES',2,7,10,40112,1,NULL,NULL),(881,'JOÃO PRETINHO',2,23,10,19777,1,NULL,NULL),(882,'JOAOZINHO',2,28,10,55222,1,NULL,NULL),(883,'JOEL PUYANAWA',2,6,10,65111,1,NULL,NULL),(884,'JOICILENE MENDONÇA',2,31,10,90356,1,NULL,NULL),(885,'JONILDES',2,31,10,90225,1,NULL,NULL),(886,'JORGE LUCAS',2,31,10,90555,1,NULL,NULL),(887,'JOSILEIDE',2,7,10,40140,1,NULL,NULL),(888,'KAIURY MIRANDA',2,4,10,13111,1,NULL,NULL),(889,'KENNEDY',2,28,10,55123,1,NULL,NULL),(890,'KIKO DIAS',2,1,10,15333,1,NULL,NULL),(891,'LEIDINI',2,3,10,12333,1,NULL,NULL),(892,'LOURO DO AÇOUGUE',2,23,10,19999,1,NULL,NULL),(893,'LUCIANO ROCHA',2,1,10,15015,1,NULL,NULL),(894,'LUIZ BENVINDO',2,6,10,65000,1,NULL,NULL),(895,'LUZIA FRANÇA',2,31,10,90113,1,NULL,NULL),(896,'MAGNO',2,7,10,40789,1,NULL,NULL),(897,'MANDIM',2,31,10,90999,1,NULL,NULL),(898,'MANOEL MEDEIROS',2,1,10,15258,1,NULL,NULL),(899,'MARCIA',2,1,10,15000,1,NULL,NULL),(900,'MARIA JOSÉ',2,7,10,40240,1,NULL,NULL),(901,'MARIZETE COSTA',2,1,10,15125,1,NULL,NULL),(902,'MAZINHO',2,23,10,19123,1,NULL,NULL),(903,'MICA',2,8,10,45333,1,NULL,NULL),(904,'MOISES',2,16,10,11122,1,NULL,NULL),(905,'NARJARA ROCHA',2,28,10,55111,1,NULL,NULL),(906,'NIR DO ODILON',2,21,10,27000,1,NULL,NULL),(907,'PASTOR PRETO',2,1,10,15456,1,NULL,NULL),(908,'PEPE MORENO',2,8,10,45789,1,NULL,NULL),(909,'PINA',2,16,10,11444,1,NULL,NULL),(910,'RANIETE ROCHA',2,23,10,19222,1,NULL,NULL),(911,'RENAN COSTA',2,4,10,13012,1,NULL,NULL),(912,'REZIANE',2,16,10,11222,1,NULL,NULL),(913,'ROGERIO',2,31,10,90111,1,NULL,NULL),(914,'ROGERIO LIMA',2,1,10,15601,1,NULL,NULL),(915,'RONEILSON PINHEIRO',2,4,10,13123,1,NULL,NULL),(916,'RONI PADILLA',2,23,10,19019,1,NULL,NULL),(917,'ROSA',2,4,10,13113,1,NULL,NULL),(918,'SOLON JUNIOR',2,23,10,19555,1,NULL,NULL),(919,'TAIDISON LIMA',2,4,10,13013,1,NULL,NULL),(920,'UHALASYS BANDEIRA',2,4,10,13333,1,NULL,NULL),(921,'VALDECY BRAGA',2,3,10,12013,1,NULL,NULL),(922,'VALDERLAN ALENCAR',2,7,10,40123,1,NULL,NULL),(923,'VALDILEIA MATOS',2,4,10,13777,1,NULL,NULL),(924,'VICENTE GONÇALVES',2,1,10,15155,1,NULL,NULL),(925,'ZÉ CARLOS NUKINI',2,31,10,90122,1,NULL,NULL),(926,'ZECA DO PENTENCOSTES',2,4,10,13144,1,NULL,NULL),(927,'ZEZIM DA JOAQUINA',2,7,10,40000,1,NULL,NULL),(928,'IZAUTE BARROSO',1,4,11,13,1,NULL,NULL),(929,'KECIO ALMEIDA',1,21,11,27,1,NULL,NULL),(930,'PASTOR ALDEMAR',1,28,11,55,1,NULL,NULL),(931,'TANIZO SÁ',1,1,11,15,1,NULL,NULL),(932,'ANTONIA AMARO',2,26,11,50123,1,NULL,NULL),(933,'ARISTÓTELES',2,1,11,15567,1,NULL,NULL),(934,'BERNALDO',2,28,11,55555,1,NULL,NULL),(935,'CARECA',2,1,11,15222,1,NULL,NULL),(936,'CARLINHOS',2,4,11,13123,1,NULL,NULL),(937,'CHARLES BRANDÃO',2,4,11,13555,1,NULL,NULL),(938,'CHICO TELES',2,1,11,15555,1,NULL,NULL),(939,'CLEYTON NOGUEIRA',2,7,11,40000,1,NULL,NULL),(940,'COCÃO',2,27,11,22777,1,NULL,NULL),(941,'DAISON FARIAS',2,14,11,43333,1,NULL,NULL),(942,'DILCIANY',2,28,11,55122,1,NULL,NULL),(943,'DONA ALVANIR',2,1,11,15111,1,NULL,NULL),(944,'DONIZETE',2,28,11,55257,1,NULL,NULL),(945,'DUCY',2,21,11,27245,1,NULL,NULL),(946,'EDJARD',2,21,11,27000,1,NULL,NULL),(947,'FRANCISCO',2,21,11,27100,1,NULL,NULL),(948,'FRANCISCO COSTA',2,1,11,15789,1,NULL,NULL),(949,'GETULIO GALVÃO',2,6,11,65222,1,NULL,NULL),(950,'GILBERTO',2,8,11,45111,1,NULL,NULL),(951,'HENRIQUE KAXINAWA',2,6,11,65000,1,NULL,NULL),(952,'INGRYD',2,8,11,45333,1,NULL,NULL),(953,'IVANILDE TAVARES',2,25,11,10555,1,NULL,NULL),(954,'JAMES LIMA',2,1,11,15444,1,NULL,NULL),(955,'JEFFERSON MAGALHÃES',2,25,11,10999,1,NULL,NULL),(956,'JOCICLEI',2,1,11,15888,1,NULL,NULL),(957,'KELLY SILVA',2,26,11,50567,1,NULL,NULL),(958,'LOROCA',2,26,11,50111,1,NULL,NULL),(959,'LUIZ CASTRO',2,8,11,45123,1,NULL,NULL),(960,'LUIZ MESQUISTA',2,13,11,23000,1,NULL,NULL),(961,'MACELA',2,21,11,27555,1,NULL,NULL),(962,'MACIEL',2,21,11,27144,1,NULL,NULL),(963,'MANOELZINHO',2,7,11,40444,1,NULL,NULL),(964,'MARIA DO JUSTINO',2,7,11,40555,1,NULL,NULL),(965,'MARIA VALDETE',2,27,11,22123,1,NULL,NULL),(966,'MARKZANE',2,27,11,22344,1,NULL,NULL),(967,'MARY',2,21,11,27123,1,NULL,NULL),(968,'MAURI KULINA',2,4,11,13700,1,NULL,NULL),(969,'MESSIAS CARDEAL',2,27,11,22555,1,NULL,NULL),(970,'NABOR',2,1,11,15151,1,NULL,NULL),(971,'NETE SILVA',2,8,11,45555,1,NULL,NULL),(972,'NEUTILENE',2,4,11,13777,1,NULL,NULL),(973,'NIRA',2,25,11,10100,1,NULL,NULL),(974,'NONATO AUGUSTO',2,1,11,15123,1,NULL,NULL),(975,'O BOM SAMARITANO',2,1,11,15000,1,NULL,NULL),(976,'PASTOR PORFIRO',2,6,11,65123,1,NULL,NULL),(977,'PATRICIA SILVA',2,1,11,15999,1,NULL,NULL),(978,'QUINHA DO ITAÚBA',2,7,11,40789,1,NULL,NULL),(979,'RAIMUNDO BRAGA',2,21,11,27777,1,NULL,NULL),(980,'RAIMUNDO SANTOS',2,21,11,27333,1,NULL,NULL),(981,'RAYELE PASSOS',2,4,11,13666,1,NULL,NULL),(982,'ROBSON ALBUQUERQUE',2,25,11,10000,1,NULL,NULL),(983,'ROSANGELA SANTANA',2,27,11,22333,1,NULL,NULL),(984,'ROSILENE MENDES',2,7,11,40777,1,NULL,NULL),(985,'ROSINEIA',2,1,11,15414,1,NULL,NULL),(986,'SAMUEL',2,21,11,27222,1,NULL,NULL),(987,'SANDRO DO GERÔNIMO',2,4,11,13444,1,NULL,NULL),(988,'SERGIO GARCIA',2,7,11,40123,1,NULL,NULL),(989,'SKINA',2,27,11,22345,1,NULL,NULL),(990,'TELES MILETO',2,4,11,13000,1,NULL,NULL),(991,'THEE',2,21,11,27888,1,NULL,NULL),(992,'VANDA',2,1,11,15678,1,NULL,NULL),(993,'VANIZ',2,25,11,10123,1,NULL,NULL),(994,'ZÉ DUDA',2,28,11,55333,1,NULL,NULL),(995,'ZÉ ROBERTO',2,8,11,45144,1,NULL,NULL),(996,'ZEZIM DO DEAS',2,1,11,15777,1,NULL,NULL),(997,'ALDEMIR LOPES',1,4,12,13,1,NULL,NULL),(998,'ISAAC PIYÃKO',1,1,12,15,1,NULL,NULL),(999,'ADJAMES LIMA',2,1,12,15111,1,NULL,NULL),(1000,'ADRIELE ANDRADE',2,1,12,15666,1,NULL,NULL),(1001,'ALDINEIS',2,10,12,20000,1,NULL,NULL),(1002,'ALLAN ENFERMEIRO',2,7,12,40111,1,NULL,NULL),(1003,'AMADEUZIM',2,4,12,13000,1,NULL,NULL),(1004,'ANDERSON',2,7,12,40222,1,NULL,NULL),(1005,'ANTONIETA',2,16,12,11126,1,NULL,NULL),(1006,'ANTONIO DE HOLANDA',2,16,12,11124,1,NULL,NULL),(1007,'ANTONIO DO GERALDIM',2,6,12,65456,1,NULL,NULL),(1008,'ATILON PINHEIRO',2,28,12,55123,1,NULL,NULL),(1009,'BRUNA SILVA',2,6,12,65984,1,NULL,NULL),(1010,'CANDIDO',2,16,12,11144,1,NULL,NULL),(1011,'CARLITO MARQUES',2,16,12,11121,1,NULL,NULL),(1012,'CASSIONE CASTRO',2,23,12,19110,1,NULL,NULL),(1013,'CHIQUIM ARARA',2,27,12,22222,1,NULL,NULL),(1014,'CIRLETE',2,16,12,11133,1,NULL,NULL),(1015,'CLAUDIO PINHO',2,10,12,20555,1,NULL,NULL),(1016,'CLICIA VERISSIMO',2,4,12,13133,1,NULL,NULL),(1017,'DANUZIA',2,16,12,11000,1,NULL,NULL),(1018,'DAVI ASHANINKA',2,16,12,11116,1,NULL,NULL),(1019,'DEMA',2,27,12,22223,1,NULL,NULL),(1020,'DOCA',2,27,12,22123,1,NULL,NULL),(1021,'EDESIO MATOS',2,4,12,13125,1,NULL,NULL),(1022,'ELIZEU SILVA',2,1,12,15999,1,NULL,NULL),(1023,'ERIVALDO LIMA',2,7,12,40555,1,NULL,NULL),(1024,'EVANDRO AZEVEDO',2,16,12,11123,1,NULL,NULL),(1025,'EZILDO',2,10,12,20333,1,NULL,NULL),(1026,'FABIULA',2,7,12,40456,1,NULL,NULL),(1027,'FRANCISCA DELES',2,7,12,40444,1,NULL,NULL),(1028,'FRANCISCA VIANA',2,7,12,40333,1,NULL,NULL),(1029,'FRANCISCO OLIVEIRA DA SILVA',2,14,12,43123,1,NULL,NULL),(1030,'GEAN DELES',2,7,12,40123,1,NULL,NULL),(1031,'GERSON',2,10,12,20234,1,NULL,NULL),(1032,'IRENE',2,23,12,19698,1,NULL,NULL),(1033,'ISKUBU',2,4,12,13555,1,NULL,NULL),(1034,'JOÃO LUCIANO',2,6,12,65123,1,NULL,NULL),(1035,'JOAO PAULO',2,1,12,15122,1,NULL,NULL),(1036,'JOICE',2,4,12,13698,1,NULL,NULL),(1037,'JOSIMAR SILVA',2,1,12,15000,1,NULL,NULL),(1038,'JUNIOR DA RESTAURAÇÃO',2,3,12,12111,1,NULL,NULL),(1039,'KEKEDE',2,1,12,15789,1,NULL,NULL),(1040,'KEL',2,3,12,12300,1,NULL,NULL),(1041,'KIKO',2,1,12,15333,1,NULL,NULL),(1042,'LACI MENEZES',2,1,12,15777,1,NULL,NULL),(1043,'LECI',2,3,12,12444,1,NULL,NULL),(1044,'LUANA',2,10,12,20444,1,NULL,NULL),(1045,'LUCAS ROSAS',2,1,12,15555,1,NULL,NULL),(1046,'MAGUIDA',2,16,12,11243,1,NULL,NULL),(1047,'MARCIANE GOMES',2,1,12,15444,1,NULL,NULL),(1048,'MARCOS ALMEIDA',2,23,12,19123,1,NULL,NULL),(1049,'MARIA',2,27,12,22789,1,NULL,NULL),(1050,'MARIA BRANCOSA',2,10,12,20222,1,NULL,NULL),(1051,'MARIVALDO',2,28,12,55456,1,NULL,NULL),(1052,'MARLUBIA',2,27,12,22678,1,NULL,NULL),(1053,'MAURI GARCIA',2,3,12,12555,1,NULL,NULL),(1054,'NAGNO',2,10,12,20123,1,NULL,NULL),(1055,'NEGUIM DO ARARA',2,10,12,20111,1,NULL,NULL),(1056,'NIALLEN',2,7,12,40100,1,NULL,NULL),(1057,'OLINDO',2,23,12,19456,1,NULL,NULL),(1058,'ORLEILDO LOPES',2,4,12,13013,1,NULL,NULL),(1059,'ORLEIR FORTUNATO',2,13,12,23123,1,NULL,NULL),(1060,'PAPEL DO BREU',2,7,12,40112,1,NULL,NULL),(1061,'PEREIRA SILVA',2,28,12,55555,1,NULL,NULL),(1062,'PIU SALES',2,4,12,13222,1,NULL,NULL),(1063,'PROFª. LINDALVA',2,4,12,13123,1,NULL,NULL),(1064,'PROFª. SOCORRO',2,21,12,27333,1,NULL,NULL),(1065,'PROFESSOR BRANDAO',2,8,12,45222,1,NULL,NULL),(1066,'RAIMUNDO COSTA',2,7,12,40000,1,NULL,NULL),(1067,'RAIMUNDO MARGARIDA',2,1,12,15123,1,NULL,NULL),(1068,'ROCILDA SILVA',2,28,12,55444,1,NULL,NULL),(1069,'SILVANO QUEIROZ',2,4,12,13456,1,NULL,NULL),(1070,'SULETA',2,16,12,11127,1,NULL,NULL),(1071,'SULETA',2,27,12,22345,1,NULL,NULL),(1072,'TEANES TAVARES',2,21,12,27444,1,NULL,NULL),(1073,'TICO DO TENOR',2,16,12,11122,1,NULL,NULL),(1074,'TOTOTA',2,1,12,15678,1,NULL,NULL),(1075,'VAGNER MACHADO',2,24,12,17123,1,NULL,NULL),(1076,'VISNELDA',2,1,12,15654,1,NULL,NULL),(1077,'ZÉ MARIA BEZERRA',2,6,12,65122,1,NULL,NULL),(1078,'ZE POTE',2,1,12,15888,1,NULL,NULL),(1079,'ZÉ PRETIM',2,3,12,12123,1,NULL,NULL),(1080,'ZECA DO ASSIS',2,1,12,15456,1,NULL,NULL),(1081,'GEDEON',1,8,13,45,1,NULL,NULL),(1082,'PROFESSOR CAMILO DA SILVA',1,6,13,65,1,NULL,NULL),(1083,'RONEY FIRMINO',1,27,13,22,1,NULL,NULL),(1084,'SOCORRO FORMIGA',1,11,13,33,1,NULL,NULL),(1085,'ABREU DA PM',2,8,13,45222,1,NULL,NULL),(1086,'ACHAAD',2,27,13,22222,1,NULL,NULL),(1087,'ADRIELE',2,3,13,12000,1,NULL,NULL),(1088,'ALBIA MARTINS',2,11,13,33111,1,NULL,NULL),(1089,'ALLISON FERREIRA',2,27,13,22000,1,NULL,NULL),(1090,'ANTÔNIO JUÁ',2,6,13,65000,1,NULL,NULL),(1091,'ARETUSA FERREIRA',2,16,13,11222,1,NULL,NULL),(1092,'BEBÉ',2,5,13,25111,1,NULL,NULL),(1093,'BELIRA',2,11,13,33123,1,NULL,NULL),(1094,'BIÉ',2,14,13,43111,1,NULL,NULL),(1095,'BINA CAMPELO',2,24,13,17123,1,NULL,NULL),(1096,'CIA',2,5,13,25222,1,NULL,NULL),(1097,'CIENTISTA MALUCO BELEZA',2,8,13,45999,1,NULL,NULL),(1098,'DARMILA ARAÚJO',2,16,13,11234,1,NULL,NULL),(1099,'DEMI ACS',2,27,13,22444,1,NULL,NULL),(1100,'DENÍSIO DO 16',2,6,13,65555,1,NULL,NULL),(1101,'DIL',2,4,13,13130,1,NULL,NULL),(1102,'DIM',2,1,13,15123,1,NULL,NULL),(1103,'DJ. LOURO',2,27,13,22999,1,NULL,NULL),(1104,'DODOCA',2,6,13,65456,1,NULL,NULL),(1105,'DOUGLAS',2,6,13,65440,1,NULL,NULL),(1106,'DR DENYS',2,16,13,11111,1,NULL,NULL),(1107,'DUDU DE AÇUCAR',2,1,13,15456,1,NULL,NULL),(1108,'EDIZIO LOPES',2,11,13,33333,1,NULL,NULL),(1109,'EDMILSON FERREIRA',2,6,13,65123,1,NULL,NULL),(1110,'ELIANA',2,11,13,33000,1,NULL,NULL),(1111,'ENFERMEIRA MEIRE',2,21,13,27000,1,NULL,NULL),(1112,'FRANCISCO VALDEVINO',2,28,13,55122,1,NULL,NULL),(1113,'GEIZI BRASIL',2,27,13,22323,1,NULL,NULL),(1114,'GENIVALDO VIEIRA',2,10,13,20000,1,NULL,NULL),(1115,'GESSE MATTOS',2,14,13,43123,1,NULL,NULL),(1116,'GILMAR DA SAÚDE',2,8,13,45777,1,NULL,NULL),(1117,'GLECIO CASA GRANDE',2,5,13,25555,1,NULL,NULL),(1118,'GORDO',2,9,13,36123,1,NULL,NULL),(1119,'HUDIRLEUZA NOLASCO',2,6,13,65789,1,NULL,NULL),(1120,'INGRIDI NUNES',2,6,13,65999,1,NULL,NULL),(1121,'IRENE',2,5,13,25250,1,NULL,NULL),(1122,'IRISNELSE',2,8,13,45133,1,NULL,NULL),(1123,'IRMÃ RONÉRIA GONDIM',2,6,13,65333,1,NULL,NULL),(1124,'IRMÃO ELY',2,8,13,45000,1,NULL,NULL),(1125,'IRMAO PAULO',2,28,13,55123,1,NULL,NULL),(1126,'IRMÃO PAULO',2,28,13,55123,1,NULL,NULL),(1127,'JAIME LEITE',2,23,13,19000,1,NULL,NULL),(1128,'JAMESLENE',2,1,13,15789,1,NULL,NULL),(1129,'JARBINHA',2,5,13,25123,1,NULL,NULL),(1130,'JOÃO POEIRA',2,10,13,20111,1,NULL,NULL),(1131,'JORJÃO PEREIRA',2,13,13,23555,1,NULL,NULL),(1132,'JÚ GONZAGA',2,9,13,36999,1,NULL,NULL),(1133,'JUCIANE',2,4,13,13333,1,NULL,NULL),(1134,'JÚNIOR DA SAÚDE',2,13,13,23000,1,NULL,NULL),(1135,'KLACZIK',2,4,13,13000,1,NULL,NULL),(1136,'LUCIANO',2,4,13,13234,1,NULL,NULL),(1137,'MANOEL DA FARMACIA',2,1,13,15000,1,NULL,NULL),(1138,'MANOEL DA LOJA',2,5,13,25215,1,NULL,NULL),(1139,'MANOEL VARGAS',2,14,13,43222,1,NULL,NULL),(1140,'MARCINHO',2,8,13,45333,1,NULL,NULL),(1141,'MARCIO PASSAMANI',2,8,13,45111,1,NULL,NULL),(1142,'MARIA CASTRO',2,6,13,65234,1,NULL,NULL),(1143,'MARIA DELMIRA',2,16,13,11000,1,NULL,NULL),(1144,'MARIA DO DECA',2,11,13,33222,1,NULL,NULL),(1145,'MARIANO PEDREIRO',2,32,13,77123,1,NULL,NULL),(1146,'MATEUS PAES',2,26,13,50345,1,NULL,NULL),(1147,'MEIRE DO DR. DINO',2,8,13,45123,1,NULL,NULL),(1148,'MINEIRINHO',2,5,13,25000,1,NULL,NULL),(1149,'MIRACILVA',2,26,13,50789,1,NULL,NULL),(1150,'NEGA DO DUDÉ',2,5,13,25678,1,NULL,NULL),(1151,'NEI DA ENCO',2,13,13,23233,1,NULL,NULL),(1152,'NEIA',2,27,13,22333,1,NULL,NULL),(1153,'NELSON MAIA',2,4,13,13456,1,NULL,NULL),(1154,'NETE ARRUDA',2,8,13,45444,1,NULL,NULL),(1155,'NEVES',2,28,13,55222,1,NULL,NULL),(1156,'NILDE MAGALHÃES',2,27,13,22555,1,NULL,NULL),(1157,'ODETE CABELEIREIRA',2,32,13,77777,1,NULL,NULL),(1158,'ORESTES JUNIOR',2,10,13,20456,1,NULL,NULL),(1159,'OSVALDO DE CAMPINAS',2,16,13,11123,1,NULL,NULL),(1160,'PETA',2,26,13,50123,1,NULL,NULL),(1161,'POLACO',2,8,13,45456,1,NULL,NULL),(1162,'PR GILDO',2,28,13,55234,1,NULL,NULL),(1163,'PR GILDO',2,28,13,55234,1,NULL,NULL),(1164,'PREOFESSOR MARCELO',2,8,13,45555,1,NULL,NULL),(1165,'PROF. MACHADO',2,27,13,22122,1,NULL,NULL),(1166,'PROF. RAIMUNDINHO',2,27,13,22123,1,NULL,NULL),(1167,'PROFESSOR ANTÔNIO LOPES',2,4,13,13111,1,NULL,NULL),(1168,'PROFESSOR CHARQUEIRO',2,4,13,13123,1,NULL,NULL),(1169,'PROFESSOR JOÃO',2,11,13,33456,1,NULL,NULL),(1170,'PROFESSORA DÉBORA CAMILO',2,6,13,65345,1,NULL,NULL),(1171,'PROFº MAZINHO',2,9,13,36000,1,NULL,NULL),(1172,'RAIMUNDINHA CUSTÓDIO',2,13,13,23235,1,NULL,NULL),(1173,'RAINARA',2,13,13,23456,1,NULL,NULL),(1174,'RAYNARA',2,14,13,43233,1,NULL,NULL),(1175,'REGINALDO MAIA',2,24,13,17777,1,NULL,NULL),(1176,'RICHARD',2,21,13,27777,1,NULL,NULL),(1177,'ROGÉRIO RIBEIRO',2,4,13,13690,1,NULL,NULL),(1178,'ROSE RIBEIRO',2,21,13,27123,1,NULL,NULL),(1179,'RUFINO',2,28,13,55322,1,NULL,NULL),(1180,'SARGENTO ALMEIDA',2,28,13,55555,1,NULL,NULL),(1181,'SGT ALMEIDA',2,28,13,55555,1,NULL,NULL),(1182,'VALDEMIR',2,10,13,20123,1,NULL,NULL),(1183,'VERA LURDES',2,32,13,77000,1,NULL,NULL),(1184,'WOLLY SOUSA',2,6,13,65065,1,NULL,NULL),(1185,'ZE NUNES',2,27,13,22111,1,NULL,NULL),(1186,'ZEZÉ',2,28,13,55100,1,NULL,NULL),(1187,'ABÍLIO RODRIGUES',1,1,14,15,1,NULL,NULL),(1188,'BENÉ DAMASCENO',1,31,14,90,1,NULL,NULL),(1189,'DANIEL NOGUEIRA',1,16,14,11,1,NULL,NULL),(1190,'ZÉ MARIA',1,4,14,13,1,NULL,NULL),(1191,'ABIGAIL PORFÍRIO',2,6,14,65678,1,NULL,NULL),(1192,'ADRIANA SANTANA',2,8,14,45111,1,NULL,NULL),(1193,'ANDRE DA ZEBU',2,31,14,90000,1,NULL,NULL),(1194,'ANDREIA CORONEL',2,1,14,15020,1,NULL,NULL),(1195,'APARECIDO DO CAQUETÁ',2,8,14,45145,1,NULL,NULL),(1196,'ARLE',2,16,14,11333,1,NULL,NULL),(1197,'BAIXINHA',2,16,14,11225,1,NULL,NULL),(1198,'BETH GONZALES',2,25,14,10113,1,NULL,NULL),(1199,'BRIGIDA',2,4,14,13013,1,NULL,NULL),(1200,'CANUTO',2,25,14,10607,1,NULL,NULL),(1201,'CARLOS FISCAL',2,8,14,45120,1,NULL,NULL),(1202,'CARLOS XEPA',2,3,14,12345,1,NULL,NULL),(1203,'CAROL BITENCOURT',2,20,14,31111,1,NULL,NULL),(1204,'CELIO NOGUEIRA',2,30,14,51123,1,NULL,NULL),(1205,'CILEIDE',2,1,14,15789,1,NULL,NULL),(1206,'CLEUCE ALVES',2,6,14,65555,1,NULL,NULL),(1207,'DANIEL PERDOME',2,11,14,33123,1,NULL,NULL),(1208,'DANIELE',2,31,14,90666,1,NULL,NULL),(1209,'DENIMAR AMARANTE',2,31,14,90888,1,NULL,NULL),(1210,'DERLAN',2,8,14,45451,1,NULL,NULL),(1211,'EDI CARLOS PEZÃO',2,7,14,40222,1,NULL,NULL),(1212,'EDNA MELO',2,8,14,45555,1,NULL,NULL),(1213,'EDSON PIRAPORA',2,4,14,13123,1,NULL,NULL),(1214,'EDU SALES',2,3,14,12415,1,NULL,NULL),(1215,'ELDO PENHA',2,16,14,11345,1,NULL,NULL),(1216,'ELIENE AMORIM',2,16,14,11234,1,NULL,NULL),(1217,'ELIVALDO SANTANA',2,8,14,45123,1,NULL,NULL),(1218,'ELIZETE',2,6,14,65065,1,NULL,NULL),(1219,'ENFERMEIRO DENIS',2,28,14,55555,1,NULL,NULL),(1220,'FELIZARDO',2,31,14,90333,1,NULL,NULL),(1221,'FERNANDA CEZAR',2,9,14,36123,1,NULL,NULL),(1222,'FRANCISCO DO POÇO ARTESIANO',2,28,14,55678,1,NULL,NULL),(1223,'GENIVAL',2,31,14,90555,1,NULL,NULL),(1224,'GILSON',2,7,14,40123,1,NULL,NULL),(1225,'GILVAN',2,6,14,65123,1,NULL,NULL),(1226,'GOLA',2,16,14,11222,1,NULL,NULL),(1227,'GUIVALDO',2,16,14,11777,1,NULL,NULL),(1228,'JAMAICA FEITOSA',2,14,14,43222,1,NULL,NULL),(1229,'JARDILENE',2,3,14,12000,1,NULL,NULL),(1230,'JOANA FEITOSA',2,3,14,12698,1,NULL,NULL),(1231,'JOÃO DO POSTO',2,6,14,65456,1,NULL,NULL),(1232,'JOAQUIM VALÉRIO',2,8,14,45551,1,NULL,NULL),(1233,'JORGE AUDE',2,3,14,12333,1,NULL,NULL),(1234,'JOSÉ ALTEVIR',2,7,14,40777,1,NULL,NULL),(1235,'JOSÉ MARIA',2,31,14,90777,1,NULL,NULL),(1236,'JOZIEL',2,31,14,90999,1,NULL,NULL),(1237,'JUSCELINO GOMES',2,21,14,27123,1,NULL,NULL),(1238,'KELI DE BRITO',2,16,14,11001,1,NULL,NULL),(1239,'KELLY TAMIRES',2,1,14,15000,1,NULL,NULL),(1240,'LAEZIO',2,1,14,15604,1,NULL,NULL),(1241,'LEAL',2,4,14,13555,1,NULL,NULL),(1242,'LETÍCIA KNIDEL',2,8,14,45009,1,NULL,NULL),(1243,'LIBNE',2,1,14,15112,1,NULL,NULL),(1244,'LÓ',2,5,14,25123,1,NULL,NULL),(1245,'LUCAS',2,1,14,15123,1,NULL,NULL),(1246,'MARCELO MELO',2,8,14,45000,1,NULL,NULL),(1247,'MARIA ANTONIA',2,6,14,65789,1,NULL,NULL),(1248,'MARINA DO CAQUETÁ',2,4,14,13444,1,NULL,NULL),(1249,'MARIO SOUZA',2,14,14,43123,1,NULL,NULL),(1250,'MÁXIMO DA QUADRANGULAR',2,31,14,90388,1,NULL,NULL),(1251,'NAZAR',2,4,14,13133,1,NULL,NULL),(1252,'NENO',2,6,14,65614,1,NULL,NULL),(1253,'NILTIN DO TOCANTINS',2,1,14,15115,1,NULL,NULL),(1254,'PROF ESQUERDA',2,28,14,55789,1,NULL,NULL),(1255,'PROF JOÃO PAULO',2,8,14,45678,1,NULL,NULL),(1256,'PROF LUAN LUZ',2,21,14,27234,1,NULL,NULL),(1257,'PROF ROZAURO',2,8,14,45600,1,NULL,NULL),(1258,'PROFESSOR ADALBERTO',2,28,14,55123,1,NULL,NULL),(1259,'PROFESSOR ELONDES',2,4,14,13000,1,NULL,NULL),(1260,'PROFESSOR GENILSON BATISTA',2,1,14,15678,1,NULL,NULL),(1261,'PROFESSOR RICARDO',2,1,14,15555,1,NULL,NULL),(1262,'PROFESSORA NAÍRA',2,1,14,15016,1,NULL,NULL),(1263,'QUESNEI AFONSO',2,16,14,11123,1,NULL,NULL),(1264,'RAIMUNDA DO ANAZILDO',2,14,14,43555,1,NULL,NULL),(1265,'RAQUEL',2,3,14,12567,1,NULL,NULL),(1266,'RIBEIRO',2,14,14,43333,1,NULL,NULL),(1267,'RICARDO SILVA',2,16,14,11111,1,NULL,NULL),(1268,'RUTH CESINO',2,1,14,15615,1,NULL,NULL),(1269,'SANDRA CESARIO',2,4,14,13413,1,NULL,NULL),(1270,'SILVIA BARCELLOS',2,8,14,45101,1,NULL,NULL),(1271,'TADEU',2,6,14,65000,1,NULL,NULL),(1272,'TEO DA ÁGUA',2,31,14,90123,1,NULL,NULL),(1273,'TOIN ABÍLIO',2,1,14,15234,1,NULL,NULL),(1274,'VALMIRÁ',2,14,14,43000,1,NULL,NULL),(1275,'VALTAIR',2,6,14,65777,1,NULL,NULL),(1276,'VALTER',2,16,14,11125,1,NULL,NULL),(1277,'WALDY',2,31,14,90222,1,NULL,NULL),(1278,'ZÉ GUILHERME',2,4,14,13333,1,NULL,NULL),(1279,'ZÉ ROBERTO',2,16,14,11000,1,NULL,NULL),(1280,'ZETE',2,6,14,65444,1,NULL,NULL),(1281,'ZEZA',2,16,14,11163,1,NULL,NULL),(1282,'MARCOS TAVARES',1,4,15,13,1,NULL,NULL),(1283,'ZEZINHO BARBARY',1,1,15,15,1,NULL,NULL),(1284,'ADALBERTO',2,1,15,15122,1,NULL,NULL),(1285,'ADO',2,28,15,55123,1,NULL,NULL),(1286,'ALAILSON PINHEIRO',2,16,15,11111,1,NULL,NULL),(1287,'ANDRE',2,31,15,90110,1,NULL,NULL),(1288,'ARAUJO',2,8,15,45123,1,NULL,NULL),(1289,'CARLINHOS',2,1,15,15127,1,NULL,NULL),(1290,'CHAGA',2,7,15,40555,1,NULL,NULL),(1291,'CHICO DO AGENARIO',2,27,15,22115,1,NULL,NULL),(1292,'DAISE',2,31,15,90333,1,NULL,NULL),(1293,'DÁRCILA',2,16,15,11222,1,NULL,NULL),(1294,'DEVANILDE',2,28,15,55124,1,NULL,NULL),(1295,'ELIMAR FERREIRA',2,31,15,90000,1,NULL,NULL),(1296,'ELISSANDRO',2,16,15,11333,1,NULL,NULL),(1297,'ELIZABETH',2,8,15,45115,1,NULL,NULL),(1298,'EMERSON MEDALHA',2,21,15,27456,1,NULL,NULL),(1299,'ENFERMEIRA SÂMIA',2,28,15,55555,1,NULL,NULL),(1300,'GARSONE MELO',2,1,15,15123,1,NULL,NULL),(1301,'GETÚLIO',2,31,15,90222,1,NULL,NULL),(1302,'HELENA',2,4,15,13113,1,NULL,NULL),(1303,'IRANETE',2,27,15,22123,1,NULL,NULL),(1304,'IVO DIAS',2,16,15,11122,1,NULL,NULL),(1305,'JANETE',2,4,15,13444,1,NULL,NULL),(1306,'JÓ DO BESOURO',2,1,15,15234,1,NULL,NULL),(1307,'JOAO BATISTA',2,25,15,10111,1,NULL,NULL),(1308,'JOÃO DA HILDA',2,27,15,22234,1,NULL,NULL),(1309,'JORGE BARBARY',2,4,15,13000,1,NULL,NULL),(1310,'JOSE FRANÇA',2,4,15,13333,1,NULL,NULL),(1311,'JURANDIR PINHEIRO',2,7,15,40400,1,NULL,NULL),(1312,'LINDALVA',2,21,15,27123,1,NULL,NULL),(1313,'MANOEL SOARES',2,1,15,15124,1,NULL,NULL),(1314,'MARCLEISON ALVES',2,6,15,65123,1,NULL,NULL),(1315,'MARDONIO',2,4,15,13123,1,NULL,NULL),(1316,'MARIA JOSE',2,4,15,13456,1,NULL,NULL),(1317,'MARIA JOSE DO MILTON',2,1,15,15125,1,NULL,NULL),(1318,'MARIA JOZIMAR DOS SANTOS SOUZA',2,6,15,65963,1,NULL,NULL),(1319,'MOÇA',2,1,15,15115,1,NULL,NULL),(1320,'NAZO',2,27,15,22333,1,NULL,NULL),(1321,'NEGO DO TEMISTA',2,28,15,55111,1,NULL,NULL),(1322,'ORLEIR FORTUNATO',2,3,15,12345,1,NULL,NULL),(1323,'PROFESSORA',2,1,15,15126,1,NULL,NULL),(1324,'PROFESSORA UILA',2,16,15,11115,1,NULL,NULL),(1325,'RADI CAMELI',2,4,15,13114,1,NULL,NULL),(1326,'ROSILDO CASSIANO',2,28,15,55122,1,NULL,NULL),(1327,'VALTER',2,25,15,10222,1,NULL,NULL),(1328,'ZÉ DO LUCA',2,3,15,12123,1,NULL,NULL),(1329,'ZÉ NILSON',2,16,15,11123,1,NULL,NULL),(1330,'CARLOS GOMES',1,34,16,18,1,NULL,NULL),(1331,'ELIANE SINHASIQUE',1,1,16,15,1,NULL,NULL),(1332,'MARCUS ALEXANDRE',1,4,16,13,1,NULL,NULL),(1333,'VAZ',1,27,16,22,1,NULL,NULL),(1334,'ADRIANO MORAIS',2,4,16,13800,1,NULL,NULL),(1335,'AFONSO',2,35,16,35123,1,NULL,NULL),(1336,'ALAN CARLOS',2,21,16,27222,1,NULL,NULL),(1337,'ALDENORA SALES',2,28,16,55444,1,NULL,NULL),(1338,'ALESSANDRA CIACCI',2,14,16,43043,1,NULL,NULL),(1339,'ALEXANDRE THOMAZINI',2,8,16,45123,1,NULL,NULL),(1340,'ALEXANDRINA VASQUES',2,12,16,44300,1,NULL,NULL),(1341,'ALONSO ANDRADE',2,14,16,43233,1,NULL,NULL),(1342,'ANDERSON SANDRO',2,3,16,12555,1,NULL,NULL),(1343,'ANDERSON TATATO',2,31,16,90999,1,NULL,NULL),(1344,'ANDRÉ MANSOUR',2,4,16,13555,1,NULL,NULL),(1345,'ANDRÉ PINHEIRO',2,25,16,10910,1,NULL,NULL),(1346,'ANDRÉ SILVA',2,34,16,18181,1,NULL,NULL),(1347,'ANTÔNIO DA VAN',2,3,16,12355,1,NULL,NULL),(1348,'ANTONIO FERNANDES',2,21,16,27700,1,NULL,NULL),(1349,'ANTONIO MORAIS',2,4,16,13234,1,NULL,NULL),(1350,'APOSTOLO TIAGO PANTOJA',2,21,16,27333,1,NULL,NULL),(1351,'ARNALDO BARROS',2,12,16,44123,1,NULL,NULL),(1352,'ARTEMIO',2,7,16,40888,1,NULL,NULL),(1353,'AUGUSTO AGUIAR',2,16,16,11000,1,NULL,NULL),(1354,'AUGUSTO LIBERAL',2,1,16,15333,1,NULL,NULL),(1355,'ÁUREA BRITTO',2,25,16,10222,1,NULL,NULL),(1356,'BEBETO JUNIOR',2,20,16,31190,1,NULL,NULL),(1357,'BERNADETE',2,28,16,55155,1,NULL,NULL),(1358,'BETH PINHEIRO',2,3,16,12345,1,NULL,NULL),(1359,'BETHO CALIXTO',2,1,16,15015,1,NULL,NULL),(1360,'BETO NUNES',2,20,16,31789,1,NULL,NULL),(1361,'BIGODE O MECÂNICO',2,25,16,10200,1,NULL,NULL),(1362,'BOMBEIRO ALVES',2,35,16,35193,1,NULL,NULL),(1363,'BRUNA FERNANDA',2,16,16,11555,1,NULL,NULL),(1364,'CABIDE',2,5,16,25144,1,NULL,NULL),(1365,'CACHORRÃO',2,20,16,31777,1,NULL,NULL),(1366,'CARLÃO DA OURO VERDE',2,24,16,17777,1,NULL,NULL),(1367,'CARLINHOS MESQUITA',2,26,16,50250,1,NULL,NULL),(1368,'CARMINA GOMES',2,21,16,27852,1,NULL,NULL),(1369,'CELINO ARAÚJO',2,12,16,44678,1,NULL,NULL),(1370,'CELIO GADELHA',2,8,16,45888,1,NULL,NULL),(1371,'CHAGUINHA',2,12,16,44111,1,NULL,NULL),(1372,'CHARLES DO TRANSPORTE',2,25,16,10789,1,NULL,NULL),(1373,'CHICO BENÍCIO',2,16,16,11900,1,NULL,NULL),(1374,'CHICÓ BRITO',2,25,16,10333,1,NULL,NULL),(1375,'CHINA',2,5,16,25123,1,NULL,NULL),(1376,'CHIQUINHO VERAS',2,8,16,45321,1,NULL,NULL),(1377,'CICI',2,12,16,44345,1,NULL,NULL),(1378,'CLAUDIA XIMENES',2,34,16,18123,1,NULL,NULL),(1379,'CLEUDO PAIVA',2,16,16,11111,1,NULL,NULL),(1380,'CLEZIO MOREIRA',2,8,16,45000,1,NULL,NULL),(1381,'COELHO CELULAR',2,31,16,90100,1,NULL,NULL),(1382,'CRISPIN',2,24,16,17666,1,NULL,NULL),(1383,'CRUZ',2,16,16,11003,1,NULL,NULL),(1384,'DANIEL CRUZ',2,12,16,44666,1,NULL,NULL),(1385,'DANKAR',2,4,16,13000,1,NULL,NULL),(1386,'DARLENE DO WANDERLEY DANTAS',2,3,16,12333,1,NULL,NULL),(1387,'DAYANE SANTOS',2,26,16,50248,1,NULL,NULL),(1388,'DAYS JARUDE',2,31,16,90007,1,NULL,NULL),(1389,'DE PAULA',2,35,16,35345,1,NULL,NULL),(1390,'DENIS DOS TERCEIRIZADOS',2,21,16,27555,1,NULL,NULL),(1391,'DENNYS',2,26,16,50000,1,NULL,NULL),(1392,'DIÁCONO WANDERLEY',2,25,16,10456,1,NULL,NULL),(1393,'DJE CAVALCANTE',2,6,16,65007,1,NULL,NULL),(1394,'DR. JAKSON RAMOS',2,4,16,13777,1,NULL,NULL),(1395,'DR. MARIO MARCELO',2,24,16,17000,1,NULL,NULL),(1396,'DR. ROGERIO NASCIMENTO',2,35,16,35333,1,NULL,NULL),(1397,'EDIRAN',2,28,16,55800,1,NULL,NULL),(1398,'EDNARDO JOSE',2,31,16,90111,1,NULL,NULL),(1399,'EDSON OLIVEIRA',2,24,16,17999,1,NULL,NULL),(1400,'EDSON SILVA',2,20,16,31007,1,NULL,NULL),(1401,'EDUARDO FARIAS',2,6,16,65013,1,NULL,NULL),(1402,'EDVANIO CADEIRANTE',2,31,16,90888,1,NULL,NULL),(1403,'ELIANE IRMÃZINHA',2,13,16,23555,1,NULL,NULL),(1404,'ELIAS MACEDO',2,28,16,55123,1,NULL,NULL),(1405,'ELIETE RODRIGUES',2,8,16,45777,1,NULL,NULL),(1406,'ELISAMA LIMA (LILI)',2,23,16,19300,1,NULL,NULL),(1407,'ELIZIARIO DO CUSTODIO',2,12,16,44999,1,NULL,NULL),(1408,'ELZINHA MENDONÇA',2,3,16,12300,1,NULL,NULL),(1409,'EMERSON JARUDE',2,24,16,17111,1,NULL,NULL),(1410,'ENFERMEIRA DENIZE',2,6,16,65055,1,NULL,NULL),(1411,'ENGENHEIRA ALCINEYDE',2,24,16,17023,1,NULL,NULL),(1412,'EROS ASFURY',2,23,16,19123,1,NULL,NULL),(1413,'EVA GALVÃO',2,8,16,45045,1,NULL,NULL),(1414,'EVANDRO CORDEIRO',2,10,16,20123,1,NULL,NULL),(1415,'EVANDRO ROSAS BARÃO',2,7,16,40500,1,NULL,NULL),(1416,'FABIANO OLIVEIRA',2,16,16,11233,1,NULL,NULL),(1417,'FABIO ANDRADE',2,24,16,17007,1,NULL,NULL),(1418,'FABIO ARAUJO',2,4,16,13690,1,NULL,NULL),(1419,'FARIAS (CAI CAI)',2,2,16,14111,1,NULL,NULL),(1420,'FELIPE MENDES',2,8,16,45500,1,NULL,NULL),(1421,'FERNANDO MARTINS',2,6,16,65000,1,NULL,NULL),(1422,'FERREIRA DO CALAFATE',2,3,16,12789,1,NULL,NULL),(1423,'FIESCA DA POPULAR',2,23,16,19019,1,NULL,NULL),(1424,'FRANCIAN LIMA',2,35,16,35777,1,NULL,NULL),(1425,'FRANCISCO PIABA',2,25,16,10111,1,NULL,NULL),(1426,'FRANK LIMA',2,5,16,25800,1,NULL,NULL),(1427,'GABRIELA ASSAF',2,4,16,13145,1,NULL,NULL),(1428,'GABRIELA CAMARA',2,9,16,36123,1,NULL,NULL),(1429,'GÊMEA DA ESTAÇÃO',2,16,16,11911,1,NULL,NULL),(1430,'GENILSON TRUTA',2,25,16,10555,1,NULL,NULL),(1431,'GERMANO DO ESPERANÇA',2,24,16,17222,1,NULL,NULL),(1432,'GIL BARROS',2,12,16,44000,1,NULL,NULL),(1433,'GILSON ALBUQUERQUE',2,31,16,90500,1,NULL,NULL),(1434,'GIZELDA SILVEIRA',2,16,16,11789,1,NULL,NULL),(1435,'GLAUBERSON',2,26,16,50500,1,NULL,NULL),(1436,'GLEINA SILVA',2,21,16,27174,1,NULL,NULL),(1437,'GLEISON BANDEIRA',2,23,16,19222,1,NULL,NULL),(1438,'GLEISSON ALMEIDA',2,31,16,90200,1,NULL,NULL),(1439,'GLEYSON BARBOSA',2,11,16,33123,1,NULL,NULL),(1440,'GRAÇA DA BAIXADA',2,4,16,13130,1,NULL,NULL),(1441,'HAMILTON LUCENA',2,8,16,45369,1,NULL,NULL),(1442,'IAN NABI',2,12,16,44321,1,NULL,NULL),(1443,'IEVE TERRANOVA',2,4,16,13139,1,NULL,NULL),(1444,'IRLAN RIBEIRO',2,1,16,15511,1,NULL,NULL),(1445,'IRLANE PROTETORA',2,21,16,27012,1,NULL,NULL),(1446,'IRMAOZINHO DA BANQUINHA',2,21,16,27007,1,NULL,NULL),(1447,'ISMAEL MUNIZ',2,4,16,13612,1,NULL,NULL),(1448,'IÚNA CHAVES',2,34,16,18111,1,NULL,NULL),(1449,'IVAN ARRUDA',2,8,16,45145,1,NULL,NULL),(1450,'JAIDESSON',2,6,16,65655,1,NULL,NULL),(1451,'JAIRESON SANTOS',2,14,16,43012,1,NULL,NULL),(1452,'JAMES',2,4,16,13100,1,NULL,NULL),(1453,'JEFFERSON BARROSO',2,20,16,31321,1,NULL,NULL),(1454,'JÉSSICA MONTEIRO',2,1,16,15120,1,NULL,NULL),(1455,'JÍBSON MAIA',2,34,16,18000,1,NULL,NULL),(1456,'JÔ LUIS',2,4,16,13789,1,NULL,NULL),(1457,'JOANA DINIZ- JOANINHA',2,27,16,22222,1,NULL,NULL),(1458,'JOÃO MARCOS LUZ',2,1,16,15800,1,NULL,NULL),(1459,'JOÃO PAULO BITTAR',2,8,16,45100,1,NULL,NULL),(1460,'JOÃO REIS',2,35,16,35888,1,NULL,NULL),(1461,'JOAQUIM FLORÊNCIO',2,7,16,40133,1,NULL,NULL),(1462,'JORGE DE OLIVEIRA',2,31,16,90555,1,NULL,NULL),(1463,'JOSÉ IVAN',2,24,16,17789,1,NULL,NULL),(1464,'JOSÉ LIMA',2,34,16,18888,1,NULL,NULL),(1465,'JOSÉ MASTRANGELO',2,13,16,23444,1,NULL,NULL),(1466,'JOSÉ RACI',2,28,16,55113,1,NULL,NULL),(1467,'JOSÉ RAIMUNDO',2,20,16,31456,1,NULL,NULL),(1468,'JOSE TORNI',2,16,16,11888,1,NULL,NULL),(1469,'JOSEMIR ANUTE',2,12,16,44888,1,NULL,NULL),(1470,'JOSIMAR RIBEIRO',2,21,16,27144,1,NULL,NULL),(1471,'JU',2,20,16,31444,1,NULL,NULL),(1472,'JULIO CAÇAMBEIRO',2,6,16,65123,1,NULL,NULL),(1473,'JUNIOR BRANA',2,3,16,12222,1,NULL,NULL),(1474,'JÚNIOR SANTIAGO',2,16,16,11234,1,NULL,NULL),(1475,'JURUNA',2,24,16,17456,1,NULL,NULL),(1476,'KARLOS SERATO',2,34,16,18016,1,NULL,NULL),(1477,'KATHERINE ALMEIDA',2,31,16,90321,1,NULL,NULL),(1478,'KENNEDY TEODORO',2,21,16,27227,1,NULL,NULL),(1479,'KIM DO CALAFATE',2,12,16,44445,1,NULL,NULL),(1480,'KYM YARZON',2,34,16,18321,1,NULL,NULL),(1481,'LAÉRCIO DA FAMÁRCIA',2,25,16,10444,1,NULL,NULL),(1482,'LAURA CRISTINA',2,23,16,19999,1,NULL,NULL),(1483,'LEANDRO COSTA',2,12,16,44444,1,NULL,NULL),(1484,'LENE PETECÃO',2,28,16,55555,1,NULL,NULL),(1485,'LENIS DA PESCA',2,16,16,11123,1,NULL,NULL),(1486,'LÉO DO WALDEMAR MACIEL',2,4,16,13145,1,NULL,NULL),(1487,'LÍBIA ALMEIDA',2,34,16,18555,1,NULL,NULL),(1488,'LÍDIA ARAÚJO',2,25,16,10001,1,NULL,NULL),(1489,'LIDIANNE CABRAL',2,4,16,13013,1,NULL,NULL),(1490,'LORA DA BAIXADA',2,21,16,27123,1,NULL,NULL),(1491,'LORA VENDEDORA',2,3,16,12444,1,NULL,NULL),(1492,'LOURDES',2,1,16,15222,1,NULL,NULL),(1493,'LUCI',2,21,16,27122,1,NULL,NULL),(1494,'LUCIA ARAÚJO',2,26,16,50150,1,NULL,NULL),(1495,'LÚCIA MARTINS',2,31,16,90147,1,NULL,NULL),(1496,'LUCIANO DA RECICLAGEM',2,25,16,10000,1,NULL,NULL),(1497,'LUCIENE COSTA',2,8,16,45126,1,NULL,NULL),(1498,'LULA MELO',2,14,16,43333,1,NULL,NULL),(1499,'LUZIVALDO DA ÁGAPE',2,5,16,25556,1,NULL,NULL),(1500,'LYRA XAPURI',2,5,16,25111,1,NULL,NULL),(1501,'MANOEL IZO',2,8,16,45012,1,NULL,NULL),(1502,'MANOEL MESSIAS',2,31,16,90000,1,NULL,NULL),(1503,'MANOEL TELA',2,11,16,33027,1,NULL,NULL),(1504,'MARCELO JUCÁ',2,21,16,27100,1,NULL,NULL),(1505,'MARCELO PINTURA',2,6,16,65789,1,NULL,NULL),(1506,'MARCELO VIANA',2,31,16,90223,1,NULL,NULL),(1507,'MARCIO NEGAO',2,12,16,44777,1,NULL,NULL),(1508,'MARCIO RICARDO',2,12,16,44500,1,NULL,NULL),(1509,'MARCO COSTA',2,12,16,44700,1,NULL,NULL),(1510,'MARCOS ALEXANDRE B. BEZERRA',2,23,16,19000,1,NULL,NULL),(1511,'MARCOS COVEIRO',2,26,16,50123,1,NULL,NULL),(1512,'MARCOS MEDINA',2,21,16,27444,1,NULL,NULL),(1513,'MARCOS ROCHA',2,20,16,31690,1,NULL,NULL),(1514,'MARCOS ROCHA (PERIQUITO)',2,8,16,45555,1,NULL,NULL),(1515,'MARCOS VENICIO',2,6,16,65065,1,NULL,NULL),(1516,'MARIA ANTONIA',2,35,16,35770,1,NULL,NULL),(1517,'MARIA EUGÊNIA',2,11,16,33333,1,NULL,NULL),(1518,'MARIA SOUSA',2,16,16,11007,1,NULL,NULL),(1519,'MARIA TARCILIA',2,1,16,15999,1,NULL,NULL),(1520,'MARILIA CHAVES',2,23,16,19007,1,NULL,NULL),(1521,'MARINETE FRANÇA',2,21,16,27113,1,NULL,NULL),(1522,'MARIO ARBITRO',2,12,16,44222,1,NULL,NULL),(1523,'MARIO MOTO TAXI',2,12,16,44600,1,NULL,NULL),(1524,'MARIO SERGIO',2,21,16,27567,1,NULL,NULL),(1525,'MARISELVA PEREIRA',2,23,16,19012,1,NULL,NULL),(1526,'MARY DO PROF. JÚLIO',2,24,16,17333,1,NULL,NULL),(1527,'MATHEUS ALMEIDA',2,25,16,10110,1,NULL,NULL),(1528,'MAURA AKINO',2,14,16,43000,1,NULL,NULL),(1529,'MAYARA ALVES',2,35,16,35777,1,NULL,NULL),(1530,'MELÉ',2,23,16,19567,1,NULL,NULL),(1531,'MESSIAS TAVARES',2,31,16,90400,1,NULL,NULL),(1532,'MICHARIA',2,21,16,27111,1,NULL,NULL),(1533,'MICHEL ALEXANDRE',2,23,16,19456,1,NULL,NULL),(1534,'MIRIA CARVALHO',2,21,16,27245,1,NULL,NULL),(1535,'MIRO MESQUITA LIRA',2,12,16,44555,1,NULL,NULL),(1536,'MIRTES GOES',2,6,16,65333,1,NULL,NULL),(1537,'MISSIONARIA CONCEIÇÃO',2,31,16,90340,1,NULL,NULL),(1538,'MISSIONARIA ROSE RAMOS',2,27,16,22123,1,NULL,NULL),(1539,'N. LIMA',2,5,16,25555,1,NULL,NULL),(1540,'NAAMAN BRITO',2,35,16,35555,1,NULL,NULL),(1541,'NABOR SALES',2,14,16,43777,1,NULL,NULL),(1542,'NAIANE PACHECO',2,12,16,44456,1,NULL,NULL),(1543,'NANA',2,2,16,14333,1,NULL,NULL),(1544,'NARA DO PROS',2,31,16,90364,1,NULL,NULL),(1545,'NAZA SALES',2,7,16,40800,1,NULL,NULL),(1546,'NAZARÉ',2,12,16,44200,1,NULL,NULL),(1547,'NAZARÉ DO TACACÁ',2,31,16,90456,1,NULL,NULL),(1548,'NAZARÉ MARINHO',2,16,16,11002,1,NULL,NULL),(1549,'NEGUINHO GARÇOM',2,8,16,45111,1,NULL,NULL),(1550,'NENO',2,13,16,23222,1,NULL,NULL),(1551,'NILSON POPULAR',2,16,16,11333,1,NULL,NULL),(1552,'PASTOR CELESTINO',2,8,16,45999,1,NULL,NULL),(1553,'PASTOR MANUEL MARCOS',2,25,16,10123,1,NULL,NULL),(1554,'PASTOR MARCOS FABRICIO',2,31,16,90123,1,NULL,NULL),(1555,'PASTOR WALDIR',2,31,16,90130,1,NULL,NULL),(1556,'PASTORA HAYDA',2,20,16,31002,1,NULL,NULL),(1557,'PASTORA SANDRA ASFURY',2,3,16,12144,1,NULL,NULL),(1558,'PAULO DESPACHANTE',2,21,16,27127,1,NULL,NULL),(1559,'PAULO TROVÃO',2,25,16,10777,1,NULL,NULL),(1560,'PAULO VITOR',2,16,16,11001,1,NULL,NULL),(1561,'PELEZINHO',2,4,16,13369,1,NULL,NULL),(1562,'PENINHA',2,31,16,90444,1,NULL,NULL),(1563,'PEPE',2,21,16,27000,1,NULL,NULL),(1564,'PEQUENA MANTEIGUINHA',2,1,16,15123,1,NULL,NULL),(1565,'PEREIRINHA',2,21,16,27654,1,NULL,NULL),(1566,'PINGO',2,4,16,13258,1,NULL,NULL),(1567,'PR REVELINO (IRMÃO RIVA)',2,23,16,19777,1,NULL,NULL),(1568,'PROF LAYANE VIEIRA',2,35,16,35101,1,NULL,NULL),(1569,'PROF. FONTES',2,12,16,44333,1,NULL,NULL),(1570,'PROF. PEDRO HILVEM',2,21,16,27222,1,NULL,NULL),(1571,'PROF. RONDINEY DOURADO',2,1,16,15789,1,NULL,NULL),(1572,'PROF. TIBIRIÇÁ',2,31,16,90213,1,NULL,NULL),(1573,'PROF.PAULO AUGUSTO',2,6,16,65678,1,NULL,NULL),(1574,'PROFESSOR EDY',2,6,16,65652,1,NULL,NULL),(1575,'PROFESSOR ROGER',2,7,16,40000,1,NULL,NULL),(1576,'PROFESSOR SERGIO TORRES',2,8,16,45456,1,NULL,NULL),(1577,'PROFESSORA ALICE',2,4,16,13456,1,NULL,NULL),(1578,'PROFESSORA NAZINHA ARRUDA',2,24,16,17707,1,NULL,NULL),(1579,'PROFESSORA SHEILA',2,13,16,23146,1,NULL,NULL),(1580,'PROFESSORA WENUS',2,8,16,45645,1,NULL,NULL),(1581,'RABELO GOES',2,16,16,11222,1,NULL,NULL),(1582,'RAIANE DO O',2,12,16,44002,1,NULL,NULL),(1583,'RAILA INACIO',2,7,16,40600,1,NULL,NULL),(1584,'RAILSON CORREIA',2,23,16,19100,1,NULL,NULL),(1585,'RAIMUNDO FERNANDES',2,1,16,15951,1,NULL,NULL),(1586,'RAIMUNDO NENÉM',2,20,16,31555,1,NULL,NULL),(1587,'RAIMUNDO NONATO',2,12,16,44900,1,NULL,NULL),(1588,'RAQUEL FELIX',2,14,16,43024,1,NULL,NULL),(1589,'RAQUEL SANTOS',2,31,16,90777,1,NULL,NULL),(1590,'RAY SANTOS',2,2,16,14000,1,NULL,NULL),(1591,'REGINALDO CORDEIRO',2,28,16,55789,1,NULL,NULL),(1592,'RIBA DA TRANSACREANA',2,31,16,90222,1,NULL,NULL),(1593,'ROBERTO DUARTE',2,1,16,15555,1,NULL,NULL),(1594,'RODRIGO FORNECK',2,4,16,13131,1,NULL,NULL),(1595,'ROGERIO SANTOS',2,26,16,50789,1,NULL,NULL),(1596,'RONAS DAS PLACAS',2,8,16,45678,1,NULL,NULL),(1597,'ROSE COSTA',2,4,16,13321,1,NULL,NULL),(1598,'ROSELANE SPORTS',2,12,16,44234,1,NULL,NULL),(1599,'ROSINHA DO BENFICA',2,3,16,12120,1,NULL,NULL),(1600,'RUTÊNIO SA',2,12,16,44800,1,NULL,NULL),(1601,'RUY BIRICO',2,21,16,27888,1,NULL,NULL),(1602,'SALIM',2,4,16,13500,1,NULL,NULL),(1603,'SANDRA MARQUES',2,8,16,45244,1,NULL,NULL),(1604,'SANDRO REGO',2,8,16,45333,1,NULL,NULL),(1605,'SERGINHO ONOFRE',2,20,16,31123,1,NULL,NULL),(1606,'SERGIO ORTIZ',2,21,16,27027,1,NULL,NULL),(1607,'SEU MITA',2,31,16,90333,1,NULL,NULL),(1608,'SGT ALADIO',2,21,16,27455,1,NULL,NULL),(1609,'SGT. SILVA NETO',2,8,16,45190,1,NULL,NULL),(1610,'SHEYLA',2,35,16,35137,1,NULL,NULL),(1611,'SIDNEY LINS',2,35,16,35553,1,NULL,NULL),(1612,'SILENE',2,3,16,12012,1,NULL,NULL),(1613,'SILVINHA NORONHA',2,24,16,17123,1,NULL,NULL),(1614,'SIRINEY MENDES',2,31,16,90700,1,NULL,NULL),(1615,'SOCORRO LIMA',2,4,16,13012,1,NULL,NULL),(1616,'SUELLEN CARLOS',2,20,16,31212,1,NULL,NULL),(1617,'TANIA OLIVEIRA',2,12,16,44404,1,NULL,NULL),(1618,'THIAGO ALMEIDA',2,3,16,12000,1,NULL,NULL),(1619,'THIAGO BAÉ',2,21,16,27777,1,NULL,NULL),(1620,'TIANA RIBEIRO',2,5,16,25000,1,NULL,NULL),(1621,'TIÃO BRUZUGU',2,14,16,43123,1,NULL,NULL),(1622,'TOINHO SAMPAIO',2,35,16,35000,1,NULL,NULL),(1623,'VAL MESQUITA',2,12,16,44400,1,NULL,NULL),(1624,'VALDA FELIX',2,12,16,44044,1,NULL,NULL),(1625,'VALMIR NEGÃO',2,12,16,44567,1,NULL,NULL),(1626,'VALTER DA SEGURANÇA',2,1,16,15000,1,NULL,NULL),(1627,'VANIA MOREIRA',2,20,16,31678,1,NULL,NULL),(1628,'VANUZIA DAMASCENO',2,21,16,27277,1,NULL,NULL),(1629,'VICENTE',2,8,16,45222,1,NULL,NULL),(1630,'VIVIANI MAIA',2,1,16,15151,1,NULL,NULL),(1631,'WALDIR FRANÇA',2,26,16,50050,1,NULL,NULL),(1632,'WASHINGTON RODRIGUES',2,16,16,11777,1,NULL,NULL),(1633,'ZAQUEU DA AUTO ELÉTRICA',2,13,16,23777,1,NULL,NULL),(1634,'ZE CARLOS DA CONSULTEC',2,31,16,90789,1,NULL,NULL),(1635,'ZÉ LUIZ AUTOESCOLA DÉBORA LULA',2,24,16,17444,1,NULL,NULL),(1636,'ZÉ ROBERTO COOPSERGE',2,20,16,31031,1,NULL,NULL),(1637,'ZENA VALENTE',2,31,16,90600,1,NULL,NULL),(1638,'JAILSON EUGENIO',1,26,17,50,1,NULL,NULL),(1639,'MARCIO',1,31,17,90,1,NULL,NULL),(1640,'SEBASTIÃO CORREIA',1,1,17,15,1,NULL,NULL),(1641,'ALZIRA',2,25,17,10116,1,NULL,NULL),(1642,'ANASILDO',2,28,17,55111,1,NULL,NULL),(1643,'ANDERSON CARLOS',2,26,17,50222,1,NULL,NULL),(1644,'ANTONIA SANDRA',2,31,17,90100,1,NULL,NULL),(1645,'ANTÔNIO LÚCIO',2,16,17,11122,1,NULL,NULL),(1646,'BONECO',2,26,17,50234,1,NULL,NULL),(1647,'CHICO DA BORRACHARIA',2,25,17,10123,1,NULL,NULL),(1648,'CHICO PINTOR',2,1,17,15678,1,NULL,NULL),(1649,'CHICO VAQUEIRO',2,1,17,15555,1,NULL,NULL),(1650,'CLAUDIMAR',2,28,17,55222,1,NULL,NULL),(1651,'CLAUDIOMAR',2,1,17,15115,1,NULL,NULL),(1652,'CURINGA',2,4,17,13012,1,NULL,NULL),(1653,'DAÍRES',2,1,17,15999,1,NULL,NULL),(1654,'DARIMAR',2,4,17,13123,1,NULL,NULL),(1655,'DINA',2,26,17,50456,1,NULL,NULL),(1656,'DIONE',2,1,17,15155,1,NULL,NULL),(1657,'EDSON SANTANA',2,1,17,15222,1,NULL,NULL),(1658,'ELENILTON',2,26,17,50122,1,NULL,NULL),(1659,'ELIODA',2,1,17,15888,1,NULL,NULL),(1660,'ELVES BARROS',2,4,17,13013,1,NULL,NULL),(1661,'ENO DA UNIÃO',2,28,17,55333,1,NULL,NULL),(1662,'EVERALDO',2,28,17,55123,1,NULL,NULL),(1663,'FÁTIMA PARNAÍBA',2,12,17,44000,1,NULL,NULL),(1664,'FOFA DA NOVA CINTRA',2,1,17,15444,1,NULL,NULL),(1665,'GENTILEZA',2,6,17,65333,1,NULL,NULL),(1666,'GERALDO',2,31,17,90125,1,NULL,NULL),(1667,'INALVA',2,12,17,44444,1,NULL,NULL),(1668,'JACINTO',2,1,17,15000,1,NULL,NULL),(1669,'JANETE',2,4,17,13222,1,NULL,NULL),(1670,'JARDSON DO TOTONIO',2,1,17,15015,1,NULL,NULL),(1671,'JOÃO PAULO',2,1,17,15777,1,NULL,NULL),(1672,'JORGINHO',2,12,17,44123,1,NULL,NULL),(1673,'JOSÉ ARNALDO',2,31,17,90222,1,NULL,NULL),(1674,'JOSÉ DO CLAUDIO',2,26,17,50123,1,NULL,NULL),(1675,'JOSUÉ DOURADO',2,31,17,90123,1,NULL,NULL),(1676,'LAIR',2,20,17,31000,1,NULL,NULL),(1677,'LEIDE',2,1,17,15134,1,NULL,NULL),(1678,'LENI',2,12,17,44777,1,NULL,NULL),(1679,'LENI FARIAS',2,31,17,90333,1,NULL,NULL),(1680,'MANEL MARCO',2,25,17,10555,1,NULL,NULL),(1681,'MANOEL MACACO',2,6,17,65222,1,NULL,NULL),(1682,'MAR',2,1,17,15124,1,NULL,NULL),(1683,'MARCELO SILVA',2,4,17,13789,1,NULL,NULL),(1684,'MARCILENE',2,4,17,13111,1,NULL,NULL),(1685,'MARIA DA CONCEIÇÃO',2,26,17,50678,1,NULL,NULL),(1686,'MARIA GENI',2,28,17,55122,1,NULL,NULL),(1687,'MARNILDO',2,31,17,90111,1,NULL,NULL),(1688,'MARRETA',2,31,17,90112,1,NULL,NULL),(1689,'MENDES',2,4,17,13456,1,NULL,NULL),(1690,'MOACIR',2,26,17,50000,1,NULL,NULL),(1691,'NARCISO',2,25,17,10000,1,NULL,NULL),(1692,'NELCINHA',2,31,17,90120,1,NULL,NULL),(1693,'NENZINHO',2,16,17,11604,1,NULL,NULL),(1694,'NETO AUTO PEÇAS',2,1,17,15111,1,NULL,NULL),(1695,'NETO DO JAMILSON',2,28,17,55055,1,NULL,NULL),(1696,'NETO LIMA',2,1,17,15123,1,NULL,NULL),(1697,'NEUZINHA',2,16,17,11123,1,NULL,NULL),(1698,'NIRA DO DIONÍSIO',2,4,17,13000,1,NULL,NULL),(1699,'NOÉ',2,31,17,90000,1,NULL,NULL),(1700,'PATRÍCIA',2,28,17,55000,1,NULL,NULL),(1701,'PRETO DA FOZ',2,1,17,15333,1,NULL,NULL),(1702,'PROF. JOSÉ FRANCISCO',2,16,17,11111,1,NULL,NULL),(1703,'PROFESSOR ARTEMISO',2,31,17,90555,1,NULL,NULL),(1704,'PURÉ',2,12,17,44044,1,NULL,NULL),(1705,'RAIMUNDA',2,26,17,50555,1,NULL,NULL),(1706,'RENA',2,7,17,40000,1,NULL,NULL),(1707,'RITA CARMO',2,25,17,10115,1,NULL,NULL),(1708,'RITALI',2,25,17,10111,1,NULL,NULL),(1709,'ROBERTO PASMINO',2,3,17,12012,1,NULL,NULL),(1710,'ROSALHA',2,16,17,11000,1,NULL,NULL),(1711,'SALATIEL',2,28,17,55555,1,NULL,NULL),(1712,'SANDRO MATO TAXI',2,25,17,10487,1,NULL,NULL),(1713,'SAULO DO POSTO',2,1,17,15122,1,NULL,NULL),(1714,'SILA',2,1,17,15125,1,NULL,NULL),(1715,'TEREZINHA FERNANDES',2,6,17,65123,1,NULL,NULL),(1716,'TUCA',2,6,17,65000,1,NULL,NULL),(1717,'VIEIRA',2,26,17,50789,1,NULL,NULL),(1718,'ZÉ MELO',2,1,17,15112,1,NULL,NULL),(1719,'ASSIS MOURA',1,12,18,44,1,NULL,NULL),(1720,'EDISEU VERISSIMO',1,4,18,13,1,NULL,NULL),(1721,'PAULO LOPES',1,28,18,55,1,NULL,NULL),(1722,'RIVELINO MOTA',1,27,18,22,1,NULL,NULL),(1723,'VALDEMAR MOURA',1,16,18,11,1,NULL,NULL),(1724,'ADELSON KAXINAWÁ',2,12,18,44000,1,NULL,NULL),(1725,'ALBERTO OLIVEIRA',2,4,18,13123,1,NULL,NULL),(1726,'ALDO MOURA',2,27,18,22123,1,NULL,NULL),(1727,'ANA CLAUDIA',2,1,18,15777,1,NULL,NULL),(1728,'ARMANDO HUNIKUI',2,12,18,44561,1,NULL,NULL),(1729,'BOÇAL',2,14,18,43555,1,NULL,NULL),(1730,'BRANCA',2,27,18,22000,1,NULL,NULL),(1731,'CACIQUE MANOEL',2,12,18,44123,1,NULL,NULL),(1732,'CIRO LOPES',2,28,18,55555,1,NULL,NULL),(1733,'CLAUDIO LOPES',2,8,18,45234,1,NULL,NULL),(1734,'COSMO RODRIGUES',2,23,18,19111,1,NULL,NULL),(1735,'DEUSANGELA SALDANHA',2,4,18,13000,1,NULL,NULL),(1736,'DHULINHA',2,10,18,20111,1,NULL,NULL),(1737,'DOM',2,10,18,20110,1,NULL,NULL),(1738,'EDINALDO',2,12,18,44556,1,NULL,NULL),(1739,'ELIZANGELA',2,10,18,20333,1,NULL,NULL),(1740,'ENIO KULINA',2,27,18,22333,1,NULL,NULL),(1741,'EVILÁZIO',2,14,18,43111,1,NULL,NULL),(1742,'FRAN MELO',2,8,18,45999,1,NULL,NULL),(1743,'FRANCÉLIO',2,12,18,44333,1,NULL,NULL),(1744,'GABRIEL OLIVEIRA',2,28,18,55123,1,NULL,NULL),(1745,'GENIVAL SALES',2,8,18,45123,1,NULL,NULL),(1746,'GESSICA SOUZA',2,27,18,22111,1,NULL,NULL),(1747,'GIOVANNA',2,25,18,10101,1,NULL,NULL),(1748,'GREGORIO SERENO',2,4,18,13222,1,NULL,NULL),(1749,'GUINO',2,27,18,22777,1,NULL,NULL),(1750,'ILSON CUNHA',2,14,18,43444,1,NULL,NULL),(1751,'ISADORA MOTA',2,27,18,22999,1,NULL,NULL),(1752,'IZAQUE DO CABILUDO',2,31,18,90777,1,NULL,NULL),(1753,'JAMES MOURA',2,27,18,22222,1,NULL,NULL),(1754,'JORGE DO PORTO RICO',2,4,18,13333,1,NULL,NULL),(1755,'JULINHO BRANDÃO',2,25,18,10000,1,NULL,NULL),(1756,'KAKIM',2,8,18,45555,1,NULL,NULL),(1757,'KEULI VASQUE',2,27,18,22888,1,NULL,NULL),(1758,'LEIDA KULINA',2,5,18,25444,1,NULL,NULL),(1759,'LINO PINHEIRO',2,27,18,22555,1,NULL,NULL),(1760,'LUCIMAR DA MOEMA',2,4,18,13444,1,NULL,NULL),(1761,'MADALENA DO ROGERIO',2,7,18,40123,1,NULL,NULL),(1762,'MANOEL GERCINO',2,27,18,22220,1,NULL,NULL),(1763,'MARCELA',2,13,18,23000,1,NULL,NULL),(1764,'MARIA JOSE',2,27,18,22678,1,NULL,NULL),(1765,'MARIO JOSÉ',2,23,18,19000,1,NULL,NULL),(1766,'MARIO MOISES KAXINAWÁ',2,7,18,40222,1,NULL,NULL),(1767,'MARIO TORRES',2,1,18,15123,1,NULL,NULL),(1768,'MERES SÁ',2,12,18,44444,1,NULL,NULL),(1769,'MOYZES MELO',2,8,18,45777,1,NULL,NULL),(1770,'NAPOLEÃO KAXINAWÁ',2,8,18,45444,1,NULL,NULL),(1771,'NENO',2,10,18,20000,1,NULL,NULL),(1772,'NERCILEIDE PESSOA',2,8,18,45449,1,NULL,NULL),(1773,'NILDILENE MELO',2,8,18,45000,1,NULL,NULL),(1774,'ORLANDO DO ROQUE',2,7,18,40444,1,NULL,NULL),(1775,'PÉ DE CHUMBO',2,28,18,55101,1,NULL,NULL),(1776,'PEDRO ESTEVÃO',2,27,18,22345,1,NULL,NULL),(1777,'PRETIN',2,14,18,43333,1,NULL,NULL),(1778,'PRISCILA',2,6,18,65123,1,NULL,NULL),(1779,'QUEZIA LIMA',2,10,18,20222,1,NULL,NULL),(1780,'RIBAMAR DOMINGOS',2,7,18,40333,1,NULL,NULL),(1781,'ROSEMILDO DA SUCAN',2,14,18,43123,1,NULL,NULL),(1782,'RUI KAXINAWÁ',2,27,18,22456,1,NULL,NULL),(1783,'SALOMÃO MADJA',2,5,18,25222,1,NULL,NULL),(1784,'SAMUEL DA MOEMA',2,4,18,13111,1,NULL,NULL),(1785,'SANOWA',2,12,18,44445,1,NULL,NULL),(1786,'THAYS MELO',2,8,18,45888,1,NULL,NULL),(1787,'TOINHA MANUARE',2,12,18,44666,1,NULL,NULL),(1788,'TONHÃO',2,12,18,44555,1,NULL,NULL),(1789,'VALDEMAR KAXINAWA',2,27,18,22444,1,NULL,NULL),(1790,'VANESSA VERISSIMO',2,3,18,12222,1,NULL,NULL),(1791,'CARLOS VALE',1,5,19,25,1,NULL,NULL),(1792,'MANO RUFINO',1,7,19,40,1,NULL,NULL),(1793,'MAZINHO SERAFIM',1,1,19,15,1,NULL,NULL),(1794,'TOINHA VIEIRA',1,8,19,45,1,NULL,NULL),(1795,'ADALBERTO BRITO',2,7,19,40123,1,NULL,NULL),(1796,'ADRIANA MELO',2,4,19,13123,1,NULL,NULL),(1797,'ALDILEIDE ARAUJO',2,21,19,27222,1,NULL,NULL),(1798,'ALDY',2,5,19,25000,1,NULL,NULL),(1799,'ALEX SALES',2,14,19,43888,1,NULL,NULL),(1800,'ALEXANDRE SANTANA',2,16,19,11011,1,NULL,NULL),(1801,'ALIPIO GOMES',2,14,19,43444,1,NULL,NULL),(1802,'ANA PAULA',2,1,19,15666,1,NULL,NULL),(1803,'ANDRÉ FRANCALINO',2,5,19,25555,1,NULL,NULL),(1804,'ANE',2,31,19,90909,1,NULL,NULL),(1805,'ANSELMO MARCELINO',2,3,19,12888,1,NULL,NULL),(1806,'ANTONIO AUGUSTO',2,7,19,40122,1,NULL,NULL),(1807,'ANTONIO MILAGRE',2,31,19,90000,1,NULL,NULL),(1808,'APOLINARIO',2,2,19,14111,1,NULL,NULL),(1809,'BILEU',2,7,19,40555,1,NULL,NULL),(1810,'BOA IDEIA',2,6,19,65111,1,NULL,NULL),(1811,'BOÉCIO MORENO',2,5,19,25789,1,NULL,NULL),(1812,'BRANCO TOPOGRAFO',2,8,19,45777,1,NULL,NULL),(1813,'BRUNA',2,21,19,27111,1,NULL,NULL),(1814,'CANARIO',2,14,19,43777,1,NULL,NULL),(1815,'CARAKA-MEU',2,5,19,25025,1,NULL,NULL),(1816,'CHARMES DINIZ',2,16,19,11111,1,NULL,NULL),(1817,'CLEBE',2,8,19,45000,1,NULL,NULL),(1818,'CLEILDA MARINHO',2,24,19,17888,1,NULL,NULL),(1819,'CLENILRA',2,27,19,22123,1,NULL,NULL),(1820,'CLEUSON',2,3,19,12555,1,NULL,NULL),(1821,'COWBOY',2,7,19,40999,1,NULL,NULL),(1822,'DAMIANA',2,14,19,43999,1,NULL,NULL),(1823,'DÂNGELO UNIVERSO',2,5,19,25700,1,NULL,NULL),(1824,'DAVI RODRIGUES',2,31,19,90123,1,NULL,NULL),(1825,'DEL MAGALHÃES',2,7,19,40444,1,NULL,NULL),(1826,'DENIS MACIEL',2,7,19,40234,1,NULL,NULL),(1827,'DÊNIS ORIAR',2,5,19,25333,1,NULL,NULL),(1828,'DJALMA ORTIZ',2,7,19,40888,1,NULL,NULL),(1829,'DOS ANJOS',2,1,19,15555,1,NULL,NULL),(1830,'DRY',2,5,19,25369,1,NULL,NULL),(1831,'EDILENE JAMINAWA',2,5,19,25890,1,NULL,NULL),(1832,'EDILEUDO MARQUES',2,5,19,25321,1,NULL,NULL),(1833,'EDSON JAMINAWA',2,25,19,10333,1,NULL,NULL),(1834,'ELUZANO',2,12,19,44888,1,NULL,NULL),(1835,'EZEQUIAS',2,31,19,90999,1,NULL,NULL),(1836,'FRANCISCO DO NEZINHO',2,7,19,40333,1,NULL,NULL),(1837,'GEREMIAS',2,5,19,25125,1,NULL,NULL),(1838,'GROSSO',2,7,19,40777,1,NULL,NULL),(1839,'IRMÃO JOÃO RODRIGUES',2,16,19,11333,1,NULL,NULL),(1840,'ISEQUIAS MENDES',2,5,19,25100,1,NULL,NULL),(1841,'IVONEIDE BERNARDINO',2,7,19,40222,1,NULL,NULL),(1842,'JACAMIN',2,16,19,11222,1,NULL,NULL),(1843,'JAIME GONSALVES',2,1,19,15000,1,NULL,NULL),(1844,'JAIR ALVES',2,8,19,45123,1,NULL,NULL),(1845,'JAIR MESQUITA',2,3,19,12333,1,NULL,NULL),(1846,'JOÃO DO ARCO IRIS',2,25,19,10123,1,NULL,NULL),(1847,'JONAIRA',2,8,19,45222,1,NULL,NULL),(1848,'JOSANDRO CAVALCANTE',2,8,19,45555,1,NULL,NULL),(1849,'JOZINEIDE',2,1,19,15777,1,NULL,NULL),(1850,'JÚNIOR CABELELEIRO',2,5,19,25147,1,NULL,NULL),(1851,'KABÔCO',2,5,19,25999,1,NULL,NULL),(1852,'KEROLLEN',2,8,19,45190,1,NULL,NULL),(1853,'LÉO DO HIP HOP',2,6,19,65444,1,NULL,NULL),(1854,'LORO BRILHANTE',2,31,19,90888,1,NULL,NULL),(1855,'LOURO DO SEGUNDO',2,35,19,35555,1,NULL,NULL),(1856,'LUANA',2,31,19,90126,1,NULL,NULL),(1857,'LUSIA MARINHO',2,5,19,25800,1,NULL,NULL),(1858,'LUZIETE',2,3,19,12444,1,NULL,NULL),(1859,'MACLEAN',2,25,19,10111,1,NULL,NULL),(1860,'MARCOS VALE',2,24,19,17123,1,NULL,NULL),(1861,'MARIA DE NAZARE',2,1,19,15222,1,NULL,NULL),(1862,'MARIA JOSE',2,14,19,43003,1,NULL,NULL),(1863,'MARIANA',2,3,19,12777,1,NULL,NULL),(1864,'MARINES GALDINO',2,14,19,43007,1,NULL,NULL),(1865,'MESSIAS MUNIZ',2,5,19,25777,1,NULL,NULL),(1866,'MIKAELY MOURA',2,5,19,25010,1,NULL,NULL),(1867,'MIRIAN SANTOS',2,28,19,55000,1,NULL,NULL),(1868,'MIRTES OLIVEIRA',2,8,19,45999,1,NULL,NULL),(1869,'MOÇA DO YACO',2,5,19,25111,1,NULL,NULL),(1870,'MONICA',2,1,19,15444,1,NULL,NULL),(1871,'MUSTAFA',2,7,19,40401,1,NULL,NULL),(1872,'NANDO DA CAPOEIRA',2,35,19,35123,1,NULL,NULL),(1873,'NETO LETRAS',2,5,19,25222,1,NULL,NULL),(1874,'NEY AREAL',2,24,19,17777,1,NULL,NULL),(1875,'NINA',2,23,19,19000,1,NULL,NULL),(1876,'ORLÉ',2,3,19,12000,1,NULL,NULL),(1877,'OTALICIO',2,3,19,12345,1,NULL,NULL),(1878,'PASSARIM',2,31,19,90111,1,NULL,NULL),(1879,'PASTORA WANDA',2,25,19,10222,1,NULL,NULL),(1880,'PAULINO',2,21,19,27000,1,NULL,NULL),(1881,'PROFESSOR EVANDRO',2,3,19,12222,1,NULL,NULL),(1882,'PROFESSOR HERMANO',2,6,19,65555,1,NULL,NULL),(1883,'PROFESSORA EDINELDA',2,7,19,40111,1,NULL,NULL),(1884,'PROFESSORA FABIOLA',2,8,19,45444,1,NULL,NULL),(1885,'QUEIROZ POTEC',2,21,19,27777,1,NULL,NULL),(1886,'RAIANE',2,21,19,27555,1,NULL,NULL),(1887,'RAILDA',2,1,19,15333,1,NULL,NULL),(1888,'RAILTON RAMOS',2,7,19,40000,1,NULL,NULL),(1889,'RAILTON SARKIS',2,14,19,43123,1,NULL,NULL),(1890,'RAIMUNDO SALES',2,14,19,43333,1,NULL,NULL),(1891,'RAIMUNDO VERÇOSA',2,16,19,11444,1,NULL,NULL),(1892,'RALHA CARVALHO',2,24,19,17333,1,NULL,NULL),(1893,'RAYNERY CUNHA',2,14,19,43555,1,NULL,NULL),(1894,'REAL',2,31,19,90777,1,NULL,NULL),(1895,'ROBERTO NASSERALA',2,8,19,45111,1,NULL,NULL),(1896,'RONIN ALBUQUERQUE',2,16,19,11000,1,NULL,NULL),(1897,'ROZINEIDE ARAUJO',2,1,19,15123,1,NULL,NULL),(1898,'SANDRO MORAES',2,12,19,44789,1,NULL,NULL),(1899,'SAULO CUNHA',2,3,19,12111,1,NULL,NULL),(1900,'SIDINEY',2,5,19,25444,1,NULL,NULL),(1901,'SILVANO FARIAS',2,5,19,25888,1,NULL,NULL),(1902,'SIMONE RIBEIRO',2,7,19,40789,1,NULL,NULL),(1903,'SIRLA DINIZ',2,12,19,44444,1,NULL,NULL),(1904,'TARSIS QUEIROZ',2,1,19,15111,1,NULL,NULL),(1905,'TOINHA',2,6,19,65000,1,NULL,NULL),(1906,'TOINHA MOVIMENTO COMUNITÁRIO',2,5,19,25678,1,NULL,NULL),(1907,'TOM CABELEIREIRO',2,14,19,43222,1,NULL,NULL),(1908,'VALDIMAR',2,5,19,25123,1,NULL,NULL),(1909,'WANDERLEY DA DINA',2,28,19,55555,1,NULL,NULL),(1910,'WANDERLEY ZAIRE',2,28,19,55123,1,NULL,NULL),(1911,'ZÉ ANTONIO',2,14,19,43000,1,NULL,NULL),(1912,'ZÉ BADECO',2,24,19,17111,1,NULL,NULL),(1913,'ZE LIRA',2,7,19,40567,1,NULL,NULL),(1914,'ZÉ MAURO',2,7,19,40666,1,NULL,NULL),(1915,'ZENIL',2,8,19,45333,1,NULL,NULL),(1916,'ZEQUINHA',2,14,19,43111,1,NULL,NULL),(1917,'ANDRE MAIA',1,28,20,55,1,NULL,NULL),(1918,'BRANCA MENEZES',1,8,20,45,1,NULL,NULL),(1919,'JORGE CATALAN',1,16,20,11,1,NULL,NULL),(1920,'NEY DO MILTÃO',1,25,20,10,1,NULL,NULL),(1921,'ADEVILSON QUEIROZ',2,3,20,12456,1,NULL,NULL),(1922,'ADRIANO FELIX',2,28,20,55333,1,NULL,NULL),(1923,'AGRISON VIANA',2,25,20,10444,1,NULL,NULL),(1924,'ALBERTO VENDEDOR',2,25,20,10110,1,NULL,NULL),(1925,'ALCIRLEI DA DEDECA',2,8,20,45193,1,NULL,NULL),(1926,'ALESSANDRA MESQUITA',2,16,20,11133,1,NULL,NULL),(1927,'ALESSANDRO ZÉ BONITINHO',2,14,20,43456,1,NULL,NULL),(1928,'ALOISIO',2,28,20,55255,1,NULL,NULL),(1929,'AMERICO',2,8,20,45045,1,NULL,NULL),(1930,'ANINHA DA COHAB',2,3,20,12333,1,NULL,NULL),(1931,'ARAUJO',2,13,20,23333,1,NULL,NULL),(1932,'BAL MARTINS',2,1,20,15123,1,NULL,NULL),(1933,'BARAO',2,23,20,19999,1,NULL,NULL),(1934,'CAPITAO PIRES',2,8,20,45800,1,NULL,NULL),(1935,'CARLOS COSTA',2,11,20,33123,1,NULL,NULL),(1936,'CASSIA FILE',2,23,20,19000,1,NULL,NULL),(1937,'CEARA DA BANCA',2,8,20,45555,1,NULL,NULL),(1938,'CELSO OLIVEIRA',2,8,20,45123,1,NULL,NULL),(1939,'CIDINHA',2,28,20,55100,1,NULL,NULL),(1940,'CLEILTON NOGUEIRA',2,27,20,22123,1,NULL,NULL),(1941,'CRELVES DO CHICO PAULO',2,28,20,55556,1,NULL,NULL),(1942,'DADO DO CORRENTE',2,28,20,55789,1,NULL,NULL),(1943,'DANNY',2,3,20,12345,1,NULL,NULL),(1944,'DEBORA RAUBER',2,16,20,11220,1,NULL,NULL),(1945,'DEUSIMAR RIBEIRO',2,11,20,33311,1,NULL,NULL),(1946,'EDILSON BEZERRA',2,11,20,33133,1,NULL,NULL),(1947,'EDNA OLIVEIRA',2,16,20,11777,1,NULL,NULL),(1948,'EDVALDO CAÇOTE',2,25,20,10789,1,NULL,NULL),(1949,'ELISANGELA MULHER DETERMINADA',2,3,20,12123,1,NULL,NULL),(1950,'ELPÍDIO ARAÚJO',2,7,20,40777,1,NULL,NULL),(1951,'EZEQUIEL SALES',2,8,20,45300,1,NULL,NULL),(1952,'FABIANA SOUSA',2,20,20,31123,1,NULL,NULL),(1953,'FABRICIO',2,8,20,45678,1,NULL,NULL),(1954,'FABRÍCIO CARVALHO',2,25,20,10000,1,NULL,NULL),(1955,'FRANCISCO DO 75',2,8,20,45500,1,NULL,NULL),(1956,'GILSON DA FUNERARIA',2,16,20,11222,1,NULL,NULL),(1957,'GILSON DO NOVA ALDEIA',2,7,20,40444,1,NULL,NULL),(1958,'GRAÇA DO 70',2,8,20,45222,1,NULL,NULL),(1959,'HENRIQUE BELEZURA',2,14,20,43333,1,NULL,NULL),(1960,'IRMÃ CHAGUINHA',2,16,20,11112,1,NULL,NULL),(1961,'JABIRACA',2,7,20,40234,1,NULL,NULL),(1962,'JAIME CORREDOR',2,28,20,55144,1,NULL,NULL),(1963,'JAIRO DO PETROLINA',2,6,20,65123,1,NULL,NULL),(1964,'JAMIS QUEIROZ',2,27,20,22333,1,NULL,NULL),(1965,'JECSON CABELEIREIRO',2,28,20,55456,1,NULL,NULL),(1966,'JEFFERSON BANDEIRA',2,9,20,36123,1,NULL,NULL),(1967,'JOÃO COIMBRA',2,13,20,23555,1,NULL,NULL),(1968,'JOCILDA COSTA',2,8,20,45145,1,NULL,NULL),(1969,'JOHN REBS',2,10,20,20111,1,NULL,NULL),(1970,'JOSAFÁ VIEIRA',2,7,20,40100,1,NULL,NULL),(1971,'JÚNIOR DO ADÃO',2,25,20,10111,1,NULL,NULL),(1972,'JURACI',2,16,20,11000,1,NULL,NULL),(1973,'KEILLA LIMA',2,28,20,55559,1,NULL,NULL),(1974,'LENON DA BONAL',2,16,20,11555,1,NULL,NULL),(1975,'LUELI',2,28,20,55678,1,NULL,NULL),(1976,'MAGILDO LIMA',2,16,20,11100,1,NULL,NULL),(1977,'MAGNO LANTERNEIRO',2,11,20,33333,1,NULL,NULL),(1978,'MANOEL LIMA',2,28,20,55123,1,NULL,NULL),(1979,'MANOEL MACEDO',2,16,20,11123,1,NULL,NULL),(1980,'MARCELA ARAÚJO',2,1,20,15555,1,NULL,NULL),(1981,'MARCELA PETECA',2,11,20,33444,1,NULL,NULL),(1982,'MARCOS PAIVA',2,8,20,45444,1,NULL,NULL),(1983,'MARCOS SOARES DO PP',2,16,20,11122,1,NULL,NULL),(1984,'MARILDA DO EDILO RODRIGUES',2,27,20,22233,1,NULL,NULL),(1985,'MINEIRINHA',2,16,20,11115,1,NULL,NULL),(1986,'NAZARÉ',2,28,20,55115,1,NULL,NULL),(1987,'NEGO DA LOJA',2,8,20,45333,1,NULL,NULL),(1988,'NENA CARVALHO',2,16,20,11456,1,NULL,NULL),(1989,'NENA DA SAUDE',2,8,20,45456,1,NULL,NULL),(1990,'NILZA',2,8,20,45345,1,NULL,NULL),(1991,'OCENILZA SARAIVA',2,6,20,65555,1,NULL,NULL),(1992,'PABLO SANTOS',2,27,20,22456,1,NULL,NULL),(1993,'PACARANA',2,28,20,55111,1,NULL,NULL),(1994,'PASTOR TARAUACÁ',2,27,20,22555,1,NULL,NULL),(1995,'PASTOR UCHOA',2,28,20,55000,1,NULL,NULL),(1996,'PASTORA JANETE',2,16,20,11444,1,NULL,NULL),(1997,'PAULINHO MIRANDA',2,28,20,55555,1,NULL,NULL),(1998,'PEDRO MENDES',2,16,20,11111,1,NULL,NULL),(1999,'PROF LUIZETE',2,8,20,45954,1,NULL,NULL),(2000,'PROFESSOR DIM',2,27,20,22232,1,NULL,NULL),(2001,'PROFESSOR MARCIO',2,3,20,12777,1,NULL,NULL),(2002,'PROFESSOR MARQUINHO',2,27,20,22777,1,NULL,NULL),(2003,'PROFESSOR RAÍ',2,4,20,13456,1,NULL,NULL),(2004,'PROFESSOR ROMEU',2,8,20,45000,1,NULL,NULL),(2005,'PROFESSORA CLÁUDIA',2,4,20,13123,1,NULL,NULL),(2006,'PROFESSORA FRANCISCA MACEDO',2,4,20,13690,1,NULL,NULL),(2007,'PROFESSORA IDALETE',2,7,20,40789,1,NULL,NULL),(2008,'PROFESSORA REGINALDA',2,3,20,12555,1,NULL,NULL),(2009,'PROFESSORA TEREZINHA',2,7,20,40000,1,NULL,NULL),(2010,'QUEILA FILHA DO PR. DARCY',2,28,20,55105,1,NULL,NULL),(2011,'RAIMUNDO SANTA MARIA',2,8,20,45666,1,NULL,NULL),(2012,'REGIANE DO CHICO PAULO',2,23,20,19123,1,NULL,NULL),(2013,'RICARD VASCONCELOS',2,25,20,10777,1,NULL,NULL),(2014,'RITA CLÁUDIO',2,25,20,10555,1,NULL,NULL),(2015,'RODINÊS',2,7,20,40123,1,NULL,NULL),(2016,'SANDRA COSTA',2,28,20,55999,1,NULL,NULL),(2017,'SANDRO CABELUDO',2,23,20,19456,1,NULL,NULL),(2018,'SARGENTO VALENTE',2,10,20,20222,1,NULL,NULL),(2019,'SEBASTIÃO BRAGA',2,16,20,11999,1,NULL,NULL),(2020,'SILVIO ALENCAR',2,25,20,10101,1,NULL,NULL),(2021,'SONIA SILVA',2,8,20,45999,1,NULL,NULL),(2022,'TAMPIHA BITTAR',2,9,20,36456,1,NULL,NULL),(2023,'TATÁ BERNARDO',2,25,20,10222,1,NULL,NULL),(2024,'TIÃO DA SAUDE',2,10,20,20123,1,NULL,NULL),(2025,'TICIANA LIMA',2,16,20,11110,1,NULL,NULL),(2026,'VANDERLEI MARTINS',2,13,20,23123,1,NULL,NULL),(2027,'VANUSA CORREA',2,25,20,10123,1,NULL,NULL),(2028,'VERGILIO',2,32,20,77777,1,NULL,NULL),(2029,'WUEINE POLIANA',2,5,20,25555,1,NULL,NULL),(2030,'MARILETE VITORINO',1,28,21,55,1,NULL,NULL),(2031,'RODRIGO DAMASCENO',1,4,21,13,1,NULL,NULL),(2032,'TECA TORQUATO',1,27,21,22,1,NULL,NULL),(2033,'AGEPÊ',2,3,21,12555,1,NULL,NULL),(2034,'ALBERICO LIMA',2,8,21,45640,1,NULL,NULL),(2035,'ANA MARIA',2,3,21,12223,1,NULL,NULL),(2036,'ANGELICA LIMA',2,26,21,50111,1,NULL,NULL),(2037,'ANTONIO CARLOS',2,3,21,12300,1,NULL,NULL),(2038,'ANTONIO GOMES',2,25,21,10222,1,NULL,NULL),(2039,'ARIFE REGO ELEAMEN',2,23,21,19999,1,NULL,NULL),(2040,'BÁ DO POSTO',2,4,21,13222,1,NULL,NULL),(2041,'BRUNA ALCANTARA',2,16,21,11222,1,NULL,NULL),(2042,'BUTATA',2,20,21,31111,1,NULL,NULL),(2043,'CAÇIQUE NASSO KAXINAWÁ',2,6,21,65233,1,NULL,NULL),(2044,'CAKI',2,20,21,31222,1,NULL,NULL),(2045,'CARLOS DA SAUDE',2,6,21,65111,1,NULL,NULL),(2046,'CARLOS PINTO',2,6,21,65444,1,NULL,NULL),(2047,'CELIO CABELEIRERO',2,13,21,23444,1,NULL,NULL),(2048,'CELIO ROCHA',2,26,21,50000,1,NULL,NULL),(2049,'CELSO',2,27,21,22444,1,NULL,NULL),(2050,'CHAGAS LAMPREGO',2,27,21,22222,1,NULL,NULL),(2051,'CHARLES',2,23,21,19555,1,NULL,NULL),(2052,'CHIQUINHA',2,34,21,18888,1,NULL,NULL),(2053,'CHIQUINHO PESCADOR',2,23,21,19777,1,NULL,NULL),(2054,'DAMIÃO',2,1,21,15333,1,NULL,NULL),(2055,'DARCI REBOUÇAS',2,7,21,40555,1,NULL,NULL),(2056,'DAS DORES',2,16,21,11777,1,NULL,NULL),(2057,'DÉCIO DO SACADO',2,6,21,65000,1,NULL,NULL),(2058,'DECIO LISBOA',2,7,21,40444,1,NULL,NULL),(2059,'DEUGILSON',2,4,21,13111,1,NULL,NULL),(2060,'DICO',2,3,21,12111,1,NULL,NULL),(2061,'DIETE DA COPA',2,27,21,22001,1,NULL,NULL),(2062,'DOLAR',2,28,21,55123,1,NULL,NULL),(2063,'DORA DO CAIRARA',2,16,21,11123,1,NULL,NULL),(2064,'DUDA',2,3,21,12222,1,NULL,NULL),(2065,'EDILENE TAXISTA',2,4,21,13234,1,NULL,NULL),(2066,'EDIVILSON CABELEIREIRO',2,3,21,12366,1,NULL,NULL),(2067,'EDMAR RODRIGUES',2,27,21,22345,1,NULL,NULL),(2068,'ELIANE COSTA',2,27,21,22223,1,NULL,NULL),(2069,'ENILSON',2,28,21,55669,1,NULL,NULL),(2070,'EUDÁLIA',2,23,21,19123,1,NULL,NULL),(2071,'EVANDRO DIAS',2,4,21,13000,1,NULL,NULL),(2072,'EZI ARAGAO',2,4,21,13333,1,NULL,NULL),(2073,'FABRICIO MOURA',2,3,21,12444,1,NULL,NULL),(2074,'FERNANDO FEITOSA',2,6,21,65789,1,NULL,NULL),(2075,'FRAN DAMASCENO',2,6,21,65199,1,NULL,NULL),(2076,'FRANÇA DO CHEGA MAIS',2,8,21,45789,1,NULL,NULL),(2077,'FRANCISCO GOMES',2,3,21,12999,1,NULL,NULL),(2078,'FRANCISCO SALES',2,23,21,19456,1,NULL,NULL),(2079,'GASTURA',2,3,21,12888,1,NULL,NULL),(2080,'GILBERTO FURTADO',2,4,21,13789,1,NULL,NULL),(2081,'GLECIANE',2,28,21,55000,1,NULL,NULL),(2082,'IRAN',2,28,21,55444,1,NULL,NULL),(2083,'JANAINA FURTADO',2,34,21,18000,1,NULL,NULL),(2084,'JOAO MOREIRA',2,16,21,11333,1,NULL,NULL),(2085,'JOAQUIM PINTOR',2,23,21,19222,1,NULL,NULL),(2086,'JOEL VIEIRA',2,28,21,55789,1,NULL,NULL),(2087,'JULIO CESAR',2,3,21,12112,1,NULL,NULL),(2088,'JUSCELINO',2,23,21,19444,1,NULL,NULL),(2089,'LARISSA SERGIO',2,3,21,12000,1,NULL,NULL),(2090,'LAZARO ALMEIDA',2,16,21,11111,1,NULL,NULL),(2091,'LEANDRO FEITOSA',2,4,21,13567,1,NULL,NULL),(2092,'LEUDA FARIAS',2,25,21,10234,1,NULL,NULL),(2093,'LORO DA GUASCO',2,21,21,27000,1,NULL,NULL),(2094,'LUCIA NERI',2,7,21,40111,1,NULL,NULL),(2095,'LUCILENE VIANA',2,30,21,51111,1,NULL,NULL),(2096,'MANOEL MAURICIO',2,16,21,11115,1,NULL,NULL),(2097,'MANOEL MONTEIRO',2,6,21,65113,1,NULL,NULL),(2098,'MAR',2,28,21,55333,1,NULL,NULL),(2099,'MARCIA DA PRAIA',2,27,21,22122,1,NULL,NULL),(2100,'MARCOS VITORINO',2,7,21,40400,1,NULL,NULL),(2101,'MARIA BENTO',2,4,21,13444,1,NULL,NULL),(2102,'MARIA CREUSA',2,6,21,65999,1,NULL,NULL),(2103,'MARIA JOSE',2,4,21,13999,1,NULL,NULL),(2104,'MARIA LÚCIA',2,23,21,19888,1,NULL,NULL),(2105,'MARLENE DA SILVA',2,25,21,10333,1,NULL,NULL),(2106,'MASSA BRUTA',2,1,21,15222,1,NULL,NULL),(2107,'MATÉ',2,1,21,15111,1,NULL,NULL),(2108,'NÉCA',2,1,21,15999,1,NULL,NULL),(2109,'NILSON COLIBRI',2,28,21,55555,1,NULL,NULL),(2110,'NILSON SOUSA',2,23,21,19111,1,NULL,NULL),(2111,'ÓROQUINHA',2,23,21,19333,1,NULL,NULL),(2112,'PASTORA IONETE',2,6,21,65777,1,NULL,NULL),(2113,'PAULO SERGIO',2,3,21,12233,1,NULL,NULL),(2114,'PAULO VICTOR',2,25,21,10123,1,NULL,NULL),(2115,'PH DA VAN',2,23,21,19666,1,NULL,NULL),(2116,'PICA PAU',2,4,21,13456,1,NULL,NULL),(2117,'PRINCIPE',2,4,21,13690,1,NULL,NULL),(2118,'PROFESSOR BACO',2,1,21,15777,1,NULL,NULL),(2119,'PROFESSOR EDSON',2,13,21,23333,1,NULL,NULL),(2120,'PROFESSOR EVARISTO',2,1,21,15555,1,NULL,NULL),(2121,'PROFESSOR LAURO BENIGNO',2,6,21,65555,1,NULL,NULL),(2122,'PROFESSOR VIANA',2,6,21,65333,1,NULL,NULL),(2123,'RADAMÉS LEITE',2,7,21,40234,1,NULL,NULL),(2124,'RAIMUNDA OLIVEIRA',2,1,21,15122,1,NULL,NULL),(2125,'RAIMUNDINHO',2,28,21,55112,1,NULL,NULL),(2126,'RAIMUNDO MAGAREFE',2,16,21,11555,1,NULL,NULL),(2127,'RAIMUNDO MOURA',2,27,21,22245,1,NULL,NULL),(2128,'RAQUEL DE SOUSA',2,4,21,13123,1,NULL,NULL),(2129,'RENATINHA',2,6,21,65122,1,NULL,NULL),(2130,'RICARDO LIMA',2,34,21,18123,1,NULL,NULL),(2131,'ROQUE YAUANAWA',2,1,21,15444,1,NULL,NULL),(2132,'ROSENIR ARCENIO',2,8,21,45555,1,NULL,NULL),(2133,'SANDIDA MODAS',2,1,21,15678,1,NULL,NULL),(2134,'SANDRO SOUSA',2,21,21,27777,1,NULL,NULL),(2135,'SARA',2,28,21,55111,1,NULL,NULL),(2136,'SEBASTIAO',2,28,21,55666,1,NULL,NULL),(2137,'SEBASTIÃO ELIZEU',2,4,21,13555,1,NULL,NULL),(2138,'SESSÉ',2,3,21,12344,1,NULL,NULL),(2139,'SIDENIR',2,6,21,65123,1,NULL,NULL),(2140,'SILA',2,23,21,19199,1,NULL,NULL),(2141,'SILVA PEDRA',2,27,21,22555,1,NULL,NULL),(2142,'SILVANIA GOES',2,23,21,19789,1,NULL,NULL),(2143,'SILVANIA NUNES',2,3,21,12345,1,NULL,NULL),(2144,'SONIA MESQUITA',2,16,21,11110,1,NULL,NULL),(2145,'TAÍS DO GILSON',2,3,21,12777,1,NULL,NULL),(2146,'TOIN ABREU',2,1,21,15123,1,NULL,NULL),(2147,'VALDOR DO Ó',2,1,21,15000,1,NULL,NULL),(2148,'VALERIA',2,6,21,65222,1,NULL,NULL),(2149,'VANIA SOMBRA',2,23,21,19110,1,NULL,NULL),(2150,'VEINHA DO VALMAR',2,3,21,12333,1,NULL,NULL),(2151,'ZÉ CARLOS',2,1,21,15888,1,NULL,NULL),(2152,'ZÉ PREGO',2,26,21,50123,1,NULL,NULL),(2153,'ZEZINHO MACENEIRO',2,23,21,19556,1,NULL,NULL),(2154,'AILSON FILHO DO ANTONIO PEDRO',1,5,22,25,1,NULL,NULL),(2155,'BIRA',1,4,22,13,1,NULL,NULL),(2156,'ERIVELTON',1,1,22,15,1,NULL,NULL),(2157,'VANDERLEY VIANA',1,31,22,90,1,NULL,NULL),(2158,'ADALCILENE ROCHA',2,26,22,50555,1,NULL,NULL),(2159,'AGLAILTON',2,31,22,90123,1,NULL,NULL),(2160,'ALESSANDRA',2,7,22,40123,1,NULL,NULL),(2161,'AMANDA GALVÃO',2,4,22,13004,1,NULL,NULL),(2162,'ARETUSA BARBOSA',2,26,22,50000,1,NULL,NULL),(2163,'BENÉ',2,27,22,22333,1,NULL,NULL),(2164,'CARININA',2,4,22,13013,1,NULL,NULL),(2165,'CARLOS ROQUE',2,26,22,50800,1,NULL,NULL),(2166,'CECILIO',2,4,22,13678,1,NULL,NULL),(2167,'CHICO BACU',2,16,22,11111,1,NULL,NULL),(2168,'CHIQUINHO BARBOSA',2,4,22,13621,1,NULL,NULL),(2169,'CLAUDIO ROBERTO',2,31,22,90100,1,NULL,NULL),(2170,'CLAVES',2,5,22,25125,1,NULL,NULL),(2171,'DANIEL',2,31,22,90190,1,NULL,NULL),(2172,'DANIEL FERNANDES',2,5,22,25255,1,NULL,NULL),(2173,'DANISCLEIA MENDONÇA',2,26,22,50345,1,NULL,NULL),(2174,'DEOLINDA GOMES',2,27,22,22000,1,NULL,NULL),(2175,'DICO BARÃO',2,27,22,22233,1,NULL,NULL),(2176,'DIM',2,7,22,40234,1,NULL,NULL),(2177,'DORA ALVES',2,16,22,11123,1,NULL,NULL),(2178,'ELIZANGELA GOMES',2,26,22,50050,1,NULL,NULL),(2179,'ELUANDA',2,7,22,40120,1,NULL,NULL),(2180,'EQUI',2,4,22,13613,1,NULL,NULL),(2181,'ERASMO PEREIRA',2,26,22,50123,1,NULL,NULL),(2182,'EUDES SEVERINO',2,4,22,13000,1,NULL,NULL),(2183,'FABIANA PEREIRA',2,16,22,11333,1,NULL,NULL),(2184,'FABIANO CADEIRANTE',2,5,22,25111,1,NULL,NULL),(2185,'FERNANDO DA CAGEACRE',2,1,22,15123,1,NULL,NULL),(2186,'GASOLINA',2,4,22,13001,1,NULL,NULL),(2187,'GESSI CAPELÃO',2,1,22,15111,1,NULL,NULL),(2188,'GILMAR MOURA',2,31,22,90110,1,NULL,NULL),(2189,'GUINALDO ALVES',2,5,22,25025,1,NULL,NULL),(2190,'HÉLIO PINTO',2,5,22,25678,1,NULL,NULL),(2191,'HELLEN BARROS',2,6,22,65000,1,NULL,NULL),(2192,'IRAN VASCONCELOS',2,1,22,15120,1,NULL,NULL),(2193,'JERRI',2,5,22,25789,1,NULL,NULL),(2194,'JOÃO VICTOR',2,27,22,22123,1,NULL,NULL),(2195,'JOSENI OLIVEIRA',2,4,22,13123,1,NULL,NULL),(2196,'KAICO ROQUE',2,5,22,25000,1,NULL,NULL),(2197,'KHRISSUAMY CABRAL',2,27,22,22111,1,NULL,NULL),(2198,'LUCENI',2,14,22,43121,1,NULL,NULL),(2199,'MADONNA',2,8,22,45888,1,NULL,NULL),(2200,'MAISA MOREIRA',2,27,22,22456,1,NULL,NULL),(2201,'MAITA',2,27,22,22555,1,NULL,NULL),(2202,'MANOEL DA SAUDE',2,8,22,45000,1,NULL,NULL),(2203,'MANOEL TEIXEIRA ERMÍNIO',2,27,22,22222,1,NULL,NULL),(2204,'MANOELZINHO DO PEDRO VIEIRA',2,5,22,25456,1,NULL,NULL),(2205,'MANSOUR',2,5,22,25123,1,NULL,NULL),(2206,'MARCIO MAIA',2,7,22,40000,1,NULL,NULL),(2207,'MIRANDA',2,4,22,13601,1,NULL,NULL),(2208,'MIRIAN RIBEIRO',2,4,22,13630,1,NULL,NULL),(2209,'NAZA',2,1,22,15555,1,NULL,NULL),(2210,'NENEM BORGES',2,28,22,55123,1,NULL,NULL),(2211,'ODAISA RIBEIRO',2,27,22,22888,1,NULL,NULL),(2212,'PARANÁ',2,1,22,15222,1,NULL,NULL),(2213,'PEDRO TELES',2,26,22,50222,1,NULL,NULL),(2214,'PROF.ª ELI',2,16,22,11222,1,NULL,NULL),(2215,'PROFESSOR CLEMILTON',2,5,22,25555,1,NULL,NULL),(2216,'PROFESSOR ROBERTO',2,5,22,25222,1,NULL,NULL),(2217,'PROFESSORA EDNA',2,16,22,11456,1,NULL,NULL),(2218,'PROFESSORA FATIMA',2,31,22,90000,1,NULL,NULL),(2219,'RAIMUNDINHA',2,5,22,25234,1,NULL,NULL),(2220,'RIVANDO MOTA',2,8,22,45678,1,NULL,NULL),(2221,'ROBSON',2,31,22,90111,1,NULL,NULL),(2222,'RONALDO FERRAZ',2,1,22,15000,1,NULL,NULL),(2223,'SELMO',2,4,22,13610,1,NULL,NULL),(2224,'SIL',2,7,22,40456,1,NULL,NULL),(2225,'STEFANI SOUZA',2,27,22,22567,1,NULL,NULL),(2226,'THAIS COSTA',2,8,22,45123,1,NULL,NULL),(2227,'TUCANO',2,6,22,65555,1,NULL,NULL),(2228,'VALDECI',2,26,22,50333,1,NULL,NULL),(2229,'VALMIRO VIERA',2,31,22,90222,1,NULL,NULL);
/*!40000 ALTER TABLE `candidato` ENABLE KEYS */;
UNLOCK TABLES;

--
-- Table structure for table `cidade`
--

DROP TABLE IF EXISTS `cidade`;
/*!40101 SET @saved_cs_client     = @@character_set_client */;
/*!40101 SET character_set_client = utf8 */;
CREATE TABLE `cidade` (
  `id` int(10) unsigned NOT NULL AUTO_INCREMENT,
  `nome` varchar(120) NOT NULL,
  `latitude` varchar(120) DEFAULT NULL,
  `longitude` varchar(120) DEFAULT NULL,
  `estado_id` int(10) unsigned NOT NULL,
  PRIMARY KEY (`id`),
  KEY `fk_cidade_estado1_idx` (`estado_id`),
  CONSTRAINT `fk_cidade_estado1` FOREIGN KEY (`estado_id`) REFERENCES `estado` (`idestado`) ON DELETE NO ACTION ON UPDATE NO ACTION
) ENGINE=InnoDB AUTO_INCREMENT=23 DEFAULT CHARSET=latin1;
/*!40101 SET character_set_client = @saved_cs_client */;

--
-- Dumping data for table `cidade`
--

LOCK TABLES `cidade` WRITE;
/*!40000 ALTER TABLE `cidade` DISABLE KEYS */;
INSERT INTO `cidade` (`id`, `nome`, `latitude`, `longitude`, `estado_id`) VALUES (1,'Acrelândia','-9.82538','-66.8865',1),(2,'Assis Brasil','-10.9427','-69.5746',1),(3,'Brasiléia','-11.0069','-68.7426',1),(4,'Bujari','-9.82274','-67.9475',1),(5,'Capixaba','-10.5609','-67.6903',1),(6,'Cruzeiro do Sul','-7.6649','-72.6504',1),(7,'Epitaciolândia','-11.0167','-68.7337',1),(8,'Feijó','-8.17065','-70.3582',1),(9,'Jordão','-9.43436','-71.8845',1),(10,'Mâncio Lima','-7.62225','-72.8923',1),(11,'Manoel Urbano','-8.87341','-69.2802',1),(12,'Marechal Thaumaturgo','-8.94135','-72.7925',1),(13,'Plácido de Castro','-10.2673','-67.1884',1),(14,'Porto Acre','-9.57632','-67.5508',1),(15,'Porto Walter','-8.26935','-72.7445',1),(16,'Rio Branco','-9.974','-67.8076',1),(17,'Rodrigues Alves','-7.73037','-72.6514',1),(18,'Santa Rosa do Purus','-9.43336','-70.4935',1),(19,'Sena Madureira','-9.06721','-68.6577',1),(20,'Senador Guiomard','-10.148','-67.732',1),(21,'Tarauacá','-8.13562','-70.765',1),(22,'Xapuri','-10.636','-68.4946',1);
/*!40000 ALTER TABLE `cidade` ENABLE KEYS */;
UNLOCK TABLES;

--
-- Table structure for table `coordenador`
--

DROP TABLE IF EXISTS `coordenador`;
/*!40101 SET @saved_cs_client     = @@character_set_client */;
/*!40101 SET character_set_client = utf8 */;
CREATE TABLE `coordenador` (
  `id` int(11) unsigned NOT NULL AUTO_INCREMENT,
  `nome` varchar(60) DEFAULT NULL,
  `celular1` varchar(14) DEFAULT NULL,
  `celular2` varchar(14) DEFAULT NULL,
  `email` varchar(80) DEFAULT NULL,
  `status` int(11) DEFAULT '1',
  `celular3` varchar(14) DEFAULT NULL,
  `celular4` varchar(14) DEFAULT NULL,
  `idregional` int(11) DEFAULT NULL,
  `idcidade` int(11) DEFAULT NULL,
  PRIMARY KEY (`id`)
) ENGINE=InnoDB AUTO_INCREMENT=101 DEFAULT CHARSET=latin1;
/*!40101 SET character_set_client = @saved_cs_client */;

--
-- Dumping data for table `coordenador`
--

LOCK TABLES `coordenador` WRITE;
/*!40000 ALTER TABLE `coordenador` DISABLE KEYS */;
INSERT INTO `coordenador` (`id`, `nome`, `celular1`, `celular2`, `email`, `status`, `celular3`, `celular4`, `idregional`, `idcidade`) VALUES (1,'Jose Herivelto De Holanda Trindade','68999241014','','herivelto.trindade@gmail.com',1,NULL,NULL,NULL,16),(2,'Edinaldo Nascimento','68992076344','','',1,NULL,NULL,NULL,16),(3,'Adla Cidade Do Povo','68999986929','','',1,NULL,NULL,NULL,16),(4,'Joelda Da Silva Pais Chaves','68999980341','','',1,NULL,NULL,NULL,16),(5,'Samara','68999598607','','',1,NULL,NULL,NULL,16),(6,'Jose Renato','68999326196',NULL,NULL,1,NULL,NULL,NULL,16),(7,'Renado Cardoso Cavalcante','68999326196','','',1,NULL,NULL,NULL,16),(8,'Luciana Lopes','68992777160','','',1,NULL,NULL,NULL,16),(9,'Luc Lima','68999972469','','',1,NULL,NULL,NULL,16),(10,'Elda Alencar Jardim Maciel','68999840916','','eldajardim@gmail.com',1,NULL,NULL,NULL,16),(11,'Carlinhos Santiago','68999015500',NULL,NULL,1,NULL,NULL,NULL,16),(12,'Maria Mendes De Souza','68999532982','','rosamaria_ac@hotmail.com',1,NULL,NULL,NULL,16),(13,'Antonio Torres','68999829480','','',1,NULL,NULL,NULL,16),(14,'Pablo Leite','68999661599',NULL,NULL,1,NULL,NULL,NULL,16),(15,'Irisma','6899971247',NULL,NULL,1,NULL,NULL,NULL,16),(16,'Ronaldo de Queiroz','68999998131',NULL,'deborajmacre@hotmail.com',1,NULL,NULL,NULL,16),(18,'Thales Bessa','68999001786',NULL,NULL,1,NULL,NULL,NULL,16),(19,'Maria Orlene Silva Bessa','68999781797',NULL,NULL,1,NULL,NULL,NULL,16),(20,'José Rafael De Melo','68984235856',NULL,NULL,1,NULL,NULL,NULL,16),(21,'Vanusa Lima De M. Rodrigues','68999854446',NULL,NULL,1,NULL,NULL,NULL,16),(22,'Samira da Silva  Louzada','68999422354',NULL,NULL,1,NULL,NULL,NULL,16),(23,'Fabio Silva De Lima','68999262175',NULL,NULL,1,NULL,NULL,NULL,16),(24,'Solange Maria Chalub Bandeira Teixeira','68999648259',NULL,NULL,1,NULL,NULL,NULL,16),(25,'Mirla Cavalcante Penha','68999113224',NULL,NULL,1,NULL,NULL,NULL,16),(26,'Maria do Socorro B. Chaves','68999232771',NULL,NULL,1,NULL,NULL,NULL,16),(27,'José Andrias Sarkis','68999855174',NULL,NULL,1,NULL,NULL,NULL,16),(28,'José Alberto Lima Castro','68999944497',NULL,NULL,1,NULL,NULL,NULL,16),(29,'Dande Tavares','68999115502',NULL,NULL,1,NULL,NULL,NULL,16),(30,'Aguinaldo','68999234552',NULL,NULL,1,NULL,NULL,NULL,16),(31,'Sebastião Oliveira','68999348490',NULL,NULL,1,NULL,NULL,NULL,16),(32,'André Vinicius','68999122656',NULL,NULL,1,NULL,NULL,NULL,16),(33,'Gleison Figueiredo','68999294748',NULL,NULL,1,NULL,NULL,NULL,16),(34,'Lene','68999253888',NULL,NULL,1,NULL,NULL,NULL,16),(35,'Tobias Melo','68999461463',NULL,NULL,1,NULL,NULL,NULL,16),(36,'Ceiça Valente','68992110936',NULL,NULL,1,NULL,NULL,NULL,16),(37,'Silvia Araujo','68999722011',NULL,NULL,1,NULL,NULL,NULL,16),(38,'Rômulo Brando','68999795900',NULL,NULL,1,NULL,NULL,NULL,16),(39,'Alana Maia','68992011000',NULL,NULL,1,NULL,NULL,NULL,16),(40,'Antonio Crispim','68999099363',NULL,NULL,1,NULL,NULL,NULL,16),(41,'Dora Holanda','68999859805',NULL,NULL,1,NULL,NULL,NULL,16),(42,'Silvia Monteiro','68992266376',NULL,NULL,1,NULL,NULL,NULL,16),(43,'Sandy','68999670785',NULL,NULL,1,NULL,NULL,NULL,16),(44,'Gleyce','68999949989',NULL,NULL,1,NULL,NULL,NULL,16),(45,'Vanderlei Valente','68992293007',NULL,'',1,NULL,NULL,NULL,16),(46,'Marina Jardim','68999062013',NULL,NULL,1,NULL,NULL,NULL,16),(47,'Renato Amaral','68999659231',NULL,NULL,1,NULL,NULL,NULL,16),(48,'Magaly Medeiros','68999852518',NULL,NULL,1,NULL,NULL,NULL,16),(49,'Adriana Maria Lopes Da Silva','68981103288',NULL,NULL,1,NULL,NULL,NULL,16),(50,'Diego Oliveira Rebouças','68992837000',NULL,NULL,1,NULL,NULL,NULL,16),(51,'Emily Aguiar Rodrigues','68999645120',NULL,NULL,1,NULL,NULL,NULL,16),(52,'Eudes Maia De Aguiar','68999118436',NULL,NULL,1,NULL,NULL,NULL,16),(53,'Elzira Maria Rodrigues Reis','68992058363',NULL,NULL,1,NULL,NULL,NULL,16),(54,'Karla Martins','68999430873',NULL,NULL,1,NULL,NULL,NULL,16),(55,'Jayson','68999998239',NULL,NULL,1,NULL,NULL,NULL,16),(56,'José Eronilson','68999613649',NULL,NULL,1,NULL,NULL,NULL,16),(57,'Francilene','68999744642',NULL,NULL,1,NULL,NULL,NULL,16),(58,'Renato Magalhães','68999859472',NULL,NULL,1,NULL,NULL,NULL,16),(59,'Adriana FUNTAC','68999849774',NULL,NULL,1,NULL,NULL,NULL,16),(60,'Carlinhos','68999858292',NULL,NULL,1,NULL,NULL,NULL,16),(61,'Gabriela Andrade De Araújo','68992356264',NULL,'gabriela.araujo.acre@gmail.com',1,NULL,NULL,NULL,16),(62,'Manoel Lima','68999845590',NULL,NULL,1,NULL,NULL,NULL,16),(63,'Fadell','68999235128',NULL,NULL,1,NULL,NULL,NULL,16),(64,'Dôra Araújo','68999856453',NULL,NULL,1,NULL,NULL,NULL,16),(65,'Herivelto','68999518679',NULL,NULL,1,NULL,NULL,NULL,16),(66,'Elza Lopes','68999733811',NULL,NULL,1,NULL,NULL,NULL,16),(67,'Kelyton','99984-4182',NULL,NULL,1,NULL,NULL,NULL,16),(68,'Raimundo','99987-5656',NULL,NULL,1,NULL,NULL,NULL,16),(69,'Dedé','99956-7644',NULL,NULL,1,NULL,NULL,NULL,16),(70,'Francisco','99976-7926',NULL,NULL,1,NULL,NULL,NULL,16),(71,'Cesário Braga','99902-4161',NULL,NULL,1,NULL,NULL,NULL,16),(72,'Janete','99984-4418',NULL,NULL,1,NULL,NULL,NULL,16),(73,'Sid','99201-3086',NULL,NULL,1,NULL,NULL,NULL,16),(74,'Dôra Araújo','99985-6453',NULL,NULL,1,NULL,NULL,NULL,16),(75,'Ricardo Araújo','99214-9898',NULL,NULL,1,NULL,NULL,NULL,16),(76,'Claudia Cunha','99984-2594',NULL,NULL,1,NULL,NULL,NULL,16),(77,'Zé Maria','99926-8372',NULL,NULL,1,NULL,NULL,NULL,16),(78,'Marcelo Macedo','99909-1405',NULL,NULL,1,NULL,NULL,NULL,16),(79,'Weruska Bezerra','99987-0108',NULL,NULL,1,NULL,NULL,NULL,16),(80,'Branco','99941-2248',NULL,NULL,1,NULL,NULL,NULL,16),(81,'Pedro Girão','99964-1734',NULL,NULL,1,NULL,NULL,NULL,16),(82,'Núbia Bessa','99984-3669',NULL,NULL,1,NULL,NULL,NULL,16),(83,'Silvia Brilhante','99984-9354',NULL,NULL,1,NULL,NULL,NULL,16),(84,'Barroso','99212-0894',NULL,NULL,1,NULL,NULL,NULL,16),(85,'Claudio Ezequiel','99968-1312',NULL,NULL,1,NULL,NULL,NULL,16),(86,'Márcio Batista','99972-9111',NULL,NULL,1,NULL,NULL,NULL,16),(87,'Dona Mena','99943-6331',NULL,NULL,1,NULL,NULL,NULL,16),(88,'Oteniel Almeida','99985-2046',NULL,NULL,1,NULL,NULL,NULL,16),(89,'Graça Lopes','99972-9235',NULL,NULL,1,NULL,NULL,NULL,16),(90,'Temylis','99956-3684',NULL,NULL,1,NULL,NULL,NULL,16),(91,'Pablo Leite','99966-1599',NULL,NULL,1,NULL,NULL,NULL,16),(92,'Zé Costa ','99962-0489',NULL,NULL,1,NULL,NULL,NULL,16),(93,'Oteniel Almeida','99985-2046',NULL,NULL,1,NULL,NULL,NULL,16),(94,'Raquel','98413-1540',NULL,NULL,1,NULL,NULL,NULL,16),(95,'Afrânio','99911-9680',NULL,NULL,1,NULL,NULL,NULL,16),(96,'Janete','99989-1012',NULL,NULL,1,NULL,NULL,NULL,16),(97,'Gato','99608-0778',NULL,NULL,1,NULL,NULL,NULL,16),(98,'Kléber','99944-1268',NULL,NULL,1,NULL,NULL,NULL,16),(99,'Edna Paro','99977-1312',NULL,NULL,1,NULL,NULL,NULL,16),(100,'Sandro','99989-0357',NULL,NULL,1,NULL,NULL,NULL,16);
/*!40000 ALTER TABLE `coordenador` ENABLE KEYS */;
UNLOCK TABLES;

--
-- Table structure for table `delegado`
--

DROP TABLE IF EXISTS `delegado`;
/*!40101 SET @saved_cs_client     = @@character_set_client */;
/*!40101 SET character_set_client = utf8 */;
CREATE TABLE `delegado` (
  `id` int(11) unsigned NOT NULL AUTO_INCREMENT,
  `nome` varchar(60) DEFAULT NULL,
  `celular1` varchar(14) DEFAULT NULL,
  `celular2` varchar(14) DEFAULT NULL,
  `email` varchar(80) DEFAULT NULL,
  `status` int(11) DEFAULT '1',
  `idcidade` int(11) DEFAULT NULL,
  `idregional` int(11) NOT NULL,
  PRIMARY KEY (`id`)
) ENGINE=InnoDB AUTO_INCREMENT=82 DEFAULT CHARSET=latin1;
/*!40101 SET character_set_client = @saved_cs_client */;

--
-- Dumping data for table `delegado`
--

LOCK TABLES `delegado` WRITE;
/*!40000 ALTER TABLE `delegado` DISABLE KEYS */;
INSERT INTO `delegado` (`id`, `nome`, `celular1`, `celular2`, `email`, `status`, `idcidade`, `idregional`) VALUES (1,'GABRIEL CUNHA FORNECK','68999795159',NULL,NULL,1,16,0),(2,'Ricardo Augusto Mello de Araújo','68999622395',NULL,NULL,1,16,0),(3,'ANDRÉ KAMAI DA SILVA SOARES','68999710712',NULL,NULL,1,16,0),(4,'OTENIEL ALMEIDA DOS SANTOS','68999079279',NULL,NULL,1,16,0),(5,'CLÁUDIO EZEQUIEL PASSAMANI','68999051312',NULL,NULL,1,16,0),(6,'NILSON MOURA LEITE MOURÃO','68999024391',NULL,NULL,1,16,0),(7,'MANOEL DA SILVA LIMA','68999649852',NULL,NULL,1,16,0),(8,'GETULIO TEIXEIRA PINHEIRO','68984033797',NULL,NULL,1,16,0),(9,'ANTÔNIO KLEMER BEZERRA DA SILVA','68984033797',NULL,NULL,1,16,0),(10,'JAMYR DE SOUZA ROSAS','68999261434',NULL,NULL,1,16,0),(11,'ADACILDO DE ALMEIDA SILVA','68996105050',NULL,NULL,1,16,0),(12,'NIELSON MELO DA SILVA','68999438936',NULL,NULL,1,16,0),(13,'WILMITON HERNANDES AGUIAR LUZ','68999683262',NULL,NULL,1,16,0),(14,'JOSÉ RAMILDO DE LIMA','68996105050',NULL,NULL,1,16,0),(15,'RODRIGO FERNANDO RODRIGUES','68999501917',NULL,NULL,1,16,0),(16,'THAISSON DE SOUZA MACIEL','68999360879',NULL,NULL,1,16,0),(17,'ALESSANDRO APARECIDO VIEIRA','68999736535',NULL,NULL,1,16,0),(18,'JOSÉ CLÁUDIO NEVES DE FREITAS JUNIOR','68999980527',NULL,NULL,1,16,0),(19,'DIEGO RODRIGUES DE OLIVEIRA','68999736535',NULL,NULL,1,16,0),(20,'MANOEL FERREIRA LEÃO','68999663607',NULL,NULL,1,16,0),(21,'CARLOS VENÍCIUS CASTOR DA SILVA JUNIOR','68999741635',NULL,NULL,1,16,0),(22,'DELFINO BATISTA DA CUNHA FILHO','68999771996',NULL,NULL,1,16,0),(23,'RAIMUNDO NONATO FERNANDES COSTA','',NULL,NULL,1,16,0),(24,'LAÉRCIO RAMOS BOMFIM','68999053793',NULL,NULL,1,16,0),(25,'IVETE DE JESUS MOREIRA','68999070557',NULL,NULL,1,16,0),(26,'MANOEL ROQUE DE LIMA','68999033131',NULL,NULL,1,16,0),(27,'MARCOS LEANDRO LIRA DE LIMA','68999003131',NULL,NULL,1,16,0),(28,'JAMES MENDONÇA LIRA','68999314088',NULL,NULL,1,16,0),(29,'SANDRO GUIMARÃES BARROSO','68999914426',NULL,NULL,1,16,0),(30,'PAULA CRISTINA PEREIRA DOS SANTOS','68999974426',NULL,NULL,1,16,0),(31,'FRANCIMÁ ASFURY','68992387063',NULL,NULL,1,16,0),(32,'INEMAR ARAUJO DA COSTA','',NULL,NULL,1,16,0),(33,'ALEXANDRE MAGNO FERNANDES DAMASCENO','68999590668',NULL,NULL,1,16,0),(34,'BENEDITO WALTER DAMASCENO','68999053793',NULL,NULL,1,16,0),(35,'FRANCIAN LIMA DE SOUZA','68999988865',NULL,NULL,1,16,0),(36,'LUIZ CARLOS GADELHA DE ASSIS','68999782377',NULL,NULL,1,16,0),(37,'MIZAEL LABS DE LIMA','68999557944',NULL,NULL,1,16,0),(38,'MARCUS ANTONIUS BASTOS','',NULL,NULL,1,16,0),(39,'PEDRO LUIZ LONGO','68992293132',NULL,NULL,1,16,0),(40,'GILMAR ALMEIDA PISNEL','',NULL,NULL,1,16,0),(41,'MARIANO TAVARES DO COUTO','',NULL,NULL,1,16,0),(42,'JAQUELINE SILVA DAMASCENO DE VASCONCELOS','68999823536',NULL,NULL,1,16,0),(43,'JULIO CEZAR ZUZA DA COSTA','68999582869',NULL,NULL,1,16,0),(44,'VANUSA FERREIRA VERAS','68992832093',NULL,NULL,1,16,0),(45,'CARLOS MANOEL MOURA DE LIMA ','68992366382',NULL,NULL,1,16,0),(46,'EMERSON PONTES AMIM','68999904444',NULL,NULL,1,16,0),(47,'GELSIMAR DA SILVA FELIPE  ','68992822510',NULL,NULL,1,16,0),(48,'PAULO AUGUSTO ASSEM MARÇAL','68999215693',NULL,NULL,1,16,0),(49,'LUCINETE DA SILVA PAIVA ','',NULL,NULL,1,16,0),(50,'GLADSON AUGUSTO SILVA MENEZES','',NULL,NULL,1,16,0),(51,'SEBASTIÃO SANTOS SILVA','',NULL,NULL,1,16,0),(52,'JONATHA DE FARIAS ONOFRE','',NULL,NULL,1,16,0),(53,'MÁRCIO OLIVEIRA DO CARMO','68999067135',NULL,NULL,1,16,0),(54,'KELLYTON SILVA CARVALHO','68999844182',NULL,NULL,1,16,0),(55,'TEMYLLIS LIMA DA SILVA','68999263684',NULL,NULL,1,16,0),(56,'GABRIEL MAIA GELPE','68999262112',NULL,NULL,1,16,0),(57,'MARCO ANTONIO BRANDÃO LOPES','68999853480',NULL,NULL,1,16,0),(58,'LEONARDO NEDER DE FARO FREIRE','68999853833',NULL,NULL,1,16,0),(59,'CRISTOVAM PONTES DE MOURA','68999494627',NULL,NULL,1,16,0),(60,'CARLOS ALBERTO BERNARDO DE ARAÚJO (CACÁ)','68999845326',NULL,NULL,1,16,0),(61,'SUELY DE SOUZA MELO DA COSTA','68999851059',NULL,NULL,1,16,0),(62,'FRANCISCO PEREIRA DA SILVA','68999761636',NULL,NULL,1,16,0),(63,'SILVIA HELENA COSTA BRILHANTE','68999852025',NULL,NULL,1,16,0),(64,'REJANE CRISTINA MARQUES ARAÚJO','68999839962',NULL,NULL,1,16,0),(65,'JORGE DA SILVA FADELL','68999235128',NULL,NULL,1,16,0),(66,'PABLO LEITE DE CARVALHO','68999661599',NULL,NULL,1,16,0),(67,'JOSÉ CARLOS REIS','68999136644',NULL,NULL,1,16,0),(68,'GLENILSON ARAUJO FIGUEIREDO','68999718990',NULL,NULL,1,16,0),(69,'EDSON AMÉRICO MANCHINI','68984264087',NULL,NULL,1,16,0),(70,'CARLOS ALBERTO SANTIAGO DE MELO','68999015500',NULL,NULL,1,16,0),(71,'MARIVAN LIMA NOBRE','68999622561',NULL,NULL,1,16,0),(72,'ELUZIMAR ALENCAR DE ALMEIDA','68999344934',NULL,NULL,1,16,0),(73,'COLOSO DE OLIVEIRA MAGALHÃES','68981067067',NULL,NULL,1,16,0),(74,'KAIO OLIVEIRA DE ALMEIDA ','68999888088',NULL,NULL,1,16,0),(75,'WILLY DOS SANTOS PAES','68992159877',NULL,NULL,1,16,0),(76,'ADALTO FERREIRA DE ALBUQUERQUE','68999851060',NULL,NULL,1,16,0),(77,'VALCICLEY SILVA DOS SANTOS','68999951063',NULL,NULL,1,16,0),(78,'ALBERTO ALENCAR DE ALMEIDA','68999716009',NULL,NULL,1,16,0),(79,'FRANCISCO ANASTÁCIO  CESÁRIO BRAGA','68999033517',NULL,NULL,1,16,0),(80,'MÁRCIA ROBERTA MACHADO CHARIFF','68999923822',NULL,NULL,1,16,0),(81,'PABLO DE OLIVEIRA MENDES','68992356501',NULL,NULL,1,16,0);
/*!40000 ALTER TABLE `delegado` ENABLE KEYS */;
UNLOCK TABLES;

--
-- Table structure for table `empresa`
--

DROP TABLE IF EXISTS `empresa`;
/*!40101 SET @saved_cs_client     = @@character_set_client */;
/*!40101 SET character_set_client = utf8 */;
CREATE TABLE `empresa` (
  `id` int(11) unsigned NOT NULL AUTO_INCREMENT,
  `nome` varchar(100) NOT NULL,
  `cnpj` varchar(14) NOT NULL DEFAULT '',
  `nomeresponsavel` varchar(100) DEFAULT NULL,
  `telefoneresponsavel` varchar(20) DEFAULT NULL,
  `emailresponsavel` varchar(100) DEFAULT NULL,
  PRIMARY KEY (`id`)
) ENGINE=InnoDB AUTO_INCREMENT=67 DEFAULT CHARSET=latin1;
/*!40101 SET character_set_client = @saved_cs_client */;

--
-- Dumping data for table `empresa`
--

LOCK TABLES `empresa` WRITE;
/*!40000 ALTER TABLE `empresa` DISABLE KEYS */;
INSERT INTO `empresa` (`id`, `nome`, `cnpj`, `nomeresponsavel`, `telefoneresponsavel`, `emailresponsavel`) VALUES (1,'W.G Construção  Comércio e Serviços LTDA','63606123000190',NULL,NULL,NULL),(2,'MONTEIRO & SOARES Ltda','09257500000188',NULL,NULL,NULL),(3,'M & B Marques & Barbosa Ltda','08021512000146',NULL,NULL,NULL),(4,'F. O. DE OLIVEIRA DO NASCIMENTO','09646758000176',NULL,NULL,NULL),(5,'Instituto Euvaldo Lodi-IEL-Núcleo Regional Acre','04031258000106',NULL,NULL,NULL),(6,'PIT STOP TERCEIRIZAÇÃO E SERVIÇOS EIRELI','02132510000148',NULL,NULL,NULL),(7,'Inovare Consultoria Serv. Projetos e Comércio LTDA','07557642000135',NULL,NULL,NULL),(8,'JFR Construções LTDA - ME','10737867000188',NULL,NULL,NULL),(9,'A V A CONSTRUÇÕES LTDA 1','07984018000114',NULL,NULL,NULL),(10,'A V A CONSTRUÇÕES LTDA 2','05608779000146',NULL,NULL,NULL),(11,'J.W.C MULTISERVIÇOS LTDA','04090759000163',NULL,NULL,NULL),(12,'TEC NEWS','05608779000146',NULL,NULL,NULL),(13,'MIL SERVICE LTDA','13637847000123',NULL,NULL,NULL),(14,'CRM REPRESENTACOES E SERVICOS LTDA','84324748000130',NULL,NULL,NULL),(15,'VIEIRA E GOMES LTDA - EPP','11223797000102',NULL,NULL,NULL),(16,'CENTRO DE INTG. EMPR. ESCOLA - CIEE','61600839000155',NULL,NULL,NULL),(17,'NORTEXPRESS TRANSPORTE E SERVIÇO LTDA','11140110000175',NULL,NULL,NULL),(18,'Liderança Serviços Ltda','03296965000161',NULL,NULL,NULL),(19,'INSTITUTO EUVALDO LODI - IEL','02373341000138',NULL,NULL,NULL),(20,'MINUTA COMUNICAÇÃO CULTURA DESENVOLVIMENTO SOCIAL EIRELI-EPP','10762976000155',NULL,NULL,NULL),(21,'C.R.M. Representações e Serviços Ltda. EPP','84324748000130',NULL,NULL,NULL),(22,'COOPSERGE - Cooperativa de Trabalhadores Autônomos de Serviços Gerais','03713023000131',NULL,NULL,NULL),(23,'ATIVA - CONSULTORIA ORGANIZACIONAL LTDA EPP','07720703000133',NULL,NULL,NULL),(24,'MAIA & PIMENTEL - SERV. E CONS. LTDA','11661499000102',NULL,NULL,NULL),(25,'Conceitos Limp. E Conservação','10631537000103',NULL,NULL,NULL),(26,'COOPASER  - COOP. DE TRAB. EM SERV. GERAIS DO ACRE','13366251000136',NULL,NULL,NULL),(27,'Augusto S de Araujo','05511061000137',NULL,NULL,NULL),(28,'Marques & Barbosa Ltda','08021512000146',NULL,NULL,NULL),(29,'JWC Suport Corporation LTDA','04090759000163',NULL,NULL,NULL),(30,'PROTEGE S/A - PROTEÇÃO E TRANSPORTE DE VALORES 2','43035146000185',NULL,NULL,NULL),(31,'WALTEMI SANTOS LIMA','10214179000133',NULL,NULL,NULL),(32,'COOPERPAQUET','12922132000150',NULL,NULL,NULL),(33,'S.R COMERCIO CONSTRUÇÃO E TERRAPLANAGEM LTDA','14364277000108',NULL,NULL,NULL),(34,'M.N. DE CASTRO - ME','04517654000157',NULL,NULL,NULL),(35,'ALVES E GRANZOTTO LTDA','07083154000133',NULL,NULL,NULL),(36,'M. N. SILVA BRAGA','84303684000190',NULL,NULL,NULL),(37,'ASA AGÊNCIA DE SERVIÇOS DO ACRE LTDA','11815892000103',NULL,NULL,NULL),(38,'COOPERATIVA DOS PROPRIETARIOS DE CAMINHÕES E MÁQUINAS PESADAS DE RIO BRANCO LTDA','05591780000105',NULL,NULL,NULL),(39,'M.R.C Aguiar - ME','08004296000120',NULL,NULL,NULL),(40,'VECTRA LTDA','04525294000126',NULL,NULL,NULL),(41,'CORDEIRO E BATISTA LTDA','13344554000158',NULL,NULL,NULL),(42,'ACRE IMPORTAÇÃO E EXPORTAÇÃO LTDA','21467044000104',NULL,NULL,NULL),(43,'ESTACAO VIP SEGURANCA PRIVADA LTDA','09228233000110',NULL,NULL,NULL),(44,'LOPES & CAVALCANTE LTDA','07533627000157',NULL,NULL,NULL),(45,'D.M.M TERCERIZAÇÃO E CONSULTORIA LTDA','09472377000118',NULL,NULL,NULL),(46,'JURUÁ  SERVIÇOS TÉCNICOS LTDA','01153381000101',NULL,NULL,NULL),(47,'PROTEGE S/A - PROTEÇÃO E TRANSPORTE DE VALORES 3','43035146005497',NULL,NULL,NULL),(48,'PROTEGE S/A - PROTEÇÃO E TRANSPORTE DE VALORES 4','43035146005578',NULL,NULL,NULL),(49,'MARTINS E GOMES LTDA','03817441000179',NULL,NULL,NULL),(50,'CALEGARIOX','06232568000114',NULL,NULL,NULL),(51,'MAGALHAES & CIA LTDA','14341689000122',NULL,NULL,NULL),(52,'RED PONTES EIRELI','03417593000184',NULL,NULL,NULL),(53,'COOPERVEL ? LOCAÇÃO DE VEÍCULO COM CONDUTOR ','13052004000165',NULL,NULL,NULL),(54,'AGILE  SERVICOS DE  LIMPEZA E CONSERVACAO LTDA','34705632000172',NULL,NULL,NULL),(55,'WG CONSTRUCOES COMERCIO E SERVICOS LTDA ME','10737867000188',NULL,NULL,NULL),(56,'JFR Construções LTDA','10737867000130',NULL,NULL,NULL),(57,'CAMARA E SILVA - LTDA ','34481309000162',NULL,NULL,NULL),(58,'ESTACAO VIP LTDA','10737867000188',NULL,NULL,NULL),(59,'PREMIUM SERVICOS EIRELI ME 1','04512547000127',NULL,NULL,NULL),(60,'ELIZANGELA  DE OLIVEIRA - ME','08880610000139',NULL,NULL,NULL),(61,'VITON CONSTRUÇÕES LTDA','13790851000127',NULL,NULL,NULL),(62,'PROTEGE S/A - PROTEÇÃO E TRANSPORTE DE VALORES 1','17219353000260',NULL,NULL,NULL),(63,'PREMIUM SERVICOS EIRELI ME 2','10737867000130',NULL,NULL,NULL),(64,'Gold Service Vigilância e Seguranla Eirele','04518601000140',NULL,NULL,NULL),(66,'A A A A LTDA','00000000000100','Teste','68999998888','teste@teste.com');
/*!40000 ALTER TABLE `empresa` ENABLE KEYS */;
UNLOCK TABLES;

--
-- Table structure for table `estado`
--

DROP TABLE IF EXISTS `estado`;
/*!40101 SET @saved_cs_client     = @@character_set_client */;
/*!40101 SET character_set_client = utf8 */;
CREATE TABLE `estado` (
  `idestado` int(10) unsigned NOT NULL AUTO_INCREMENT,
  `nome` varchar(120) NOT NULL,
  PRIMARY KEY (`idestado`)
) ENGINE=InnoDB AUTO_INCREMENT=2 DEFAULT CHARSET=latin1;
/*!40101 SET character_set_client = @saved_cs_client */;

--
-- Dumping data for table `estado`
--

LOCK TABLES `estado` WRITE;
/*!40000 ALTER TABLE `estado` DISABLE KEYS */;
INSERT INTO `estado` (`idestado`, `nome`) VALUES (1,'ACRE');
/*!40000 ALTER TABLE `estado` ENABLE KEYS */;
UNLOCK TABLES;

--
-- Table structure for table `fiscal`
--

DROP TABLE IF EXISTS `fiscal`;
/*!40101 SET @saved_cs_client     = @@character_set_client */;
/*!40101 SET character_set_client = utf8 */;
CREATE TABLE `fiscal` (
  `id` int(11) unsigned NOT NULL AUTO_INCREMENT,
  `nome` varchar(60) DEFAULT NULL,
  `celular1` varchar(14) DEFAULT NULL,
  `celular2` varchar(14) DEFAULT NULL,
  `email` varchar(80) DEFAULT NULL,
  `status` int(11) NOT NULL DEFAULT '1',
  `idcidade` int(11) DEFAULT NULL,
  PRIMARY KEY (`id`)
) ENGINE=InnoDB AUTO_INCREMENT=1791 DEFAULT CHARSET=latin1;
/*!40101 SET character_set_client = @saved_cs_client */;

--
-- Dumping data for table `fiscal`
--

LOCK TABLES `fiscal` WRITE;
/*!40000 ALTER TABLE `fiscal` DISABLE KEYS */;
INSERT INTO `fiscal` (`id`, `nome`, `celular1`, `celular2`, `email`, `status`, `idcidade`) VALUES (1,'Keitielly Silva Da Rocha','68999844159','','keity.linda@hotmail.com',1,16),(2,'Manoel Angelo Cristosotomo','68999534017','','',1,16),(3,'Alcenira Almeida Silva','68999383659','','alcenira-almeida@hotmail.com',1,16),(4,'Cristina Pastore','68999675376','','',1,16),(5,'Antonio Gelcimar Nascimento Da Silva','68999383659','','',1,16),(6,'Francisco Gleyson Da Silva França','68999446104','','',1,16),(7,'Ana Claudia Martins De Almeida','68999106791','','',1,16),(8,'Ana Paula De Araujo Galdino','68999524494','','',1,16),(9,'Custodia Francisca Da Silva','68999817973','','',1,16),(10,'Maria Renata Nascimento Da Silva','68999044749','','',1,16),(11,'Francisco Afranio Chaves De Mendonça','68999101210','','',1,16),(12,'Igor Damon Do Nascimento Assunção','68999557385','','',1,16),(13,'Mary Cristina Do Nascimento','68999557385','','',1,16),(14,'Silmara Barbosa Da Cunha','68992014550','','',1,16),(15,'Caio Anderson Lima Da Silva','68999350705','','',1,16),(16,'Carlos Bruno Silva De Oliveira','68999496159','','',1,16),(17,'Luiz Carlos Rodrigues De Souza Filho','68999526020','','',1,16),(18,'Ana Claudia Vale Dos Santos','68999564845','','',1,16),(19,'Rafaely  Eduarda Maia Cunha','68999359992','','',1,16),(20,'Grace Kelly Rodrigues Macedo','68999431188','','',1,16),(21,'Jonesclei De Souza Bandeira','68999564845','','',1,16),(22,'Gilvania Souza Pereira Gomes','68999075507','','',1,16),(23,'Adriana Saldanha Do Nascimento','68996088597','','',1,16),(24,'Antonia Viana De Araujo','68999394529','','',1,16),(25,'Bruno Nogueira Da Silva','68999585165','','',1,16),(26,'Ewertton Rogerio Marinho De Holanda','68999029161','','',1,16),(27,'Marcilene Cristiane Do Nascimento','68999615000','','',1,16),(28,'Maria Da Penha Leal Pereira Do Nascimento','68999737982','','',1,16),(29,'Marielle De Oliveira Da Silva','68999556785','','',1,16),(30,'Marta Regina De Carvalho','68999725081','','',1,16),(31,'Raimundo Nonato Marques Pereira','68999621058','','',1,16),(32,'Sydcleia Silva Dos Santos Cardozo','68999107476','','',1,16),(33,'Viviane Da Silva Lima','68999390889','','',1,16),(34,'Aline Rayane De Souza Cordeiro','68999058100','','',1,16),(35,'Arlen Guerra Bessa','68999503408','','',1,16),(36,'Elza Cristina Lima Mesquita Medeiros','68984033284','','',1,16),(37,'Jessyca Anathaly Norhen Hannah Rocha Ono','68992050304','','',1,16),(38,'Kamila Martins Taboga','68999371424','','',1,16),(39,'Luana Maria De Lima Cordeiro','68999085926','','',1,16),(40,'Luhely Fernanda Rodrigues Pereira','68999968133','','',1,16),(41,'Marcia Cristina Lima Rodrigues','68999625543','','',1,16),(42,'Nayana Belmont De Lima','68992361718','','',1,16),(43,'Ronaldo Frota Silva','68999866035','','',1,16),(44,'Sayure Albuquerque Do Nascimento','68999740888','','',1,16),(45,'Tamires Martins De Melo Eduino','68999247171','','',1,16),(46,'Vania Freitas Da Silva','68999056664','','',1,16),(47,'Walnicleia Alves Serra','68999523622','','',1,16),(48,'Jose Ribamar Da Silva Oliveira','68999523622','','',1,16),(49,'Sara De Lima Souza','68999660998','','',1,16),(50,'Dejane Cunha De Oliveira','68999591781','','',1,16),(51,'Manasses De Souza Pereira','68999843292','','',1,16),(52,'Anderson Medeiros De Souza Soares','68999955489','','',1,16),(53,'Julio Bacelar Matos Rufino','68992062681','','',1,16),(54,'Gilberto Da Conceição Mourão Rodrigues','68999330977','','',1,16),(55,'Karine Carvalho Mendes','68999859583','','',1,16),(56,'Alessandro Nogueira Lima','68981103805','','',1,16),(57,'Adiemia Maria Silvia Matias','68999008213','','',1,16),(58,'Jonatha Da Silva Negreiros','68999744979','','',1,16),(59,'Francisco Dionata Silva Lima','68999970721','','',1,16),(60,'Maria Angela Aguiar Lima','68999677521','','',1,16),(61,'Vagner Venâncio Rodrigues','68999884236','','',1,16),(62,'Jayra Araujo Veira','','','',1,16),(63,'Andreia Silva De Almeida','68999582815','','',1,16),(64,'Tiago Rocha Da Silva','68999072696','','thiagosilva.12942@gmail.com ',1,16),(65,'Ana Pricila Assis De Souza','68999784273','','anapricilaassis@gmail.com',1,16),(66,'Clemilda Feitosa Barroso','68999784273','','',1,16),(67,'Fernando Henrique Bispo Farhat','68999385434','','fernandofarhat25@gmail.com',1,16),(68,'Jailson De Lima Apurinã','','','',1,16),(69,'Spartacos Barbosa De Alencar','68999988785','','spartacos.alencar@gmail.com',1,16),(70,'Aline Lima De Oliveira','68999620395','','allyneoliver20@gmail.com ',1,16),(71,'Lucas Felipe Souza Carvalho','','','lucaasfelippe8@gmail.com',1,16),(72,'Diana Da Silva Dantas','68999682074','','diana.dantas@gmail.com',1,16),(73,'David Barrozo Alves De Souza Júnior','68999485223','','david.junior@riobranco.ac.gov.br',1,16),(74,'Amanda Thaís De Pádua','68999893940','','amandathaisdepadua@gmail.com',1,16),(75,'João Gomes De Vasconcelos Neto','68999828504','','jnetovocal@gmail.com  ',1,16),(76,'Marcos Antonio Da Silva Oliveira','68999821208','','mdoliveira1988@bol.com.br ',1,16),(77,'Gabriela Possidonio De Queiroz','68999791957','','gabrielapq@yahoo.com.br ',1,16),(78,'Maria Gecilda Aráujo Ribeiro','68992384533','','gecildar@gmail.com',1,16),(79,'Giselle Asfury De Almeida','68999871828','','giselleasfury@globo.com ',1,16),(80,'Gilberto Alves De Medeiros','68999761142','','gilbest.ac@hotmail.com ',1,16),(81,'Marisa Ribeiro De Oliveira','68996039327','','',1,16),(82,'Ynara Rocha De Medeiros','68992106002','','',1,16),(83,'Ialle Rocha De Medeiros','68992141826','','',1,16),(84,'Ailton Guimarães Alves','68999844416','','ailtong.alves@gmail.com ',1,16),(85,'Maria José De França Oliveira','68999671082','','maju_m12@hotmail.com',1,16),(86,'Deusilene Pando Da Silva','68999793303','','deusilenepando@gmail.com',1,16),(87,'Priscila Da Silva Melo De Alencar Teixeira','68999501754','','prismello.silva@gmail.com',1,16),(88,'Daniel Da Silva Serafim','68999898283','','danielserafim28@gmail.com ',1,16),(89,'Marcelo Luiz De Oliveira Costa','68999586644','','marcelo.costa@riobranco.ac.gov.br ',1,16),(90,'Amides Tavares De Souza','68999865669','','amidestavares@gmail.com ',1,16),(91,'Caroline Jardim Pinheiro','68984012332','','carolinejardimp@hotmail.com',1,16),(92,'Arlindo Ferreira Da Cunha Junior','68999770161','','afcj01@gmail.com',1,16),(93,'Elaine Carvalho Da Silva','68999433739','','elainecs1@gmail.com',1,16),(94,'Adercio Belmont De Lima','68999000829','','belmontadercio@gmail.com',1,16),(95,'Laura Cristina De Paiva Merlo Gonçalves','68999632716','','lauracmelo@gmail.com',1,16),(96,'Cristiane Barros Da Silva','68999470315','','krisbarrossilva@gmail.com',1,16),(97,'Thays Oliveira Da Cunha','68999214038','','',1,16),(98,'Aerlio Diogenes Do Nascimento','68999918049','','aerliodiogenes@hotmail.com',1,16),(99,'Jeisa Fernandes Guedes Do Nascimento','68999879124','','jeissafernandes@bol.com.br',1,16),(100,'Jocilene Batista Lopes','68999784912','','jacifima@yahoo.com.br',1,16),(101,'Altenor Francisco Da Mota Júnior','68999862029','','juniormota@bol.com.br',1,16),(102,'Rosana Ferreira Lima','68996647011','','rosanafs@hotmail.com',1,16),(103,'Andreia De Souza Lima','68999871758','','andreia740@gmail.com',1,16),(104,'Paulo Sérgio Menezes De Souza','68999062462','','paulomenezes@gmail.com',1,16),(105,'Tawan Godim Moreira','68999394200','','tawangodim@hotmail.com',1,16),(106,'Gloria Thais Souza De Melo','68999059712','','gloria.thais@hotmail.com',1,16),(107,'João Paulo Bastos Batista De Nazaré','68992036225','','joaopaulo1994@hotmail.com',1,16),(108,'Jefferson José Da Silveira Fernandes','68999464771','','jjfernandessilveira@gmail.com',1,16),(109,'Carolina Maria Sousa Da Costa','68999111144','','carolina.scosta@hotmail.com',1,16),(110,'Jonatas Oliveira De Queiroz','68999840631','','jonatas.dt@hotmail.com',1,16),(111,'Raimunda Dirce Sá De Souza','68999689443','','',1,16),(112,'Maria Gleycyanne Furtado Dos Santos Lopes','68992098871','','gley.fsantos@gmail.com',1,16),(113,'Gilmara Moreira Daniel','68999837386','','gilmara.moreirad@gmail.com',1,16),(114,'Claudio Ezequiel Passamani','68999681312','','cepassamni@gmail.com',1,16),(115,'Carlos Cesar Furtado','68999762975','','',1,16),(116,'Maria Fatima Vale Brito','68999934550','','fatima.vale-brito@hotmail.com',1,16),(117,'Geovana Brito Catarim','68999349035','','geovanabcatarim@gmail.com',1,16),(118,'Shawane Janara Machado','68999410137','','shawanebrito@hotmail.com',1,16),(119,'Matheus Muniz Assumpção','68999410137','','theusmuz@homtmail.com',1,16),(120,'Suelayne Lima Andrade','68999284885','','suelynny-andrade@hotmail.com',1,16),(121,'Nayara Albuquerque Do Nascimento','68999049442','','nayara21@gmail.com',1,16),(122,'Matheus Oséias Araújo Borges','68999941554','','',1,16),(123,'Sebastião Gama Chaves','68999494477','','',1,16),(124,'Amanda De Souza Silva','68999053711','','',1,16),(125,'Thamara Santana','68999534840','','',1,16),(126,'Teresinha Dos Santos  Silva','68999534840','','',1,16),(127,'Deyvd Anntoni Lima','68999002214','','',1,16),(128,'Ronimar Ferreira De Matos','68999845652','','',1,16),(129,'Leila Maria De Souza Oliveira','68992160286','','',1,16),(130,'Maria Santiago De Lima','68999941929','','',1,16),(131,'Kainam Hajumlu Santiago','68996048396','','',1,16),(132,'Annanda Maria De Brito Costa','68999105080','','',1,16),(133,'Elza Neves Lopes','68999733811','','',1,16),(134,'Fabiula De Souza Martins Silva','68999200716','','',1,16),(135,'Ana Paula Sousa Da Silva','68999894309','','',1,16),(136,'Roberta De Melo Picanço','68999395035','','roberta26mp@bol.com.br',1,16),(137,'Débora Siqueira De Castro Conde','68999172293','','kenneth.nascimento@hotmail.com',1,16),(138,'Fernanda Chaves Machado','68999876850','','fernandacmachado21@mail.com',1,16),(139,'Juliana Santos Da Silva','68999522480','','lianna.santtos@gmail.com',1,16),(140,'Jose Antonio Sousa Agostinho','68999599638','','agostinho_ac32@hotmail.com',1,16),(141,'Ana Gabrielli De Melo Medeiros','68999037190','','anaamedeeiros18@gmail.com',1,16),(142,'Kleber De Menezes Crispim Medeiros','68999070048','','klebermedeiros@hotmail.com',1,16),(143,'Maria Isabele Guedes Arab','68999450612','','i.guedes@hotmail.com',1,16),(144,'Ana Claudia Soares De Oliveira','68999333466','','manaclaudia27@bol.com.br',1,16),(145,'Bruno Gabriel Paes Ramos','68999070640','','brunoramosgp@gmail.com',1,16),(146,'Erivaldo Lopes Da Silva','68999404063','','',1,16),(147,'Paulo Roberto Sampaio Junior','68999443489','','paulojunior.ac@hotmail.com',1,16),(148,'João Victor Marinho Da Silva','68999752021','','j.victormainho@hotmail.com',1,16),(149,'Patrucia Cristiane Caruta Parfan','68992050344','','patrucia_parfan@hotmail.com',1,16),(150,'Sebastiana Gomes Rodrigues ','68996026318','','',1,16),(151,'Yargo Vinicius Costa De Araujo','68992179917','','yargo2@gmail.com',1,16),(152,'Renata Passos De Araújo','68994907771','','',1,16),(153,'Daniele Samara Marques Da Silva ','68999661444','','ds.marquess@gmail.com',1,16),(154,'Vilma Onofre S Ramos','68999868172','','vilmonofre@gmail.com',1,16),(155,'Claudia Maria Araujo De Souza','68999005699','','claunica.n1@hotmail.com',1,16),(156,'Gracineide Magalhães Teles','68999953976','','neidecassia@gmail.com',1,16),(157,'Vanilce De Paula Lima ','68999519827','','',1,16),(158,'Kellyane Assis De Matos','68992102178','','',1,16),(159,'Maria Adriana Silva Basilio','68984270649','','',1,16),(160,'Maria Freire De Silva ','68999512506','','',1,16),(161,'Lourival Bernardino De Souza ','68999768987','','',1,16),(162,'Narley Maria De Souza Pereira ','68999847864','','',1,16),(163,'Eriane Da Silva Nobre 805270352','68999500408','','eriane_20@hotmail.com',1,16),(164,'Carliane Rodrigues Do Nascimento','68999333699','','carly_nascimento@hotmail.com',1,16),(165,'Maria Etna Da Costa Souza','68999849441','','etnasousa@hotmail.com',1,16),(166,'Onéclia Maria Oliveira Melo','68999810208','','oneclia_nanda@yahoo.com.br',1,16),(167,'Priscila Da Silva Melo','68999545014','','priscila.smelo@hotmail.com',1,16),(168,'Kezia Honorato Da Silva Moraes','68996118801','','khmoraes@gmail.com',1,16),(169,'Nascivaldo Mota De Araújo','68999885901','','',1,16),(170,'Duceíde Benício Da Silva','68999736001','','',1,16),(171,'Jucilene Lopes Pessoa','68999723471','','jucipessoa@outlook.com',1,16),(172,'Carlos Roberto Martins','68981123623','','carlos.martins@riobranco.ac.gov.br',1,16),(173,'José Augusto Da Silva','68999993070','','zeaugusto71@hotmail.com',1,16),(174,'Adilio Dos Reis Almeida','68999037500','','adilioreis22@gmail.com',1,16),(175,'Maria Do Socorro Silva Dagnoni','68999495565','','socorro.dagnoni@bol.com.br',1,16),(176,'Maria Marta Da S. Teixeira Batista','68999827074','','',1,16),(177,'Lêda Ferreira Da Silva','68999710425','','sf.leda@gmail.com',1,16),(178,'Tatiana Cunha Mendes','68999823504','','tatynha25@gmail.com',1,16),(179,'Gigliola Cinquett Lima Maia','68999522816','','giglicinquett@yahoo.com.br',1,16),(180,'Francisca Januária Maia Guimaraes','68999654645','','maia.jane@gmail.com',1,16),(181,'Francisca Estefêania Alves De Queiroz','68999361099','','estefania91maciel@gmail.com',1,16),(182,'Andrea Costa Bezerra','68999997221','','andrea.costa73@gmail.com',1,16),(183,'Aline Estefane Da Costa','68999350928','','aline.estefanne@gmail.com',1,16),(184,'Rosilene Sales De Lima','68999546571','','rosyadmlene@gmail.com',1,16),(185,'Francisca Luana Da Silva Rodrigues Alves','68999720510','','luanafr26@gmail.com',1,16),(186,'Sara Barros Costa','68999291176','','saracosta2008@hotmail.com',1,16),(187,'Mariana Costa Falcão','68992133302','','marianacfalcaoo@gmail.com',1,16),(188,'Ueliton Freitas De Anastácio','68992079429','','freitttas@outlook.com',1,16),(189,'Hellen Cristina Viana Da Silva','68999421414','','hellencristhina18@gmail.com',1,16),(190,'Klicia Pereira De Albuquerque Melo','68999772827','','kliciamelo@hotmail.com',1,16),(191,'Dayana Sheyla De Oliveira Costa','68992059900','','dayanasheyla@hotmail.com',1,16),(192,'Luciana Farias Alves Barbosa','68992368226','','lucianafarias@yahoo.com',1,16),(193,'Auricélia Da Silva Souza','68999372662','','auricelia.souza84@gmail.com',1,16),(194,'Karolinny Rosas De Oliveira ','68999830806','','linny.morena@gmail.com',1,16),(195,'Grasiela Ximenes Tavares','68999165304','','grazximenes@hotmail.com',1,16),(196,'Lidiane De Sousa Silva','68992928795','','lidianesilva159@gmail.com',1,16),(197,'Juciany Maciel Marinheiro','68992110082','','juciany_m@hotmail.com',1,16),(198,'Kamila Moraes De Magalhães','68992035047','','k-kamilla@hotmail.com',1,16),(199,'Kristel Kris Bethanea Da Silva','68999039836','','kris.assistentesocial@gmail.com',1,16),(200,'Kellen Maria Dos Santos Souza','68999631081','','kellenmaria082@gmail.com',1,16),(201,'Daniela Moraes Araújo','68992139709','','dma.caps@gmail.com',1,16),(202,'Fabiana Ponte De Albuquerque','68999845398','','fabianaponte@bol.com.br',1,16),(203,'Tiago Ispper Derze De Carvalho','68999955736','','tiagoispper@hotmail.com',1,16),(204,'Adilene Ferreira Diniz','68999003872','','adilenediniz@bol.com.br',1,16),(205,'Dannyelle Silva','68999623327','','dannymacedo1@hotmail.com',1,16),(206,'Elayne Cristina Cruz Da Silva','68999320563','','elaynecris@live.com',1,16),(207,'Nágila Cunha Do Vale Souza','68999669055','','nagilacunha@hotmail.com',1,16),(208,'Emilia Da Silva Melo','68999997722','','emiliapsic38@gmail.com',1,16),(209,'Francisca Riza Fontenelle De Oliveira','68999297386','','rizafontinele@hotmail.com',1,16),(210,'Maycon Douglas Carneiro De Albuquerque','68992814530','','maycon_ps2@hotmail.com',1,16),(211,'Josimere Ferreira De Sousa','68999786638','','josyazevedo14@hotmail.com',1,16),(212,'Adejanio Miranda De Souza','68992334950','','adejaniosousa@live.com',1,16),(213,'Alan Sebastião Da Silva Vulcão','68999874522','','alanvulcao@gmail.com',1,16),(214,'Alexandra Magna Da Silva Ferreira','68999851446','','',1,16),(215,'Ana Coroline Castro Rôla','68999825774','','carolcastro3150@gmail.com',1,16),(216,'Cheila Maria De Souza Lima','68999781009','','cheilamariarb@gmail.com',1,16),(217,'Daiane Da Cruz Santos','68999532910','','daycruzantos@hotmail.com',1,16),(218,'Janira De Souza Melo','68999028070','','janira_melo@yahoo.com.br',1,16),(219,'Jerry Whebber Pinto Cavalcante','68999866488','','',1,16),(220,'Joana Kerolaine Nascimento Da Silva','68996120197','','joannakeroaine@gmail.com',1,16),(221,'Jonatas Nicácio Rodrigues924','68999964995','','',1,16),(222,'Luzimar De Oliveira Lima','68999644938','','luzimaramil@gmail.com',1,16),(223,'Madeleine Maia Da Luz Gomes','68999894651','','madeleinegomes@yahoo.com.br',1,16),(224,'Maria Eliana Vasconcelos','68999876950','','vasconceloseliana@hotmail.com',1,16),(225,'Maria Nisália De Jesus De Oliveira','68992293125','','nisalia.rb@gmail.com',1,16),(226,'Michele Ferreira De Lima','68992162190','','michelef.lima@hotmail.com',1,16),(227,'Neiva Nara Braña Lins','68984070356','','neivanaralins@gmail.com',1,16),(228,'Onofra Cleuza Rigamonte Azevedo','68999302520','','cleuza_rigamonte@gmail.com',1,16),(229,'Renata Alves Da Silva','68992358477','','renataalves20202016@gmail.com',1,16),(230,'Ricardo Patrese Gaspar De Oliveira','68992313092','','ricpatrese@yahoo.co.br',1,16),(231,'Rodrigo Da Costa Oliveira','68984037221','','georodrigo28@gmail.com',1,16),(232,'Rodrigo Ferreira De Oliveira','68999280658','','rodrigooliveirarbo@gmail.com',1,16),(233,'Sebastião De Jesus Souza','68999579506','','sebastiao.sabao@hotmail.com',1,16),(234,'Silvia Helena Costa Brilhante','68999849354','','brilhante.silvia@gmail.com',1,16),(235,'Demosthynes  Miranda De Souza','68992825026','','demosthynes82@gmail.com',1,16),(236,'Catiany De Souza Viga','68999169800','','',1,16),(237,'Dhonatan Mendonsa De Mesquita','68999661350','','florbolotus@gmail.com',1,16),(238,'Mara Elfrida Da Silva Rodrigues','68999710050','','mara_elfrida@hotmail.com',1,16),(239,'Aline Púpio Reis Rodrigues','68999256665','','alinepupio35@gmail.com',1,16),(240,'Nailson Bispo De Souza','68999299091','','bisponailson@gmail.com',1,16),(241,'Halison Antônio Fernandes De Souza','68999538384','','halisonsouza@hotmail.com',1,16),(242,'Afrânio Moura De Lima','68999439680','','amlima2@gmail.com',1,16),(243,'Katrina Maria Dos Santos Amorim','68981006665','','katrina.amorim@gmail.com',1,16),(244,'Erivelton Laia Vieira','68981192072','','erivelton.laia@gmail.com',1,16),(245,'Marcelo Oliveira Kagy','68999840277','','marcelo.kagy2016@hotmail.com',1,16),(246,'Rejane Marcelina Ribeiro','68999014008','','rejaneacre14@gmail.com',1,16),(247,'Andreza Da Silva Nogueira','68999686824','','andrezanogueira091@gmail.com',1,16),(248,'Maria Irlene Lins Da Costa','68999694878','','irlene.marialins@gmail.com',1,16),(249,'Catyane De Souza Viga*','68999169800',NULL,'catyane_viga@hotmail.com',2,16),(250,'Janilson Ferreira Da Silva','68999082299','','janilsonufc@hotmail.com',1,16),(251,'Ely Alves Vieira','68999726410','','elyalvesvieiraal@gmail.com',1,16),(252,'Aldinei Batista Lima','68999362377','','xxxxxxxxxxxxx',1,16),(253,'Melquisedeque Rezende Brito','68992299985','','melkinho_carioca@hotmail.com',1,16),(254,'Nelson De Lima Silva','68999067791','','nelsonlimafootec@gmail.com',1,16),(255,'Marianne Da Costa Brito ','68999749256','','m.arianecosta@hotmail.com',1,16),(256,'Rocicléia Torres Moura','68999325889','','rose_torres74@yahoo.com.br',1,16),(257,'Thaís Da Silva Firmino','68999577121','','thaismartins@gmail.com',1,16),(258,'Maria Da Liberdade Rodrigues ','68999224550','','maria.l.rodrigues13@gmail.com',1,16),(259,'Gilmara Benício Maia','68999319492','','gilmarabm@gmail.com',1,16),(260,'Karina Gomes Hall','68999488755','','karinaghall@gmail.com',1,16),(261,'Hilda Lara Cavalcante De Freitas','68999555914','','larafreita49@hotmail.com',1,16),(262,'José Richer Oliveira Da Silva','68992114735','','richer.silva@gmail.com',1,16),(263,'Veronica Pereira Da Silva','68992238689','','veronica.mk23@hmail.com',1,16),(264,'Sidnei Da Silva Lima','68992017193','','',1,16),(265,'Elenice Lira Lins','68999768060','','lenlins@hotmail.com',1,16),(266,'Francisco Diego Tavares De Oliveira','','','',1,16),(267,'Claiton Doinatha Da Silva Pereira','68992462120','','',1,16),(268,'Socorro Maciel ','68999090379','','',1,16),(269,'Glenna Kelly','68999887681','','',1,16),(270,'Paulo Alexandre ','68992294144','','',1,16),(271,'Alex Sobrinho ','68999893202','','',1,16),(272,'Paula Cristina ','68999765012','','',1,16),(273,'Edson Braga','68999557110','','',1,16),(274,'Edmar Goulart','68999101828','','',1,16),(275,'Sandro Guedes ','68992415082','','',1,16),(276,'Maria Dalcila Sousa Elias','68999794737','','',1,16),(277,'Marcos Francisco Lima De Araujo','68992013149','','',1,16),(278,'Reus Peixoto Correa','68981185775','','',1,16),(279,'Silvia Maria Cesar De Assis Salgueiro','68999888202','','',1,16),(280,'Simone D\'avila Aires','68992075013','','',1,16),(281,'Márcia Regina Silva','68992076414','','',1,16),(282,'Karina Oliveira Da Silva','68999394969','','',1,16),(283,'Alex Carlos De Queiroz','68999811722','','',1,16),(284,'Paula Karoslaine Vieira De Lima','68996080616','','',1,16),(285,'Yana Morais Da Silva','68999857202','','',1,16),(286,'Carla Matania Costa','68999274052','','',1,16),(287,'David Rocha Macedo','68999082384','','',1,16),(288,'Fabricio Oliveira De Freitas','68999759951','','',1,16),(289,'Sandra Maria Oliveira','68992335934','','',1,16),(290,'Suelen Lopes Do Nascimento','68999216848','','',1,16),(291,'Michele Alves De Lima','68999149552','','',1,16),(292,'Elan Roberto Pinheiro Da Silveira','68999843590','','',1,16),(293,'Francisco Edson Costa Batista','68999148185','','',1,16),(294,'Michael Fleneg Machado De Rezende','68992348498','','',1,16),(295,'Marly Ales ','68992017165','','',1,16),(296,'José Lazaro Torres Bandeira','68999028833','','',1,16),(297,'Meiry Bezerra Da Silva','68992087621','','',1,16),(298,'Maria Andrade Do Nascimento','68999682046','','',1,16),(299,'José Claudio Costa Da Silva','68999721816','','',1,16),(300,'Sebastiana Magalhães  Da Silva','68999117420','','',1,16),(301,'Deisy Nascimento Gutierrez ','68999661150','','',1,16),(302,'Josileide Cunha Gomes De Oliveira','68999886122','','',1,16),(303,'Maria Clizete Abreu Dos Santos ','68999886032','','',1,16),(304,'Francisca Do Nascimento De Araújo Sousa','68999692087','','',1,16),(305,'Creuza Ribeiro Da Silva','68999226462','','',1,16),(306,'Emildison Dos Santos Daniel ','68996016637','','',1,16),(307,'Neuzicléia Sila De Azevedo ','68999561452','','',1,16),(308,'Maria José De Jesus Batista','68999998216','','',1,16),(309,'Maria Da Conceição Morais Freitas','68999884162','','',1,16),(310,'Antonio Carlos Alves Nazaré','68999310230','','',1,16),(311,'Antonia Glori R. Silva ','68999361384','','',1,16),(312,'Francisca Barbosa De Andrade','68999883395','','',1,16),(313,'Rosemilda Da Silva Soares Nascimento','68999823136','','',1,16),(314,'Maria Gerciane Da Silva Nobre','68999319077','','',1,16),(315,'Max Silva De Lima','68999712911','','',1,16),(316,'Joel Pereira Dias De Souza Araújo','68999192854','','',1,16),(317,'Ary Alves De Oliveira','68999658993','','',1,16),(318,'Horteniza Fialho','68999888846','','',1,16),(319,'Izabel Mangueira Figueiredo ','68999122489','','',1,16),(320,'Elda Maria Davila Paula ','68999352085','','',1,16),(321,'Samanta De Oliveira Cunha','68981196802','','',1,16),(322,'Maria Francisca Mendes Monteiro ','68999258475','','',1,16),(323,'Aline Braga Da Silva','68999525954','','',1,16),(324,'Ily Viana De Freitas','68992243313','','',1,16),(325,'Júlia Lima Da Cunha Farias','68999566976','','',1,16),(326,'Maria Dulcineide Souza Da Fonseca ','68999235404','','',1,16),(327,'Monica Brasileiro ','68999818900','','',1,16),(328,'José Everton De Souza Arruda','68999446043','','',1,16),(329,'Nayara Mesquita De Souza','68999352491','','nayarams_9@hotmail.com',1,16),(330,'Sanathia Souza Vanderlei','68999499373','','sanathia.souza@bol.com.br',1,16),(331,'Marcia Regiane De Souza Chagas','68999364946','','regi.souza.chagas@gmail.com',1,16),(332,'Caroline Dos Santos Nascimento','68999494877','','poetisa@gmail.com',1,16),(333,'Francisco Odilon Batista De Figueiredo','68996041371','','positivo_acre@hotmail.com',1,16),(334,'Maykey Monteiro Teixeira','68992342972','','',1,16),(335,'Francys Batista De Figueiredo','68992115548','','paloma.22ac@hotmail.com',1,16),(336,'Edileusa Costa Cavalcante','68999967285','','edileusa-cavalcante@bo.com.br',1,16),(337,'Valéia Da Silva Pereira','68999567870','','valeria.buda@gmail.com',1,16),(338,'Marilia Felício Da Silva','68992323025','','marilia.felicio67@gmail.com',1,16),(339,'Maria Edna Araújo Da Silva','68999419176','','supermercadosoares@gmail.com',1,16),(340,'Mellyssa Maria Pereira Ugaldi','68999552905','','charlissa24@gmail.com',1,16),(341,'Carlos Arnóbio Cavalcante Mota','68999737659','','',1,16),(342,'Tiago Bandeira De Lima','68999676121','','',1,16),(343,'Maria Raimunda Lira Da Silva','68999242555','','',1,16),(344,'Edimir Rodrigues Dos Santos','68999215591','','',1,16),(345,'Valcinete Andrade Dos Santos','68999892077','','',1,16),(346,'Claudia Vasconcelos De Oliveira Mendonça','68999648518','','',1,16),(347,'Vania Souza De Brito','68999194121','','vsouzadebrito@gmail.com',1,16),(348,'Jardson Nascimento Rodrigues','68999778915','','jardsonrodrigues14@gmail.com',1,16),(349,'Lucinéia Santos De França','68999783665','','luciasantos15@hotmail.com',1,16),(350,'Antonio Marcio Da Cruz','68999204430','','',1,16),(351,'Janes Vieira Vidal','68999456896','','',1,16),(352,'Maria Geny De Oliveira Costa','68981175125','','mgocsara@gmail.com',1,16),(353,'Ada Maria Ferreira Dos Santos','68999313417','','',1,16),(354,'Edvanda Rodrigues Passos','68999342754','','',1,16),(355,'Izauli Gomes Da Silva','68999813132','','',1,16),(356,'Maria Josiane Dos Santos ','68992288465','','',1,16),(357,'Maria Audenice Araújo De Lima','68999980773','','',1,16),(358,'Maria Aparecida Ribeiro Lima','68999190844','','',1,16),(359,'Maria Socorro Nunes','68999181662','','',1,16),(360,'Marisso Silva De Oliveira ','68999527132','','',1,16),(361,'Marta Lima Dos Santos','68999552557','','',1,16),(362,'Nilsa Rodrigues Braga','68999346115','','',1,16),(363,'Rosinete A. Silva Do Nascimento','68999169807','','',1,16),(364,'Antonia Maria  Virgilio De Lima ','68999017891','','',1,16),(365,'Maria Juciene Dos Santos','68992354713','','',1,16),(366,'Dulcinèia Gomes Rodrigues ','68999920380','','',1,16),(367,'Maria Leilane Da Silva Lima','68999427978','','',1,16),(368,'Valdecir Freitas De Souza','68992269195','','',1,16),(369,'Vicente De Moraes Alves','68999182318','','',1,16),(370,'Marcelo Peres Saldanha ','68992094529','','',1,16),(371,'José Da Silva Medeiros','68999423364','','',1,16),(372,'Felipe Dos Santos Bezerra','68999149403','','',1,16),(373,'Cione Nascimento De Souza ','68999609512','','',1,16),(374,'Yael Da Silva Saraiva','68999944898','','yaelsaraiva@hotmail.com',1,16),(375,'Isabelle De Almeida Pinto Viana','68999526699','','belleviana_@hotmail.com',1,16),(376,'Tamara Vieira Machado','68999101313','','tamaramachado@yahoo.com.br',1,16),(377,'Daniely Do Nascimento Souza','68999104430','','danysouzati@gmail.com',1,16),(378,'Francilene Vieira Da Silva','68999683117','','fran.vieira23@hotmail.com',1,16),(379,'Hevilly Lopes De Santana','68999582488','','hevilly-santana@hotmail.com',1,16),(380,'João Pedro Mesquita Lemos Gomes','68999576290','','j.p.m.l@hotmail.com',1,16),(381,'Igor Rafael Soares Pires','68992836450','','igorrafael1991@gmail.com',1,16),(382,'Uanderson De Souza Chaves ','68999734144','','uanderson.souza@hotmail.com',1,16),(383,'Kamila Martins Taborga ','68999371424','','',1,16),(384,'Renata Melo Silva ','68999433448','','reenataa.mello.es@hotmail.com',1,16),(385,'Jackline Maria Da Silva','68999533619','','jacklinems55@gmail.com',1,16),(386,'Emanuelle Fernades De Souza','68999221531','','emanuellefernandes@globo.com',1,16),(387,'Clay Regazzony Gutierres Lima ','68999930591','','clay.regazzony@riobranco.ac.gov.br',1,16),(388,'Saymon Sombra Sampaio','68999086415','68992341786','saymon-sampaio@outlook.com',1,16),(389,'Milano Lucas De Moraes Evangelista','68984014327','','milanoevangelista@gmail.com',1,16),(390,'Simone Maria Moura Pontes ','68992263646','','simonepontes20@hotmail.com',1,16),(391,'Jocely Silva De Paula','68999984761','','jocely.paula@hotmail.com',1,16),(392,'Evilen Menezes De Almeida','68999250080','','hevilen.meenezes@hotmail.com',1,16),(393,'Wilker Martins Silva','68999229100','','wilkermartinsjr@gmail.com',1,16),(394,'Evenini Souza Da Silva','68999988995','','eveninisouza@bol.com.br',1,16),(395,'Gustavo Menezes Mateus','68999723238','','gustavomateus.ac@bol.com.brf',1,16),(396,'Neira Carla Furtado Da Silva','68999464356','','neira.cf@gmail.com',1,16),(397,'Rita De Cássia Da Costa Pinto','68999340183','','13.ritinha@gmail.com',1,16),(398,'Walyson Kadu Santos De Melo','68999950494','','walyson.melo@hotmail.com',1,16),(399,'José Orlando Miranda','','','mirandajorlando@gmail.com',1,16),(400,'Sergio Henrique Vasconcelos Bastos','68999415654','','segiobastos294@yahoo.com.br',1,16),(401,'Gabriel Issac Do Vale Israel','68999796686','','gabiel.israel@globo.com',1,16),(402,'Esterferson Gonçalves Da Rocha ','68981224877','','esterfersonrocha@gmail.com',1,16),(403,'Marinês Dos Anjos Cavalcante Vasconcelos','','','_anjos_marines@hotmail.com',1,16),(404,'Samuel Eder Calvilla ','68981183099','','eng.samuel@gmail.com',1,16),(405,'Thayane Cristina Leão Rosa','68999527426','','thataleaomsn@gmail.com',1,16),(406,'Maria Do Socorro Oliveira Da Costa','68999810148','','maria.costa@riobranco.ac.gov.br',1,16),(407,'Maria De Lourdes Torres Batista','68992038802','','maria.torres@riobranco.ac.gov.br',1,16),(408,'Lidiane Rodrigues Barbosa','68992115819','','lidi37barbosa@gmail.com',1,16),(409,'Clícia Rodrigues  Da Silva','68999718978','','clicia.rs@gmail.com',1,16),(410,'Antonio Euzébio Pinheiro','68999856675','','aeuzebio55@gmail.com',1,16),(411,'Verdiana Marques Da Silva ','68999821002','','vmsilvajpsm@hotmail.com',1,16),(412,'Gilmara Vieira De Souza','68999451306','','gilmaravieira1979@gmail.com',1,16),(413,'Enio Moreira Da Costa','68984144310','','enio-1810@hotmail.com',1,16),(414,'Marília Lemos Bastos','68999756880','','marilia.ac_lemos@hotmail.com',1,16),(415,'Luzia Izabel Alencar ','68999776373','','',1,16),(416,'Gracineide Maria Ribeiro','68999402425','','',1,16),(417,'Josué Da Silva Santos','68992373883','','josuemdr@gmail.com',1,16),(418,'Maria Janete Sousa Dos Santos','68999891012','','janeteacre@hotmail.com',1,16),(419,'Raimundo Alves Omar','68999684875','','',1,16),(420,'Damião Batista Da Costa','68999833516','','damiao_26@hotmail.com',1,16),(421,'Amanda Brilhante De Almeida','68999883264','','',1,16),(422,'Amanda Cristina Reis Lima','68999394528','','amandalima@gmail.com',1,16),(423,'Ana Paula Maia Estevão','68992360025','','paulamaiaestevao@gmail.com',1,16),(424,'Anne Llyese Oliveira Da Costa','68999835457','','anneoliveira.ac@gmail.com',1,16),(425,'Antônio Marcos Costa Da Silva','68999756620','','',1,16),(426,'Áurea Bruna Do Nascimento Moraes','68996021523','','aureabruna@gmail.com',1,16),(427,'Aurinete Malveira','68999236414','','auriarq@gmail.com',1,16),(428,'Benedito Luiz Ferraz Nogueira','68999294529','','ferraznogueira@bol.com.br',1,16),(429,'Bruna Shetanny Reis Lima','68998755458','','brunalima_neto@hotmail.com',1,16),(430,'Camila Do Amaral Neves','68992295994','','camilinhaamaral7@hotmail.com',1,16),(431,'Fabiana De Araújo Nascimento','68992178889','','fabiana.adal@gmail.com',1,16),(432,'Geovany Souza Amorim ','68999821343','','amorimgeovany@gmail.com',1,16),(433,'Giovanne Bruno Menezes Monteiro','','','',1,16),(434,'Gleison José Ângelo De Souza Nogueira','68992928805','','',1,16),(435,'Gleyssonmaia Barros','68999432970','','gleyssonmaia82@gmail.com',1,16),(436,'Janeth De Araújo Medeiros','68999224488','','janethtitapua@hotmail.com',1,16),(437,'Jardel Refrin Lima De Negreiros','','','jardelrefrym@hotmail.com',1,16),(438,'João Moreira Maia Neto','68999743544','','',1,16),(439,'José Batista Feliz Júnior','68999823130','','felix.junior28@hotmail.com',1,16),(440,'José Nilton Pereira De Aguiar','68999657646','','jnpaguiar@yahoo.com.br',1,16),(441,'Josimeire Freitas De Oliveira','68999439648','','josimeire_freitas@hotmail.com',1,16),(442,'Maiergson Sacramento Lima','68999986867','','maiergson@gmail.com',1,16),(443,'Marcos Antônio Costa Do Santos','68999985729','','marcoscostadosantos102@gmail.com',1,16),(444,'Maria Do Socorro Dias Moraes','68992154363','','meiresocorro@gmail.com',1,16),(445,'Maria Do Socorro Pompermaier','68999780126','','lina_pompermaier@hotmail.com',1,16),(446,'Maria Gorete Das Dores Lucchesi','68999480340','','goretelucchesi@gmail.com',1,16),(447,'Maysa De Mesquita Pinheiro ','68999783511','','maysamesquita@hotmail.com',1,16),(448,'Naiara Campelo Da Silva','68999453355','','naiaracs221991@gmail.com',1,16),(449,'Raquel Andrade Do Nascimento','68999237979','','',1,16),(450,'Sérgio Da Costa Coutinho','68999186471','','',1,16),(451,'Simmel Sheldom De Almeida','68984129406','','simmelsheldom@gmail.com',1,16),(452,'Tânya Regina Rodrigues Da Silva','68999723341','','',1,16),(453,'Thays Souza E Souza','68984156850','','souzathays1997@gmail.com',1,16),(454,'Ulderico Queiroz Junior','68999365155','','uqjunior@gmail.com',1,16),(455,'Vanessa Moraes','68999830404','','vanessaopx78@gmail.com',1,16),(456,'Cinthia Aguiar','68999366054','','cintia.christina.araujo@gmail.com',1,16),(457,'Shirley Conceição De Brito','68999676320','','shirley.acre@gmail.com',1,16),(458,'João Elias','68999486329','','joaoeliasibn@gmail.com',1,16),(459,'Peter Júnior','68998301039','','peter.aquino@gmail.com',1,16),(460,'Renildo Pereira','68999365307','','reny181482@hotmail.com',1,16),(461,'Ivini','68999787908','','jvnidas@gmail.com',1,16),(462,'Ronido Carvalho','68999474339','','rony.1701@hotmail.com',1,16),(463,'Helena Costa','68999484722','','lenah02@hotmail.com',1,16),(464,'Cinthia Priscila','68992137155',NULL,'cinthia_veras@yahoo.com.br',2,16),(465,'Mariana De Oliveira','68999661040','','marianamaced@gmail.com',1,16),(466,'Aluildo Concelição De Souza','68999722309','','aluido.souza@gmail.com',1,16),(467,'Eliane De Oliveia','68984059201','','eliane.bonfant:@gmail.com',1,16),(468,'Wrilton De Oliveira','68992238070','','wilmoreira.01@gmail.com',1,16),(469,'Edson Luiz Braga','68999731016','','brga455@gmail.com',1,16),(470,'Karen Beatriz Da Silva','68999052644','','',1,16),(471,'Sebastiana Rocha ','68999038962','','',1,16),(472,'Glenda Marques','68999148671','','',1,16),(473,'Sailane Amorim','68999293121','','sailaneaf@hotmail.com',1,16),(474,'Evanei Conceição','68999264520','','evaneibrito@gmail.com',1,16),(475,'Ednilson Ferreira','68999551163','','denilson.ferreira2011@hotmail.com',1,16),(476,'Anazildo Oliveira','68999440046','','anazildouza28@gmail.com',1,16),(477,'Antônio Carlos Torres','68999618078','','',1,16),(478,'Pedro Martins Alves','68999492094','','pedro.junior14@hotmail.com',1,16),(479,'Kelly Ribeiro ','68992237667','','kellymeireles@hotmail.com',1,16),(480,'Geasy Martins','68999870595','','geasy.miranda@hotmail.com',1,16),(481,'Suzana Farias','68999332503','','suzanafarias@yahoo.com.br',1,16),(482,'Aurineide Pereira','68999938281','','aurineide72@hotmail.com',1,16),(483,'Valdenir Cardoso','68981037196','','jrrbac@yahoo.com.br',1,16),(484,'Jair Roberto Guedes Gutierez','68999713372','','',1,16),(485,'Carmem Morgana Pimentel E Silva','68999776535','','',1,16),(486,'Liliam De Paula Dias','68999844605','','',1,16),(487,'Michel Da Silva Figueredo','68999773784','','',1,16),(488,'Roney Da Silva Sales','','','',1,16),(489,'Marcus Vinicius Cabanelas Martins','','','',1,16),(490,'Marcia Moraes Viera Braga','68999054544','','',1,16),(491,'Suelange Ribeiro Lima','68999575006','','',1,16),(492,'Hérita Rodrigues Laureano','68999522515','','',1,16),(493,'Samia De Fátima Almeida','68999723076','','',1,16),(494,'Gigliane Oliveira Lima','68999482511','','',1,16),(495,'Narah Gleid Mazzaro Nascimento','68992153140','','',1,16),(496,'Marcus Samuel S. Lira','68992058782','','samuel.lira@gmail.com',1,16),(497,'Sebastiana M. Souza','68992052054','','s39tiana@hotmail.com',1,16),(498,'Divoneide C. M. Morais','68999215906','','divocmm@hotmail.com',1,16),(499,'Thayane Elizabeth Lopes Ferreira','68992019216','','thayane_elizabeth@hotmail.com',1,16),(500,'Naira Line Gurgel Jucá Muniz','68992057224','','jucanaira@gmail.com',1,16),(501,'Vanusa Lima De M. Rodrigues','68999854446','','vanusa_fran@hotmail.com',1,16),(502,'Lidsay G. Do Amaral','68992066267','','lindsayacre@gmail.com',1,16),(503,'Thales Bessa Lopes','68999001786','','thales bessa@gmail.com',1,16),(504,'Cezar Felício Da Silva Filho','68999780067','','cezarfelicio@gmail.com',1,16),(505,'Susie Elizabeth T. Lamas','68999913788','','susie.lama@gmail.com',1,16),(506,'Maria Graciete De M. Bonfim','68999241921','','',1,16),(507,'Pedro Souza Farias','68999754115','','pedrosouzafarias@hotmail.com',1,16),(508,'Oscar Frank Alves Da Silva','68984012466','','oscarfrank@hotmail.com',1,16),(509,'José Valcleir Carvalho Do Nascimento','68999578404','','pandora01@hotmail.com',1,16),(510,'Vicente Charles Juvêncio','68999965173',NULL,'vicentecharlesjronci@hotmail.com',1,16),(511,'Narciso Cândido De Lima Neto','68999864474','','nascisocandido@gmail.com',1,16),(512,'Djanne Price Cavalcante M. Almeida','68999462639','','djane.price07@gmail.com',1,16),(513,'Crizelda Costa Cavalcante','68999691759','','',1,16),(514,'Diana Aduviri Correia','68999585114','','',1,16),(515,'Edimilson Da Silva Barroso','68999928093','','',1,16),(516,'Fabiana Ferreira De Souza Moreira','68992269234','','',1,16),(517,'Francisco Araújo Da Siva','68999127768','','',1,16),(518,'Fernanda Eleutério Cavalcante Nobre','68999359340','','',1,16),(519,'Gustavo Valle Mascarenhas','68992054543','','',1,16),(520,'Lorin Dos Santos Araujo','68999329862','','',1,16),(521,'Luana Costa Da Silva','68999526169','','',1,16),(522,'Rógerio Anderson Marcelino Brasil','68992128508','','',1,16),(523,'Izabel Dantas','68999720714','','',1,16),(524,'Neuda Muniz','68999396518','','',1,16),(525,'Lázara Marcelino','68999949337','','',1,16),(526,'Sirlene Cavalcante','68999273275','','',1,16),(527,'Danielle Santana','68999966660','','',1,16),(528,'Rita Mota','68999387559','','',1,16),(529,'Antonio Chaves','68999569204','','',1,16),(530,'Yannis Varelo','68999369232','','',1,16),(531,'Juliana','68999850595','','',1,16),(532,'Cristiane Vezu Maia','','','',1,16),(533,'Fabiana Ferreira Da Silva','','','',1,16),(534,'Germano Da Silva Freire','','','',1,16),(535,'Idelene Emilia De Mello Menezes','','','',1,16),(536,'Janaira Firmino De Souza','','','',1,16),(537,'Juliana Quinteiro','','','',1,16),(538,'Laura Maria Aorira Soares','','','',1,16),(539,'Marcel Adão Macedo Galo','','','',1,16),(540,'Shirley Caldeira','','','',1,16),(541,'Wanderleia Barbosa De Souza','','','',1,16),(542,'Wania Regina De Oliveira','','','',1,16),(543,'Victor Jovino','68999230373','','',1,16),(544,'Thalita Figueiredo De Oliveira','68992030358','','',1,16),(545,'Rêmolo Mamed  Da Silva','68999637990','','',1,16),(546,'Sérgio Vasconcelos Bezerra','68999945259','','',1,16),(547,'José Araújo De Aguiar','68999421307','','',1,16),(548,'Erizana Souza Do Nascimento','68999422525','','',1,16),(549,'Celene Camila Alves Pereira Nunes','68999484143','','',1,16),(550,'Girlene Lima De Araújo','68984021955','','',1,16),(551,'Rejane Micheli Maia De Oliveira','68992479096','','',1,16),(552,'Demison Moura De Oliveira','68992017046','','',1,16),(553,'José Vânio Paiva De Lima','68992026821','','',1,16),(554,'Odion De Oliveira Monte Júnior','68984083751',NULL,NULL,1,16),(555,'Marly Da Costa Alencar','68999451408','','',1,16),(556,'Maria Rozangela Souza Do Nascimento','68999157884','','',1,16),(557,'Samila Melo Masques','68999931828','','mila2015marques@gmail.com',1,16),(558,'Telma Holanda De Vasconcelos','68999522167','','telmahollandv@hotmail.com',1,16),(559,'Eudes Maia De Aguiar','68999118436','','eudes.maia@hotmail.com',1,16),(560,'Caio Felipe De Sena Santana','68999874763','','roz.sena@gmail.com',1,16),(561,'Victor Augusto Brito Rosas','68999511996','','victor.rosas.96@hotmail.com',1,16),(562,'Daniel Pereira De Carvalho','68999491269','','danielacarvalho.ac@hotmail.com',1,16),(563,'Dacicleudo Santos Da Silva','68999911948','','dacicleudo@gmail.com',1,16),(564,'Francisca Iris Alencar Da Silva','68999901804','','irisalencar572@gmail.com',1,16),(565,'Leandro Bento Dos Santos','68999230132','','leandrobneto@gmail.com',1,16),(566,'Jackeline Alburquerque Do Nascimento','68992348077','','jack.albu32@gmail.com',1,16),(567,'Jaksilande Araújo De Lima','68999625260','','jaksilande12@gmail.com',1,16),(568,'Rosangela Maria Santos De Araújo','68999248215','','araujo.rasangela@gmail.com',1,16),(569,'Erica Fernanda Da Silva Mendonça Torres','68999855619','','erica.mendonça@gmail.com',1,16),(570,'Lucas Barbosa De Carvalho','68999979520','','lucasbarbosaacre@gmail.com',1,16),(571,'Claudia Del Aguila Sampaio','68999841018','','claudia11junho@qgmail.com',1,16),(572,'Marilene Silva','68999524110','','',1,16),(573,'Eunice Malaquias','68999616039','','',1,16),(574,'Demir','68999964144','','',1,16),(575,'Patrícia Vitorino','68999865506','','',1,16),(576,'Ivanir','68999388565','','',1,16),(577,'Loide','68999783099','','',1,16),(578,'Carlinhos Bahia','68999120923','','',1,16),(579,'Zé Costa','68999690899','','',1,16),(580,'Rubemar Tavares','68999923436','','',1,16),(581,'Ruth Teixeira','68999711077',NULL,NULL,1,16),(582,'Alice','68999361807',NULL,NULL,1,16),(583,'Ângela Vila Nova','68999399179','','',1,16),(584,'Celso Rocha','68984287013','','',1,16),(585,'Maria Rita','','','',1,16),(586,'Paulo Jangles','68999743041','','',1,16),(587,'Luiz Ribeiro','68999868686','','',1,16),(588,'Cleiton Rocha','68999823674','','',1,16),(589,'Eva Costa','68999143615','','',1,16),(590,'Selva Janice','68999750819','','',1,16),(591,'Paulo Jânio Jangles','','','',1,16),(592,'Suely - Terceirizados','','','',1,16),(593,'Neide - Terceirizados','','','',1,16),(594,'Karen Lopes','68992369943','','',1,16),(595,'Inês Pontes','68999789755','','',1,16),(596,'Aline Drago Paiva','68992068666','','aline.drago@hotmail.com',1,16),(597,'Hermenegildo Gomes Da Silva','68992296794','','herme_silva@yahoo.com.br',1,16),(598,'Kleber Delina Pereira','68992835030','','kleberlimarh@gmail.com',1,16),(599,'Daniela Souza De Abreu','68992261848','','ds.abreu2010@gmail.com',1,16),(600,'Lucimar Da Silva Oliveria Saady','68999119991','','lucimar.saady@ac.go.br',1,16),(601,'Alberto Ferreira Filho','68999305775','','albertoaff35@gmail.com',1,16),(602,'Ercilia Maria De Soyuza Moraes','68999542740','','ercilia.souza@ac.gov.br',1,16),(603,'Moises Goes','68984040773','','',1,16),(604,'Alriberto Dourado','68999467943','','',1,16),(605,'Fransisco De Assis','68999394671','','',1,16),(606,'Heloisa Valentin','68999466294','','',1,16),(607,'Katia Nubia','68992103018','','',1,16),(608,'Marcia Casas','','','',1,16),(609,'Daniel Do  Nascimento','68999753393','','',1,16),(610,'Edileuza Fadel','68999054098','','',1,16),(611,'Elaine De Fatima Dutra Pereira','68999769606','','',1,16),(612,'Elis Regina Eluan','68984027601','','',1,16),(613,'Carolian Sgorla','68999686738','','',1,16),(614,'Raimundo Da Silva Alab Junior','68999592081','','',1,16),(615,'Maire Nunes','68999915060','','',1,16),(616,'Zenilda Souto De Lima','68999966948','','',1,16),(617,'Vitor Rodrigues Charbel','68999954134','','',1,16),(618,'Alvaro Pereira Do Nascimento','68992297735','','',1,16),(619,'Francisco Cesar Da Silva','68992236006','','',1,16),(620,'Manoel Pereira Neves','68999393199','','',1,16),(621,'Dalvanize Aguiar','68999718793','','',1,16),(622,'Francisca Roseni Amorim Macedo','68992293850','','',1,16),(623,'Gessica Sampaio Pereira','68999073748','','',1,16),(624,'Samuraya De Moura Machado','','','',1,16),(625,'Poliana Araujo','68999314295','','',1,16),(626,'Xercis Oliveira Do Valle','68999881404','','',1,16),(627,'Silviandra Batista Lopes','68999406071','','',1,16),(628,'Renata Rodrigues Dos Santos','68999871848','','',1,16),(629,'Mario Julio Cruz','68999978770','','',1,16),(630,'Jorge Alves ','68999597934','','',1,16),(631,'Sidnei Venancio ','','','',1,16),(632,'Dina Felix','68999335274','','',1,16),(633,'Ozeias Ramos','68999990769','','',1,16),(634,'Gilson Sansão','68999734732','','',1,16),(635,'Andre Gomes','68984263200','','',1,16),(636,'José Acelino Freire Rocha','','','',1,16),(637,'Ricardo Xavier','','','',1,16),(638,'Daiane Nunes','68999301829','','',1,16),(639,'Wagner Lopes','','','',1,16),(640,'Francisco Da Chagas','','','',1,16),(641,'João Morais Ribeiro ','','','',1,16),(642,'Isnna Nunes','','','',1,16),(643,'Alcimar Nascimento','','','',1,16),(644,'Thatiane Sthéfany Da Silva Junqueira','68999196123','','thatiane.taliane@gmail.com',1,16),(645,'Taiane Da Silva Moura','68999640113','','',1,16),(646,'Ediane Raimunda C. De Souza','68999382588','','',1,16),(647,'Janecy Maria Mascarenhas Brasil','68999475341','','',1,16),(648,'Riceli Raiana Mascarenhas Brasil','68992207412','','',1,16),(649,'Nádia Da Rocha Alves','68992386535','','',1,16),(650,'José Rafael De Melo','68984235856',NULL,NULL,2,16),(651,'Sandro Roberto Sena Damasceno','68992381647','','sandro.samuca@bol.com.br',1,16),(652,'Thiago Rodrigues Da Silva','68999820170','','thiago.rodriguesac@gmail.com',1,16),(653,'Ketlyn Fernanda Reda Oliveira','68999676177','','katlyn.reda@gmail.com',1,16),(654,'Adjan De Araújo Paula','68999897636','','djadjany@gmail.com',1,16),(655,'Luciana Freitas Da Silva Cruz','68992819298','','luciana.lumaya@gmail.com',1,16),(656,'Rosangela Silva De Oliveira Benjamim','68999913371','','rosinha.acre@gmail.com',1,16),(657,'Aline Dantas De Oliveira','68999611812','','',1,16),(658,'Isabella Lima Abugoche','68999539420','','',1,16),(659,'Hélia De Melo Alvarez','68999915038','','',1,16),(660,'Ennio Da Silva Assis','68992834001','','',1,16),(661,'Elda De Albuquerque Pereira','68999331381','','',1,16),(662,'Valéria Oaskes Bastos','68999955055','','',1,16),(663,'Maria Navegante Da Silva Braga','68999591634','','',1,16),(664,'Joelma Barbosa De Souza','68999384339','','',1,16),(665,'Maria Da Luz França Maia','68999774620','','',1,16),(666,'Gilmara Magalhães Da Costa','68999818212',NULL,NULL,2,16),(667,'Glória Maria Carvalho','68999799090','','gloriacarvalhoac@gmail.com',1,16),(668,'Maura Cavalcante','68999630620','','maura-2009@hotmail.com',1,16),(669,'Tâmara Motta','68999736788','','-',1,16),(670,'Dalzineide Santos De Freitas','68999992120','','dalzineidefreitas@gmail.com',1,16),(671,'Janderson Divino','68981026970','','jdrogerio@gmail.com',1,16),(672,'Michel Thiago Camilo Albuquerque','68992246504','','michelcamilo@hotmail.com',1,16),(673,'Celiânia Da Silva Sena','68999230637','','celianiasilvasena@hotmail.com',1,16),(674,'Alisandra Ferreira Da Silva','68999418784','','alizandra.ac@gmail.com',1,16),(675,'Francimira Oliveira Da Cruz','68999187480','','francimira.cruz@gmail.com',1,16),(676,'Laura Jéssica S. Cunha','68999586792','','jessica.ac18@gmail.com',1,16),(677,'Árika Lima Sekiguchi','68999955412','','arikalima@bol.com.br',1,16),(678,'Heretuza Sena Pessoa','68992046373','','heretuza.pessoa@hotmail.com',1,16),(679,'Eldivon Montefusco','68999113480','','eldivonmontefusco@gmail.com',1,16),(680,'Maria Lélia Lima Da Silva','68999162087','','psimarialelia@gmail.com',1,16),(681,'Monalisa Mota Martins Oliveira','68999600883','','reish17@hotmail.com',1,16),(682,'Jorge André M. Fernandes','68999331314','','jorge.adm.financas@hotmail.com',1,16),(683,'Maria Lima Jerônimo','68999889564','','-',1,16),(684,'Evellyn Oliveira','68999686420','','evellyn_p_oliveira@hotmail.com',1,16),(685,'Iracema Moreno','68999613732','','iracemamoreno@hotmail.com',1,16),(686,'Francisco Pereira Lima Filho','68992129474','','juniorlimafilho@hotmail.com',1,16),(687,'Airton Castello','68999429491','','airtoncastelo2010@gmail.com',1,16),(688,'Alice Medeiros','68999119655','','medeiros.alice63@gmail.com',1,16),(689,'Anne Carvalho','68992067656','','anne_cristyne@hotmail.com',1,16),(690,'Bruna Hallyane Fernandes Vieira','68999681289','','hallyane_bruna@hotmail.com',1,16),(691,'Sarha Jersyka Lira','68999917281','','lira.sarha@gmail.com',1,16),(692,'Elenízia Vale','68999940569','','lenavale90@gmail.com',1,16),(693,'Denes Freitas','68996084040','','denes.015@gmail.com',1,16),(694,'Josenilson Da Luz Mesquita','68999878862','','jmesquita5@hotmail.com',1,16),(695,'Fernanda Menezes','68999944685','','fn_fernanda13@hotmail.com',1,16),(696,'Sandro Mendes','68999715470','','maiaemendes@gmail.com',1,16),(697,'Suele Filgueira','68999917780','','suele.filgueira@gmail.com',1,16),(698,'Adriana Da Silva Almeida','68999513172','','drica_india_loira@hotmail.com',1,16),(699,'Moisés Silva Reis','68999426633','','reis.m2032@gmail.com',1,16),(700,'Elisângela Da Silva Lopes Brasil','68999640265','','alegnasile27@hotmail.com',1,16),(701,'Jamile Darub De Oliveira','68999687220','','jamiledarub@gmail.com',1,16),(702,'Naiana Cavalcante','68999902525','','naiana_ac@msn.com',1,16),(703,'Gustavo Figueiredo','68999842879','','gustavogif21@gmail.com',1,16),(704,'Maria Aparecida S. Guimarães','68992389860','','aparecida_guimaraes18@hotmail.com',1,16),(705,'Maria De Fátima Alves','68999780144','','fatimaalves.ac@outlook.com',1,16),(706,'Mirla Andrade Pereira','68999263325','','mirlaandrade@hotmail.com',1,16),(707,'Jaceline Dos Santos Valente','68999354287','','jacelinevalente@gmail.com',1,16),(708,'Gilcyanne Gomes Costa Uchôa','68999895995','','gilcyanne.uchoa@gmail.com',1,16),(709,'Fabíola Da Costa Marcos','68999758229','','fabiola-w@bol.com.br',1,16),(710,'Gabriela Andrade De Araújo','68992356264',NULL,'gabriela.araujo.acre@gmail.com',2,16),(711,'Carlos Henrique De Araujo Lima','68992298920','','carloshenrique.lima@ac.gov.br',1,16),(712,'Elisangela Terres','68999330304','','elisterres@hotmail.com',1,16),(713,'Gilmara Magalhães Da Costa','68999818212','','gilmara.magalhaes@ac.gov.br',1,16),(714,'Jonanthan Da Silva Costa','68999116039','','jonanthanczs@hotmail.com',1,16),(715,'Maria Elanny Moura De Souza Ribeiro','68999984404','','elannymoura@ymail.com',1,16),(716,'Maria Da Conceição Alves De Lima','68999554090','','ceica.lima25@outlook.com',1,16),(717,'Katiana Silva Da Cunha','68999470306','','katiana.cunha@ac.gov.br',1,16),(718,'Monica Nunes Da Silva','68999975063','','monica.funtac@yahoo.com.br',1,16),(719,'Welison Silva Moura','68999960013','','silva.welison@gmail.com',1,16),(720,'Edson Da Cruz','68992439090','','edson.cruz@ac.gov.br',1,16),(721,'Dienison Afonso Miranda De Queiroz','68999744881','','dienison.queiroz@gmail.com',1,16),(722,'John Maycon Silva De Mattos','68992068169','','johnmaycon@gmail.com',1,16),(723,'Yunataliane Cavalcante De Moura','68992088399','','talianemoura2010@hotmail.com',1,16),(724,'Isaque Ramos Ide','68999763976','','',1,16),(725,'Antonia Lopes Martins','68999954317','','',1,16),(726,'Everny Klei De Araújo Sales','68992299131','','',1,16),(727,'Maria De Conceição Victor De Moura','68992234420','','',1,16),(728,'Maria Itaçuce Pereira Ramos','68999216036','','',1,16),(729,'Tassio De Assis Ramos Lopes','68992117501','','',1,16),(730,'Isadora Carvalho Abud','68999260665','','',1,16),(731,'Nádia Queiroz Dos Reis','','','',1,16),(732,'Waltevi Alves De Sena','','','',1,16),(733,'Elly Cristina Ferreira De Souza','68999952104','','',1,16),(734,'Flávia Lúcia Baptista De Carvalho','68999260665','','',1,16),(735,'Terezinha Cantiga De Araújo','68999427638','','',1,16),(736,'Maria Do Rosário Viana Costa','68999233276','','',1,16),(737,'Edgar Da Silva','68999885141','','',1,16),(738,'Antonio Vieira De Moura','6839368838','','',1,16),(739,'Radamés Cordovil De Oliveira','68999039312','','',1,16),(740,'Antonio Fernando Dos Santos Silva','68999340856','','',1,16),(741,'Uillame Silva De Oliveira','68992129687','','',1,16),(742,'Carlos Augusto Abrantes Pontes','68992370385','','',1,16),(743,'Dayane Fernandes Das Chagas','68999010068','','',1,16),(744,'Keiliane De Oliveira Perreira','68999740649','','',1,16),(745,'Rafael Luiz Da Silva Sampaio','68984197666','','',1,16),(746,'Áquila Frota Santiago','68992098846','','',1,16),(747,'Solange Maria Chalub Bandeira Teixeira','68999648259','','',1,16),(748,'Antonia Nice Meireles De Araújo Dos Santos','68992828543','','',1,16),(749,'Amanda De Oliveira Da Rocha','68999593192','','',1,16),(750,'Darci Felipe Da Silva','68999897651','','',1,16),(751,'Antônio Junior Rodrigues Da Silva','68999763672',NULL,NULL,1,16),(752,'Francisco Alessandro Da Silva Lima','68999411524',NULL,NULL,1,16),(753,'Gilmário Celestino Ferreira','45555555555',NULL,NULL,2,16),(754,'Herlen Duarte Jorge','68999683955',NULL,NULL,1,16),(755,'Margareth Rose Ramos De Macedo Cavalcanti','68992237714',NULL,NULL,1,16),(756,'Priciane Braúna De Araújo','','','',1,16),(757,'Rosilene Pita Da Costa','','','',1,16),(758,'Scheila Maria Gomes De Oliveira','','','',1,16),(759,'Simone De Oliveira Silva','68999005417',NULL,NULL,1,16),(760,'Vera Lúcia Da Silva Freire','68999459069',NULL,NULL,1,16),(761,'Waniza Beatriz Goncalves Da Costa','68999039769',NULL,NULL,1,16),(762,'Samia De Oliveira Nogueira','68999744693',NULL,NULL,1,16),(763,'Othenyr De Souza Cruz','','','',1,16),(764,'Gigliane Da Silva Furtado','68992425605',NULL,NULL,1,16),(765,'Neuza Cristina Maia Dos Santos','','','',1,16),(766,'Maykson Jose Augusto Lopes De Menezes','68999962544',NULL,NULL,1,16),(767,'Dielson Jose Cosmiro De Souza','68999948093',NULL,NULL,1,16),(768,'Jose Francisco De Menezes Jardim','68999725476',NULL,NULL,1,16),(769,'Danyella Possidonio De Queiroz','','','',1,16),(770,'Gerliane Da Silva Furtado Dantas','68999912203',NULL,NULL,1,16),(771,'Maria Orlene Silva Bessa','68999781797',NULL,NULL,1,16),(772,'Vanda Bezerra Dos Santos Malveira','68999946116',NULL,NULL,1,16),(773,'Felipe Mateus De Paula Fernandes','68999779193',NULL,NULL,1,16),(774,'Fabio Silva De Lima','68999262175',NULL,NULL,1,16),(775,'Luzia Lima Da Rocha','68999820498',NULL,NULL,1,16),(776,'Francisca Freire ','','','',1,16),(777,'Clylta F. Araújo ','','','',1,16),(778,'Isacc Pereira ','','','',1,16),(779,'Valdemir Sotero De Silva Jr ','68999784113',NULL,NULL,1,16),(780,'Rosa Maria De Melo Maia','68992242357',NULL,NULL,1,16),(781,'José Andrias ','','','',1,16),(782,'Atilania De Lima Almeida','68999642459','','',1,16),(783,'Bruna Vieira Dos Santos','68999281502','','',1,16),(784,'Deuselina Madeira Bianucci','68992241813','','',1,16),(785,'Elaine Maria Ferraz De Araújo','68999451194','','',1,16),(786,'Eliane Leite Da Rocha','68999961888','','',1,16),(787,'Gabriela Pinheiro Moreira','68999589376','','',1,16),(788,'Helena Sperotto','68992057987','','',1,16),(789,'Ilde José De Paula','68999725946','','',1,16),(790,'Juraci Duarte Do Nascimento','68999099915','','',1,16),(791,'Márcia Monteiro De Almeida','68999558587','','',1,16),(792,'Maria Da Conceição Monteiro','68999336226','','',1,16),(793,'Maria Inês De Castro Brasil','68999307748','','',1,16),(794,'Marilcia Da Silva Monteiro','68999259655','','',1,16),(795,'Marlene Soares De Oliveira','68996020925','','',1,16),(796,'Neura Mendes Vila Nova','68999533013','68992824005','',1,16),(797,'Pamila Cristina Consalter Do Nascimento','68999044959','','',1,16),(798,'Regiane De Lima Ferreira','68999170358','','',1,16),(799,'Sangela Franco De Carvalho','68999684057','','',1,16),(800,'Seiry Monique Santos Rosas','68992126500','','',1,16),(801,'Thayta Cristina De Oliveira Araújo','68992388479','','',1,16),(802,'Wellingnton Barbosa Araújo','68999471922','','',1,16),(803,'Ronaldo De Nazaré Ferreira ','68999297121','','',1,16),(804,'Romério Craveiro Bayma','68999176661','','',1,16),(805,'Anissa Gomes Ferreira','68999844048','','',1,16),(806,'Felipe Gabriel Dal Prá','68999634091','','',1,16),(807,'Larissa Bezerra Santiago','68999559497','','',1,16),(808,'Adelia Geovanna Galdino De Sousa','68992384563','','',1,16),(809,'Elzira Maria Rodrigues Reis','68992058363','','',1,16),(810,'Maria Estela Silva Da Costa','68999835495','','',1,16),(811,'Marilene Castro De Lima Cunha','68999728028','','',1,16),(812,'Tatyanne Fernandes C. Andrade','68992045297','','',1,16),(813,'Larissa Da Silva Andrade','68992045297','','',1,16),(814,'Helenne Silva De Albuquerque','68999720017','','',1,16),(815,'Amanda De Souza Holanda','68999371779','','',1,16),(816,'Isabele Cristine Passs Craveiro','68992105113','','',1,16),(817,'Damião Alves Serra','68992293705','','',1,16),(818,'Lilian Nascimento Nunes','68999427887','','',1,16),(819,'Joselanio Ferreira De Morais','68999643759','','',1,16),(820,'Rafael Gomes Garrafiel','68992065051','','',1,16),(821,'Mario Sérgio Silva De Carvalho Filho','68999656800','','',1,16),(822,'Deiverson Almeida Da Silva','68999982161','','',1,16),(823,'José Souza Sobral Neto','68999883771','','',1,16),(824,'Roberto Cezar Bezerra Da Silva','68999648091','','',1,16),(825,'Afonso Henrique Martins Ferraz','68999855490','','',1,16),(826,'Aldemar Rocha De Carvalho Neto','68999354633','','',1,16),(827,'Alvaro Cavalcanti De Albuquerque Júnior','68999485807','','',1,16),(828,'Alynne Costa Alves Rodrigues','68984110086','','',1,16),(829,'Arathana Virginia Monteiro Da Rocha','68999352605','','',1,16),(830,'Charles Gladis Pereira Da Silva','68999989810','','',1,16),(831,'Denis Leandro Picolo','68999225340','','',1,16),(832,'Gilberto Rosas Leitão Júnior','68984088463','','',1,16),(833,'Jefferson José De Souza Freitas','68999668623','','',1,16),(834,'Jerlândia Freire Sales','68999991012','','',1,16),(835,'Luis Felipe Santos De Oliveira','68992019215','','',1,16),(836,'Nair Machado De Barros','68992123996','','',1,16),(837,'Raimundo Nonato Veloso Da Silva Neto','68999792939','','',1,16),(838,'Rames Dean Mesquita','68999357334','','',1,16),(839,'Renato De Magalhães Mota','68999859472','','',1,16),(840,'Saimon Gabriel Mota De Souza','68999730068','','',1,16),(841,'Sara Brandão De Carvalho Abreu','68981083388','','',1,16),(842,'Sheila Rodrigues Do Nascimento','68999994649','','',1,16),(843,'Solange Maria Farias Gallo','68999963160','','',1,16),(844,'Uaren Cleriston Thiago Pinheiro','68992344571','','',1,16),(845,'Wilian Da Silva Sousa','68992117615','','',1,16),(846,'Carlinhos Santiago','68999015500',NULL,'hanna.felix@yahoo.com.br',1,16),(847,'Adla Bezerra Da Silva ','68999460174','','adlaflormenina@hotmail.com',1,16),(848,'Thiago Luiz C Do Nascimento','68992238529','','thiagoluiz_coringa@hotmail.com',1,16),(849,'José Alves Da Costa','68999952245','','jose.acosta01@bol.com.br',1,16),(850,'Jacira Vicente Da Silva Hirt ','68999853556','','jacira.hirt@hotmail.com',1,16),(851,'Cassios Cley Da Silva Costa','68999710416','','vascainoac@hotmail.com',1,16),(852,'Fernando De Oiveira Nunes','68999714139','','nanando@globo.com',1,16),(853,'Hanna Da Silva Felix','68984242224','','hanna.felix@yahoo.com.br',1,16),(854,'Railson José Da Silva E Silva ','68992330833','','railsonjosesilvaa@gmail.com',1,16),(855,'Keila Cristiane Alencar Da Costa','68999889274','','keilaalencar73@gmail.com',1,16),(856,'Janaina Almadenha Gonçalves ','68999259494','','janaina.klippel@hotmail.com',1,16),(857,'José Varlindo Gomes Gonçalves Junior','68999580484','','juniorinfo.ac@gmail.com',1,16),(858,'Rosalina Socorro Vieira De Assis','68999713834','','rosalinaassis2013@hotmail.com',1,16),(859,'Pedro Ferreira Das Neves','68992019350','','',1,16),(860,'Antonio Carlos M Souza','68999285178','','',1,16),(861,'Jandersson Lima Cavalcante','68999240723','','',1,16),(862,'Rafaelle Do Carmo Valente','68999745352','','rafaelle.valente@hotmail.com',1,16),(863,'Sofia Felix De Moraes','68999212730','','',1,16),(864,'Giovane Maia De Souza','68992088584','','giovane.m-a-i-a@hotmail.com',1,16),(865,'Maria Cristina Solon Da Paz','68999749658','','solon.paz@bol.com.br',1,16),(866,'Adriana Maria Lopes Da Silva','68981103288','','',1,16),(867,'Cezar Augusto Gomes Leite','68992093411','','',1,16),(868,'Jhonathan Silvano De Abreu Rabelo','68999691210','','',1,16),(869,'Maria Lira Oliveira De Melo','68999850410','','',1,16),(870,'Jailane Maria Da Costa De Almeida','68999306777','','',1,16),(871,'Regilda Fernandes Leite Mesquita','68992264728','','',1,16),(872,'Sandréia Souza Da Silva','68999852276','','',1,16),(873,'Pamela Sabrina Limeira Da Silva Santos','68999478504','','',1,16),(874,'Ana Flávia Nóbrega De Lima Leal','68992022261','','',1,16),(875,'Carlos Henrique Almendanha','68999779763','','',1,16),(876,'Claudecir Mariano Barbosa','68999796230','','',1,16),(877,'Janete De Melo Souza','68999773706','68992411000','',1,16),(878,'Jônatas Da Silva Gonçalves','68999998579','','',1,16),(879,'Ana Cristina Belmiro Lima','68999859526','','',1,16),(880,'Thalita Dos Santos Moura','68999929848','','',1,16),(881,'Angela Angélica Silva','68992474297','','',1,16),(882,'Janaina Arostilde Belmiro','68999684053','','',1,16),(883,'Maria Tamires Da Silva Lima','68996000789','','',1,16),(884,'Cleari Maria Silva Pinto','68992023246','','',1,16),(885,'Aldineia Costa Dos Santos Silva','68999291034','','',1,16),(886,'Antônia Ocicleide Costa Dos Santos','68996082990','','',1,16),(887,'José Ozilde Oliveira Silva','68999456910','','',1,16),(888,'Mirian Silva De Brito','68999380059','','',1,16),(889,'Allyson Vinicius Da Silva Maia Oliveira','68999313222','','',1,16),(890,'Lydiane Freitas De Oliveira','68999377032','','',1,16),(891,'Paulo Fernando Medeiros Da Silva','68999160350','','',1,16),(892,'Alice Medeiros De Morais','68999952959','','',1,16),(893,'Lucenira Lima Oliveira','68999791848','','',1,16),(894,'Yasmini Bessa','68999665716','','',1,16),(895,'Suenny Witney Pereira De Goes','68999405106','','',1,16),(896,'Bruno (Erivaldo)','68999992055','','',1,16),(897,'Francisca Milene Gaioso Braga','68999776694','','',1,16),(898,'James De Albuquerque Morais','68992274157','','',1,16),(899,'Daniela Lima Correia','68992231387','','',1,16),(900,'Marta','68999522632','','',1,16),(901,'Keno','68999522632','','',1,16),(902,'Fabiola','68999522632','','',1,16),(903,'Nathan','68999522632','','',1,16),(904,'Paulo Ricardo De Castro','68999441436','','',1,16),(905,'Gabriella De Lima Brasil','68999347044','','',1,16),(906,'Milena Pereira De Freitas','68999140089','','',1,16),(907,'Brenda De Lima Brasil','68999074267','','',1,16),(908,'Luciano Pereira Neto','68992428747','','',1,16),(909,'Flavia Maria Do N. Pereira','68999996457','','',1,16),(910,'Maria Rozines De Oliveira','68996010361','','',1,16),(911,'Andressa Cristina Maciel','68992467497','','',1,16),(912,'Alessandra Costa Coutinho','68992415570','','',1,16),(913,'Renan Oliveira De Castro','68999902794','','',1,16),(914,'Josiane Lessa Da Rocha','68999576702','','',1,16),(915,'Ana Maria Souza','68999917562','','',1,16),(916,'Nelson Rodiregues Da Costa','68999483057','','',1,16),(917,'Paloma Amanda','68999552920','','',1,16),(918,'Railson De Paula Mendes','68999552920','','',1,16),(919,'Agnaldo Braga ','68999321920','','',1,16),(920,'João Carlos Silva','68992387378','','',1,16),(921,'Roberta Braga','68999545225','','',1,16),(922,'Talyssa Gaioso','68999932503','','',1,16),(923,'Iara De Paula Marques','68996116906','','',1,16),(924,'Ricardo Da Sila','68999377087','','',1,16),(925,'Wesley Souza E Silva','68999440596','','',1,16),(926,'Sara Melo ','68999440596','','',1,16),(927,'Luiz Paulo Nunes','68999551429','','',1,16),(928,'André Figueireido','68999551429','','',1,16),(929,'Sarah Margalhaes','68999551429','','',1,16),(930,'Abel Oliveira Dias','68999551429','','',1,16),(931,'Sonia Maria Mendonça Balcazar','68999393084','','',1,16),(932,'Adones Nunes Amâncio','68999830449','','',1,16),(933,'Glaucio Saraiva Da Silva Filho','68999906279','','',1,16),(934,'Dayana Silva Ferreira','68999459874','','',1,16),(935,'Saulo Dias','68999759088','','',1,16),(936,'Alzenir Bento','68999759088','','',1,16),(937,'Sânzio Bento','68999759088','','',1,16),(938,'Maria Susiene Da Silva','68999759088','','',1,16),(939,'Iolanda Valdez','68999759088','','',1,16),(940,'Celso Rodrigues','68999759088','','',1,16),(941,'Gleicarlos  De Lima E Silva','68999165002','','',1,16),(942,'Israel Rodrigues De Melo','68999291210','','',1,16),(943,'Marcelo Francisco Berto','68999822786','','',1,16),(944,'Francisco Marcondes De Sousa','68999974352','','',1,16),(945,'Wanderley Vieira Smick','68999444272','','',1,16),(946,'Eliane Souza Do Camo Smick','68999947137','','',1,16),(947,'José Vilcimar De Andrade','68999241147','','',1,16),(948,'Maria Rubilene Cavalcante Lima','68999952561','','',1,16),(949,'Helena Emelly Lima De Souza','68999766275','','',1,16),(950,'Antônio Werneck Cezar','68999228117','','',1,16),(951,'Laura Marita De Lima','68999228117','','',1,16),(952,'Niltamata De Cezar Castro','68999228117','','',1,16),(953,'Antônio José Bezerra Da Silva','68999116673','','',1,16),(954,'Maria Ivana De Oliveira','68999206876','','',1,16),(955,'Francisca Adriane De Oliveira','68999357082','','',1,16),(956,'Renato Queiroz De Lima','68999206876','','',1,16),(957,'Jessica De Araujo','68999219885','','',1,16),(958,'Pedro Dias Melo','68999290014','','',1,16),(959,'Daiane Silva Souza','68999490311','','',1,16),(960,'Kelly Marques Silva','68999906685','','',1,16),(961,'Maria Antônia Dos Santos Pereira','68999171140','','',1,16),(962,'Mikaelle Pereira Gomes','68999512243','','',1,16),(963,'Elgle Alves Artur','68999738657','','',1,16),(964,'Queline Martins ','68999759088','','',1,16),(965,'Márcia Ferreira','68999759088','','',1,16),(966,'Daniel Carvalho','68999759088','','',1,16),(967,'Walter Félix ','68999759088','','',1,16),(968,'César Rodrigues','68999759088','','',1,16),(969,'Salvio Rodrigues','68999759088','','',1,16),(970,'Patrícia De Souza','68999697771','','',1,16),(971,'Adriana Nogueira','68999759088','','',1,16),(972,'Sansão Araújo De Souza','68999759088','','',1,16),(973,'Francisca Daniela Cordeiro De Souza','68999759088','','',1,16),(974,'José Edvando Souza De Melo','68999759088','','',1,16),(975,'Thaiana Vasco Dos Santos','68999759088','','',1,16),(976,'Thalita Lemos De A. Das Neves','68999308636','','',1,16),(977,'Aldeir Bruneta (Junior)','68999281892','','',1,16),(978,'Kamilla Kerolaine V. Castro','6832291005','','',1,16),(979,'Karen Ramalho','68999821380','','',1,16),(980,'Isabele Neves Da Silva','68999748990','','',1,16),(981,'Charles Da Silva Figueiredo','','','',1,16),(982,'Rosineide Pereira Pires','','','',1,16),(983,'Sebastiana Jaime Muniz','68996026181','','',1,16),(984,'Elizeu Araújo Figueiredo','68999982155','','',1,16),(985,'Doriane Souza Da Silva','68996062108','','',1,16),(986,'Lucas Fernandes Modesto','68996062108','','',1,16),(987,'Wayson Nascimento Das Neves','68992261361','','',1,16),(988,'Misma Da Silva Maciel','68999260554','','',1,16),(989,'Diana Aduviri Correia','68999585114',NULL,NULL,2,16),(990,'Josiane Pessoa','68999576702','','',1,16),(991,'Roosembergt M. Dos Santos','68999953257','','',1,16),(992,'Gisele Ferreira','68999877562','','',1,16),(993,'Roosevelt Makel Dos Santos','68999771583','','',1,16),(994,'Marfisa Mesquita Moreira ','68999958769','','marfisa.mesquita@gmail.com  ',1,16),(995,'Fransciso Mailton Moura Souza','68999678594','','mailton1985@gmail.com',1,16),(996,'Carlos Augusto Carneiro Da Silva (Carlinhos)','68999047816','','',1,16),(997,'Priscila Peres De Oliveira Souza','68999868451','','priscilaperes@gmail.com',1,16),(998,'Luciane Oliveira Macedo','68999230544','','lucianemacedo20@gmail.com',1,16),(999,'Thayná Rejane Silva Do Nascimento','68999608161','','thayna.rejane@gmail.com',1,16),(1000,'Priscila Silva De Souza','68999527767','','prisci.ss.ac@gmail.com',1,16),(1001,'Maria De Fatima Lima Dias','68999887571','','',1,16),(1002,'Maria Josefa  Aquino De Moura','68999063482','','',1,16),(1003,'Tamila Sales Dos Santos Sampaio','68992234434','','',1,16),(1004,'Dayana Cavalcante','68999441570','','',1,16),(1005,'Vanderly Melo De Azevedo','68999408805','','',1,16),(1006,'Rosana','68981153717','','',1,16),(1007,'Raquel P. Rocha','68999711803','','raquelpacifico31@gmail.com',1,16),(1008,'Francisco Rafael Lopes Estevam','68999633274','','',1,16),(1009,'Clemilda Vale Dos Santos','68999991376','','',1,16),(1010,'José Furtado De Barros','68999953846','','josefurtado.barros101@gmail.com',1,16),(1011,'Emily Aguiar Rodrigues','68999645120','','emmyrodrigues13@gmail.com',1,16),(1012,'Sebastiana Brandão Lima (Diana)','68999725990','','',1,16),(1013,'Andrias Abno Wolter Sarkis','','','',1,16),(1014,'Antonio De Andrade Cacau','','','',1,16),(1015,'Apoenna Oliveira De Sousa','','','',1,16),(1016,'Carlos Augusto Lima Paz','','','',1,16),(1017,'César Lazzari','','','',1,16),(1018,'Clemildo Aguiar De Souza','','','',1,16),(1019,'Deive Santos Ferreira','','','',1,16),(1020,'Diony Cley Martins Ribeiro','','','',1,16),(1021,'Edberto Rodrigues Martins','','','',1,16),(1022,'Edna Maria  Moraes De  Medeiros','','','',1,16),(1023,'Elias Jorge Filho','','','',1,16),(1024,'Elias Medeiros Barros','','','',1,16),(1025,'Elivandro Gomes De Souza','','','',1,16),(1026,'Francisco  Da Conceição Braz','','','',1,16),(1027,'Hamilton  Melo De Araujo Junior','','','',1,16),(1028,'Janderson  Da Cruz Matos','','','',1,16),(1029,'Jose  Orleildo Viana  De  M. Junior','','','',1,16),(1030,'José Lindolfo Gomes De Farias','','','',1,16),(1031,'José Raimundo Da Silva Moraes','','','',1,16),(1032,'Lorran  Gomes De Lima','','','',1,16),(1033,'Luiz Dos Anjos G. Da Silva','','','',1,16),(1034,'Marivan Da Silva Nobre','','','',1,16),(1035,'Michelmaneves De Lima ','','','',1,16),(1036,'Ozanira Moreira Da Costa','','','',1,16),(1037,'Pedro Lima De Araújo','','','',1,16),(1038,'Reginaldo Afonso Costa','','','',1,16),(1039,'Risle  Macario Macedo','','','',1,16),(1040,'Rodrigo Rezende De Almeida','','','',1,16),(1041,'Romulo Brando Assis Ribeiro','','','',1,16),(1042,'Thales Ribeiro Romeiro','','','',1,16),(1043,'Cinthia Aguiar','68999366054',NULL,'cintia.christina.araujo@gmail.com',2,16),(1045,'João Elias','68999486329',NULL,'joaoeliasibn@gmail.com',2,16),(1046,'Peter Júnior','68998301039',NULL,'peter.aquino@gmail.com',2,16),(1047,'Renildo Pereira','68999365307',NULL,'reny181482@hotmail.com',2,16),(1048,'Ivini','68999787908',NULL,'jvnidas@gmail.com',2,16),(1049,'Ronido Carvalho','68999474339',NULL,'rony.1701@hotmail.com',2,16),(1050,'Helena Costa','68999484722',NULL,'lenah02@hotmail.com',2,16),(1051,'Cinthia Priscila','68992137155','','cinthia_veras@yahoo.com.br',1,16),(1052,'Mariana De Oliveira','68999661040',NULL,'marianamaced@gmail.com',2,16),(1053,'Aluildo Concelição De Souza','68999722309',NULL,'aluido.souza@gmail.com',2,16),(1054,'Eliane De Oliveia','68984059201','','eliane.bonfant:@gmail.com',1,16),(1055,'Wrilton De Oliveira','68992238070',NULL,'wilmoreira.01@gmail.com',2,16),(1056,'Edson Luiz Braga','68999731016',NULL,'brga455@gmail.com',2,16),(1057,'Karen Beatriz Da Silva','68999052644',NULL,NULL,2,16),(1058,'Sebastiana Rocha ','68999038962',NULL,NULL,2,16),(1059,'Glenda Marques','68999148671',NULL,NULL,2,16),(1060,'Sailane Amorim','68999293121',NULL,'sailaneaf@hotmail.com',2,16),(1061,'Evanei Conceição','68999264520',NULL,'evaneibrito@gmail.com',2,16),(1062,'Ednilson Ferreira','68999551163',NULL,'denilson.ferreira2011@hotmail.com',2,16),(1063,'Anazildo Oliveira','68999440046',NULL,'anazildouza28@gmail.com',2,16),(1064,'Antônio Carlos Torres','68999618078',NULL,NULL,2,16),(1065,'Pedro Martins Alves','68999492094',NULL,'pedro.junior14@hotmail.com',2,16),(1066,'Kelly Ribeiro ','68992237667',NULL,'kellymeireles@hotmail.com',2,16),(1067,'Geasy Martins','68999870595',NULL,'geasy.miranda@hotmail.com',2,16),(1068,'Suzana Farias','68999332503',NULL,'suzanafarias@yahoo.com.br',2,16),(1069,'Aurineide Pereira','68999938281',NULL,'aurineide72@hotmail.com',2,16),(1070,'Valdenir Cardoso','68981037196',NULL,'jrrbac@yahoo.com.br',2,16),(1071,'Dande ','68999115502','','',1,16),(1072,'Adriana Silva ','68999575823','','',1,16),(1073,'Ana Paula','68981054486','','',1,16),(1074,'Elisangela Cogo','68999711023','','',1,16),(1075,'Júlio Cesar','68999093894','','',1,16),(1076,'Lilian Baratella','68999234777','','',1,16),(1077,'Maria Aparecida Costa E Silva','68999888355','','mariacosta.silva@ac.gov.br',1,16),(1078,'Reno Balica','68992489968','','renoacre@hotmail.com',1,16),(1079,'Elton Maciel','68999890634','','',1,16),(1080,'Francisco Fábio Da Silva Santos','68999442336','','fabio.santos976@gmail.com',1,16),(1081,'Maria De Fátima Ferreira','68999290153','','fatimacod@hotmail.com',1,16),(1082,'Paola Chrstine De Matos Alencar','68992389660','','pchristine2006@gmail.com',1,16),(1083,'Patrícia Cristianeys C. De Mesquita','68992125746','','patrícia.mesquita.ac@gmail.com',1,16),(1084,'Maria Alda Santos','68999468523','','maria.alda@ac.gov.br',1,16),(1085,'Thaglierb Merlino','68999132821','','',1,16),(1086,'Thayna Da Costa Silva','68999734686','','thayna.c_costa@live.com',1,16),(1087,'Miria Mesquita','68999464235','','miriamesqui@gmail.com',1,16),(1088,'Laura Vasconcelos','68999334820','','lauravasconcelos2929@gmail.com ',1,16),(1089,'Krislayne De Souza Lima','68999126015','','krissouza84@gmail.com ',1,16),(1090,'Samia Campelo Braga','68999354636','','',1,16),(1091,'Artur Da Silva Lima','68999076978','','',1,16),(1092,'Maria De Fátima De Souza Fernandes','68999874785','','',1,16),(1093,'Angélica Gomes De Lima','68999620093','','',1,16),(1094,'Sibele Vieira Da Costa','68999118462','','',1,16),(1095,'Maria Zenilde Alencar Bezerra Oliveira','68992263892','','',1,16),(1096,'Renildes Batista Coutinho','68999365184','','',1,16),(1097,'Marcos Soares Da Silva','68999714429','','',1,16),(1098,'Francisca Lima De Souza','68999284660','','',1,16),(1099,'Robson Lucas Da Silva Viana','68999472219','','',1,16),(1100,'Rebeca Maria Paz De Andrade','68999472219','','',1,16),(1101,'Carlos Alberto Ramos De Souza','68999790931','','',1,16),(1102,'Raquel Maia De Brito','68992294971','','',1,16),(1103,'Luana Maia Machado','68999372475','','',1,16),(1104,'Aurineide Campos Do Nascimento','68999471312','','',1,16),(1105,'Edmara Alencar Dos Santos','68999687861','','',1,16),(1106,'Marizélia Pereira De Souza','68999078370','','',1,16),(1107,'Thalita Janaina Vasconcellos Da Costa','68999058209','','',1,16),(1108,'Marcelo Dos Santos Neri','68999322169','','',1,16),(1109,'Leandro Soares Da Silva','68999883938','','',1,16),(1110,'Cícero Ramiro Magalhães Torres','68999814655','','',1,16),(1111,'Adilson Souza Da Cruz','68999771109','','',1,16),(1112,'John Lennon Lopes De Oliveira','68999339480','','',1,16),(1113,'Marcenilda De Sousa Silva','68999993163','','',1,16),(1114,'Ana Lúcia Dos Santos Fonseca','68999578281','','',1,16),(1115,'Maria Francileia Sales Sampaio','68999848576','','',1,16),(1116,'Andreia Moura Do Nascimento','68999776410','','',1,16),(1117,'Gleiciane Da Silva Félix','68999939561','','',1,16),(1118,'Pedro Rodrigues Da Rocha Neto','68999862040','','',1,16),(1119,'Alex Lima Maia','68999747727','','',1,16),(1120,'Yuri Crespo Braga','68999467452','','',1,16),(1121,'Evanildes Pinheiro Fernandes','68999941603','','',1,16),(1122,'Maria Rosilene Chaves De Souza','68999324344','','',1,16),(1123,'Rosemeire Da Silva Alves','68999913934','','',1,16),(1124,'Rosicleia Cavalcante De Sousa','68999826082','','',1,16),(1125,'Francisca Paula Dos Reis','68999431920','','',1,16),(1126,'Rozenilda Araújo De Castro','68999867890','','',1,16),(1127,'Sheila Nascimento Camargo','68999097221','','',1,16),(1128,'Valdir Ferreira Da Silva','68999484542','','',1,16),(1129,'Francisco Leite Braga','68999324344','','',1,16),(1130,'Clícia Maria Araújo Da Silva','68999170444','','',1,16),(1131,'Raimunda Antônio Almeida','68999946208','','',1,16),(1132,'João Bosco De Sousa','68992830704','','',1,16),(1133,'Sara Kelem Ferreira Rebouças','68999224538','','',1,16),(1134,'Maria De Jesus Machado De Sousa','68998131494','','',1,16),(1135,'Geane Silva De Castro Ferreira','68999681011','','',1,16),(1136,'Janete Muniz De Souza','68999203450','','',1,16),(1137,'Ivanete Azevedo Souza','68999599339','','',1,16),(1138,'Maria Angélica De O. Lima','68999199292','','',1,16),(1139,'Jean Lopes','68999421367','','',1,16),(1140,'Odney Soares Da Silva','68999998392','','',1,16),(1141,'Mirian Feitosa Da Silva','68992452373','','',1,16),(1142,'Ivanildes Fernandes De Souza','68999839935','','',1,16),(1143,'Geraldo Lopes Victoriano','68999710509','','',1,16),(1144,'Bartor Galeno Cunha De Oliveira','68999077435','','',1,16),(1145,'Maria Das Graças Alves França','68999748578','','',1,16),(1146,'Henrique Da Silva Lima','68992375858','','',1,16),(1147,'Carmina Alves De Araújo','68999827792','','',1,16),(1148,'Lucia Silva De Souza','68999772501','','',1,16),(1149,'Nilva  De Oliveira Souza','68999948336','','',1,16),(1150,'Edna Lima Da Silva','68999493672','','',1,16),(1151,'Maria Antônia Fontenelle Nezerra','68999365184','','',1,16),(1152,'Alex Sander De Oliveira Silva','68999389009','','',1,16),(1153,'Ivete Do Nascimento Dankar','68999914028','','',1,16),(1154,'Maria Augusta Bezerra Rosa Verçosa','68999758361','','',1,16),(1155,'Júnior Oliveira De Souza','68999348760','','',1,16),(1156,'Ilsa Almeida Da Silva','68999353981','','',1,16),(1157,'Maricilda Leite Barros Braga','68996007712','','',1,16),(1158,'Luis Carlos De Araújo Teixeira','68999566268','','',1,16),(1159,'Maria Ocivanda Araújo De Oliveira','68999078370','','',1,16),(1160,'Francisco Paulo Maia Pereira Junior','68999820363','','',1,16),(1161,'Maria Auxiliadora Gadelha De Medeiros','68992463935','','',1,16),(1162,'Jorge Matheus M. De França','68999479205','','',1,16),(1163,'Douglas Martins Pedroso','68981134987','','',1,16),(1164,'Daphyne Araújo Da Silva','68999417099','','',1,16),(1165,'Maria Fabiana Rodrigues Arantes','68999640066','','',1,16),(1166,'Fernanda Da Rocha Soares','68999916262','','',1,16),(1167,'Erivelto Freitas Da Silva','68999653573','','',1,16),(1168,'Maria Lourdes Vieira Do Nascimento','68999514252','','',1,16),(1169,'Antônia Veronita Dos Santos','68992230935','','',1,16),(1170,'Dejamily Rodrigues De Sousa Almeida','68999125552','','',1,16),(1171,'Gilson Robes Pereira Da Silva','68999142029','','',1,16),(1172,'Gerlian Damasceno Da Silva','68999349671','','',1,16),(1173,'Odimar De Araújo Teireira','68999118635','','',1,16),(1174,'Francisco Leite Braga','','','',1,16),(1175,'Maria Lucilene Carmo Freire','68992294690','','',1,16),(1176,'Cecio Batalha','68999414610','','',1,16),(1177,'Latife De Araújo Aiache','68992011113','','',1,16),(1178,'Mariciu Lopes De Oliveira','68999819984','','',1,16),(1179,'Anny Kattarine Geber','68999617990','','',1,16),(1180,'Shirley De Souza Fernandes','68999870921','','',1,16),(1181,'Iacy Gomes De Souza','68999739391','','',1,16),(1182,'Socorro Rodrigues','68999488995','','',1,16),(1183,'Albanir Da Silva Lebre','68992016889','','',1,16),(1184,'Renata Antunes R. Da Silva','68999077733','','',1,16),(1185,'Maria Das Dores Nascimento Da Silva','68992340500','','',1,16),(1186,'Tereza Mendonça','68999974578','','',1,16),(1187,'Maria Socorro Dias Carvalho','68999882089','','',1,16),(1188,'Renildo Rodrigues De Souza','68992156390','','',1,16),(1189,'Leonardo Paro','68999420504','','',1,16),(1190,' Hiago Santos Bezerra','68999479294','','',1,16),(1191,'Paulo Roberto Nunes Ferreira','68992233485','','',1,16),(1192,'Fernando Generosa Da Silva','68999661266','','',1,16),(1193,'Rosa Maria Pompeu Pinheiro','68999840260','','',1,16),(1194,'Gerliane Maria Lima Daniel','68999615638','','',1,16),(1195,'Neiva Lopes Da Silva','68999499054','','',1,16),(1196,'Silzete Lima','68984158841','','',1,16),(1197,'Maria Lidiane Rosas','68999377597','','',1,16),(1198,'Mario Jorge Bezerra Da Costa','68999186074','','',1,16),(1199,'Elizaldo Do Nascimento Luna','68999548561','','',1,16),(1200,'Vangela Nogueira De Oliveira Maquiné','68992414968','','',1,16),(1201,'Sid Varney Lima De Araújo','68992361573','','',1,16),(1202,'José Carlos Batista De Souza Neto','68999354795','','',1,16),(1203,'Rosely Quintela','68999989162','','',1,16),(1204,'Antônia Maria De Oliveira Pereira','68999471945','','',1,16),(1205,'Alyne Brandão Alves','68996006210','','',1,16),(1206,'Ednilza Antonina Da Rocha Silva','68999556904','','',1,16),(1207,'Nilzete Costa De Melo','68999579400','','',1,16),(1208,'Ruthy Moreira De Souza','68999299823','','',1,16),(1209,'Rocilda Silva E Souza','68999844340','','',1,16),(1210,'Aessandro Mendonça Nasserala','68992020107','','',1,16),(1211,'Maria Simone Batista Farhat','68999727783','','',1,16),(1212,'Ademar Nascimento Da Silva','68999119769','','',1,16),(1213,'Antônio Carlos Almedania','68999133369','','',1,16),(1214,'Risila Melo Costa','68999844371','','',1,16),(1215,'Maria Inêz Pereira De Souza','68999990601','','',1,16),(1216,'Ricardo Gelete De Oliveira','68999624836','','',1,16),(1217,'Missiana Pires Gomes','68999946979','','',1,16),(1218,'Ailton Cassiano Da Conceição','68999669696','','',1,16),(1219,'Cleilton Dos Santos Souza','68999524094','','',1,16),(1220,'Jair Moura De Souza','68999674580','','',1,16),(1221,'Fabrícia Gomes Da Silva','68999739356','','',1,16),(1222,'Claudenice Nunes Dos Santos','68999122496','','',1,16),(1223,'Izis Melo Da Silva','68999915126','','',1,16),(1224,'Ramsés Luis Carneiro Dos Reis','68992239919','','',1,16),(1225,'Ray Melo','68999716582','','',1,16),(1226,'Belchior Carrilho Dos Santos','68984064340','','',1,16),(1227,'Maria José Cabreiro','68992180444','','',1,16),(1228,'Vanduir Araújo Da Silva','68999482783','','',1,16),(1229,'Marineide Diógenes Teixeira','68999996979','','',1,16),(1230,'Raimundo Vanderley Da Silva','68999745904','','',1,16),(1231,'Wellkson W. Reis','68999823552','','wellkson@yahoo.com.br',1,16),(1232,'Débora Freitas','68984027445','','dbra.linda@gmail.com',1,16),(1233,'Cláudio Roberto','68992022747','','oroberto22@hotmail.com',1,16),(1234,'Gleyciane Costa','68992038353','','gleyciane.costa30@gmail.com',1,16),(1235,'Wyllamys Nascimento','68999855655','','wyllamys@uol.com.br',1,16),(1236,'Sebastião Vinícius','68984027445','','tiaovinicius@hotmail.com',1,16),(1237,'Jorge Aquino','68999925182','','jorgeandreaquino@gmail.com',1,16),(1238,'Edna Da Silva','68999736591','','ednasilva42@gmail.com',1,16),(1239,'Adriane Ximenes','68999458277','','adrianeximenes@hotmail.com',1,16),(1240,'Alcileide Pinheiro','68999319723','','alcileide.pinheiro@ac.gov.br',1,16),(1241,'Sueli Maria','68992623264','','sueli.braga@ac.gov.br',1,16),(1242,'Emerson Da Silva','68999340489','','emersonlima@gmail.com',1,16),(1243,'Yêda Maria Sales','68992091995','','yeda-nascimento@hotmail.com',1,16),(1244,'Regina Batista','68999481947','','regina.pereira@ac.gov.br',1,16),(1245,'Rodrigo Augusto','68999345089','','rodrigo.augusto@ac.gov.br',1,16),(1246,'Raiane Silva','68999532068','','raianetdb2010@hotmail.com',1,16),(1247,'Jersileide Rufino','68999454542','','jersilleide@gmail.com',1,16),(1248,'Clívia Rodrigues','68999455953','','clívia.campos@ac.gov.br',1,16),(1249,'João Paulo De Magalhães','68992056107','','',1,16),(1250,'Priscila Cordeiro Lima','68999915271','','',1,16),(1251,'Sâmia Karoline Da Silva Mendes','68999882360','','',1,16),(1252,'Ivan Bezerra De Oliveira','68999267545','','',1,16),(1253,'Pamela Galvão F. Silva','68992032020','','',1,16),(1254,'Alissandra Araújo Santos','68999775724','','',1,16),(1255,'Sotério Max Milliano De Moraes','68999584617','','',1,16),(1256,'Raimundo Nonato Da Silva Galvão','68999165127','','',1,16),(1257,'Nelcimar Batista Dos Santos','68999974242','','',1,16),(1258,'Lucimaira Nascimento','68999145592','','',1,16),(1259,'Alexandra Silva Araújo','68999833337','','',1,16),(1260,'Cibely Holanda','68999379614','','',1,16),(1261,'Ana Lídia Marinho Da Silva','68999243808','','',1,16),(1262,'Lorena Elizabeth Rojas Seguel','68999225063','','',1,16),(1263,'Sayaka Cordeiro','68996006377','','',1,16),(1264,'Ingridi Kely Bezerra Dos Santos','68992085007','','',1,16),(1265,'Elinaira Freitas Dos Santos','68999255285','','',1,16),(1266,'Stephanie Dos Santos Alves','68992081255','','',1,16),(1267,'Gerdson De Sousa Dourado','68981013969','','',1,16),(1268,'Elenita Lima Da Cruz','68999818707','','',1,16),(1269,'Matheus Carlos Luna','68999006445','','',1,16),(1270,'Larissa Melo Farias Guimarães','68999195886','','',1,16),(1271,'Mayara Araújo De Matos','68999303476','','',1,16),(1272,'Joselia Bezerra Cunha','68999914051','','',1,16),(1273,'Alcirene Monteiro','68999265018','','',1,16),(1274,'Manoel De Souza','68999224485','','',1,16),(1275,'Kelvys Arcanjo Maciel','68992356244','','',1,16),(1276,'Maria Rosilene De Lima Pereira','68999982853','','',1,16),(1277,'Maria De Jesus Nunes Da Silva','68999381773','','',1,16),(1278,'Hilton Martins Da Silva','68999734019','','',1,16),(1279,'Luana De Souza Moura ','68999155917','','',1,16),(1280,'Patrícia Aquino Da Silva Souza','68999858333','','',1,16),(1281,'Rodrigo Campelo De Souza','68999819888','','',1,16),(1282,'Ronis Pessoas Nogueira','68984059244','','',1,16),(1283,'Ticiane Oliveira De Souza','68999923939','','',1,16),(1284,'Matheus Da Silva Tofanelli','68999101957','','',1,16),(1285,'Rosicleia Oliveira Freitas','68999493639','','',1,16),(1286,'Francisca Ivonete Correia Oliveira','68999051622','','',1,16),(1287,'Kíssia Karen Sá Da Silva','68999989740','','',1,16),(1288,'Ana Maria De França Gonçalves','68999458890','','',1,16),(1289,'Carlos Henrique Braga De Moraes','68992102992','','',1,16),(1290,'Jaime Chaves  ','68999823208','','',1,16),(1291,'Eliane Cajado Bertolino','68999979991','','',1,16),(1292,'Johnatan De Souza Lima','68999989740','','',1,16),(1293,'Sueyla Priscila De Oliveira Medeiros','68999679241','','',1,16),(1294,'Francisca Meirizane De Souza','68999661188','','',1,16),(1295,'Maria Rosilda Vieira Melo','68992242963','','',1,16),(1296,'Maria Da Liberdade Teles Do Nascimento','68999419059','','',1,16),(1297,'Maria Do Socorro Da Silva Aragão','68999997820','','',1,16),(1298,'Sandra Maria Cunha De Carvalho','68999935752','','',1,16),(1299,'Maria Selene Da Silva Carneiro','68999316044','','',1,16),(1300,'Valdemiro Lima Barroso','68999561780','','',1,16),(1301,'Ygor De Medina Martins','68999794821','','',1,16),(1302,'Antonio Roberto Maciel Sobrinho','68999988703','','',1,16),(1303,'José Onassys Cariolano De Souza','68921293790','','',1,16),(1304,'Márcio José Abecassis Ferreira Dos Santos','68999638401','','',1,16),(1305,'Valeria Freire E Freire','68999747072','','',1,16),(1306,'Maria Juscileide Florentina Lemos','68999512280','','',1,16),(1307,'Kleyciane Gutierre Neves','68992269800','','',1,16),(1308,'Solange Maria Rodrigues','68999391007','','',1,16),(1309,'Gabriel De Oliveira ','68999259623','','',1,16),(1310,'Jackson Machado Casas','68999898030','','',1,16),(1311,'Karina Rocha Caldera De Paiva Maia','68999254536','','',1,16),(1312,'Marcela Silva De Vasconcelos','68999828726','','',1,16),(1313,'Marilia Constâncio Freire','68999621101','','',1,16),(1314,'Rosimar Gomes De Moura','68999864442','','',1,16),(1315,'Gleyciane Maria Da Costa Ramirez','68999398089','','',1,16),(1316,'Gabriel Medina Prado','68996137292','','',1,16),(1317,'Eduardo De Almeida Bastos','68984212899','','',1,16),(1318,'Marcos Thadeu Soares De Melo','68999666598','','',1,16),(1319,'Marilson Medina Braga','68992830550','','',1,16),(1320,'Rossiane Boaventura','68999060012','','',1,16),(1321,'Valcineide Avelino Dos Santos Pinheiro','68999445601','','',1,16),(1322,'Cirleide De Souza Oliveira','68999464543','','',1,16),(1323,'Maria De Fátima Lucio Lima','68999998239','','',1,16),(1324,'Auricélia Barbosa Batista','68999217476','','',1,16),(1325,'Erasmo Paulo Rocha','68999456689','','',1,16),(1326,'Davi Palhares De Alverga','68999972454','','',1,16),(1327,'Ruan Amaral Do Vale','68999569981','','',1,16),(1328,'Jozineiy Almeida Bezerra','68999543621','','',1,16),(1329,'Luiz Antonio Rocha','68992126579','','',1,16),(1330,'Maria Da Conceicao Figali M Da Silva','6832242878','','',1,16),(1331,'Ana Paula Oliveira','68992074279','','',1,16),(1332,'Dayane Lima Dos Santos','68999351072','','',1,16),(1333,'Stalone Dos Santos Araújo','68999132510','','',1,16),(1334,'Chaves Silva De Paula','68999998239','','',1,16),(1335,'Cristiano Dos Santos Araújo','68999998239','','',1,16),(1336,'Charles Leite Bezerra','68999998239','','',1,16),(1337,'Manoel Natanael Martins','68999998239','','',1,16),(1338,'Aurea Cristina Barbosa Chaar','68999298704','','',1,16),(1339,'Gina Roberta Reis Camargo','68999439367','','',1,16),(1340,'Fernanda Catarina Bezerra De Souza','68992386727','','',1,16),(1341,'Gesse Abreu Moura','68992418109','','',1,16),(1342,'Gabriela Silva De Souza','68984152850','','',1,16),(1343,'Hellem Cristina Barroso Lima','68999880477','','',1,16),(1344,'Mariciula Conceicao De Souza Do Valle','68999246087','','',1,16),(1345,'Ana Carolina Da Silva Fernandes','68992242924','','',1,16),(1346,'Dione Resende ','68999535693','','',1,16),(1347,'Sidney Da Costa Bezerra','68999998239','','',1,16),(1348,'Alessandra De Souza Nazaré','68999998239','','',1,16),(1349,'Maria Lindomar Lima De Souza','68999998239','','',1,16),(1350,'Gleydson Ricardo Caruta Pinho','68999998239','','',1,16),(1351,'Wanderson De Souza Ferreira','68999998239','','',1,16),(1352,'Marcio Dos Santos Pinto','68999144559','','',1,16),(1353,'Arão Domingos Barroso','68999772765','','',1,16),(1354,'Volquismario Silva Borges','68999024470','','',1,16),(1355,'Talita Paiva De Assis','68999558204','','',1,16),(1356,'Maria Da Glória De Oliveira','68999811410','','',1,16),(1357,'Francilene Santos De Melo','68999719142','','',1,16),(1358,'Gleyson Batista Da Costa','68999974546','','',1,16),(1359,'Fred Da Costa Gimenes','','','',1,16),(1360,'Geoci Lima Santos','','','',1,16),(1361,'Manoel Epifânio Da Costa','','','',1,16),(1362,'Marcos Nunes De Paula','','','',1,16),(1363,'Rogerio Da Silva Melo','','','',1,16),(1364,'Alexandre Rocha Gomes','','','',1,16),(1365,'Maria Luzineide Barbosa Da Silva','','','',1,16),(1366,'Maria Luzineia Barbosa Da Silva','','','',1,16),(1367,'Leandro Macedo De Assis','','','',1,16),(1368,'Fábio Henrique Ramirez De Souza','','','',1,16),(1369,'Davi Dos Santos','','','',1,16),(1370,'Sebastião Thimoteo De Freitas','68981184543','','',1,16),(1371,'José Alcimar De Lima (Merê)','','','',1,16),(1372,'Joao Batista Ramos Da Silva','','','',1,16),(1373,'Lucas Muniz De Assis','','','',1,16),(1374,'Natassi Chaves Pessoa','','','',1,16),(1375,'Rayan Dos Santos Moraes','','','',1,16),(1376,'Felipe Gomes Freitas Dantas','','','',1,16),(1377,'Wesley Rodrigues Dos Santos','','','',1,16),(1378,'Jose Augusto Da Silva Maia','','','',1,16),(1379,'Júlio Andrade Ramos','','','',1,16),(1380,'Washington Revys Da Silva','','','',1,16),(1381,'Josimar Monteiro Da Silva','','','',1,16),(1382,'Marcos Antonio Ribeiro Lima','','','',1,16),(1383,'Aryana Araújo Leite','68999282908','','',1,16),(1384,'Marlizete Da Silva Gondin','68999998239','','',1,16),(1385,'Vangela Maria Del?aguila','68996086205','','',1,16),(1386,'Albenilson Rocha Da Silva','68999948842','','',1,16),(1387,'Alexandro Purcino ','68999998239','','',1,16),(1388,'Alberto Maia Dos Santos','68999081012','','',1,16),(1389,'Guaracy Da Silva Dantas','68999998239','','',1,16),(1390,'Claudio Eduardo Maranhão De Lima','68999998239','','',1,16),(1391,'Jalison Ramon Carvalho','68999998239','','',1,16),(1392,'Gracinete Dos Santos Monteiro','68999998239','','',1,16),(1393,'Maria Mariene Da Silva Nogueira','68992235336','','',1,16),(1394,'Wesley David Pontes Da Costa','68992297118','','',1,16),(1395,'Rita De Cassia Ferreira Soares','68999256474','','',1,16),(1396,'Edson Braz Da Silva','68999667126','','',1,16),(1397,'Orlanilda Chimenez Muniz','68996031774','','',1,16),(1398,'Ruslan Carlos Lima Da Silva','68999216931','','',1,16),(1399,'Adauto Nogueira','68999216931','','',1,16),(1400,'Angelo De Souza Serna','68999541413','','',1,16),(1401,'Romário Guedes','68999095515','','',1,16),(1402,'Sandro Patrick Da Silva','68999989678','','',1,16),(1403,'Nadia Natasha Araujo Da Silva','68992141426','','',1,16),(1404,'Francisca Paula Mendonça','68999853057','','',1,16),(1405,'Willians Morais De Lima','68999953797','','',1,16),(1406,'Angélica Freire Paulo','68999767218','','',1,16),(1407,'Lusiene Gomes Da Silva Souza','68999059372','','',1,16),(1408,'Sandra Mara Dos Santos','68999170381','','',1,16),(1409,'Nilza Lopes Mendonça','68999998239','','',1,16),(1410,'Francisca Aparecida ','68999893428','','',1,16),(1411,'Marineuda Oliveira Da Silva','68999429540','','',1,16),(1412,'Elaine Cristina Quiroza Tavares','68999289786','','',1,16),(1413,'Euzeniza Rodrigues Da Silva  Costa','68999172792','','',1,16),(1414,'Renata Roberta De Souza','68999063317','','',1,16),(1415,'Nilce Lopes Mendonça','68999864105','','',1,16),(1416,'Cleonice Da Silva Dos Santos','68999108048','','',1,16),(1417,'Eliete Alves Tavares','68999998239','','',1,16),(1418,'Maria José Da Silva','68999998239','','',1,16),(1419,'Ana Maria Souza Lima','68999913977','','',1,16),(1420,'Geny Barros Machado','68999325615','','',1,16),(1421,'Maria Roseane Cortez Bandeira','68999521321','','',1,16),(1422,'Luzineide Barbosa Da Silva','68999998239','','',1,16),(1423,'Maria Sandra Gomes Dimas','68999998239','','',1,16),(1424,'Rocilda Rodrigues Ponte','68999998239','','',1,16),(1425,'João Paulo S. Almeida','68999998239','','',1,16),(1426,'Cleonisío S. Souza','68999998239','','',1,16),(1427,'José Andrews França Da Silva','68999668148','','',1,16),(1428,'Francemir Irineu Nascimento ','68999872712','','',1,16),(1429,'Gerivaldo Araújo Do Nascimento','68999675900','','',1,16),(1430,'Raimundo Tavares De Souza','68999998239','','',1,16),(1431,'Francisco Ferreira Chaves ','68999998239','','',1,16),(1432,'Antonio Edicimar N. De Souza','68999994622','','',1,16),(1433,'Fabio Silva Almeida ','68999112186','','',1,16),(1434,'José Roberto Guimaraes','68999998239','','',1,16),(1435,'João Paulo Dos Santos Mouro ','68999998239','','',1,16),(1436,'Geneson Pereira De Freitas','68999939335','','',1,16),(1437,'Emerson Pereira De Freitas','68999961291','','',1,16),(1438,'Gilberto Souza De Lima','68999011097','','',1,16),(1439,'Zelinton Da Costa Nobre','68999824824','','',1,16),(1440,'Max Figueiredo Oliveira','68999551500','','',1,16),(1441,'Siddhartha Dantas Pires','68992055523','','',1,16),(1442,'Nascilda Maria Mota De Araújo','68996009278','','',1,16),(1443,'Ilzimar Guimarães Da Silva','68992022265','','',1,16),(1445,'Antônio Nepomuceno de Oliveira','68992359191',NULL,'antoniooliveiraac@gmail.com',1,16),(1446,'Douglas Eduardo Cruz de Araújo','68999777841',NULL,'d.eduardo@live.com',1,16),(1447,'Icaro Fernandes Ramos','68666018469',NULL,'icaro_fernandes@hotmail.com',1,16),(1448,'Javã Sousa Costa','68999249331',NULL,'java.costa@gmail.com',1,16),(1449,'Márcia Regina do Nascimento Bastos','68999444280',NULL,'marcia-mrnbastos@yahoo.com.br',1,16),(1450,'Marcos Francisco de Oliveira Menezes','68999754757',NULL,'marcos_oliveira20@hotmail.com',1,16),(1451,'Sara Aline Bezerra Asfury de Oliveira','68992044493',NULL,'asfurysara@gmail.com',1,16),(1452,'Suellen Sousa Silva Sassagawa','68999864569',NULL,'suellenss@gmail.com',1,16),(1453,'Suzane Maria da Silva Ferreira','68992235796',NULL,'suzinha.fer@gmail.com',1,16),(1454,'Thiago Ferreira Damasceno','68999847912',NULL,'tfdamasceno@gmail.com',1,16),(1455,'Witallo Bairon de Souza Araújo','68999100047',NULL,'witallo12_2009@hotmail.com',1,16),(1456,'Willian Ramon Barbosa Bessa','68992834312',NULL,'barbosabessa@gmail.com',1,16),(1457,'Uiara de Almeida Jucá do Nascimento','68981113127',NULL,'uiarajuca@gmail.com',1,16),(1458,'Adigleime Filgueira Silva Asfury','68999950309',NULL,'',1,16),(1459,'Alcione Costa de Santana','68992182211','68999059524',NULL,1,16),(1460,'André Gustavo Crespo da Silva','6800000000',NULL,NULL,1,16),(1461,'Ângela Cristina Albuquerque Cruz','68999452525',NULL,NULL,1,16),(1462,'Ângela Guimarães da Silva','68999918615',NULL,NULL,1,16),(1463,'Arminda Tibúrcio da Silva','68999528250',NULL,NULL,1,16),(1464,'Bruna Castro de Sousa e Sousa','68999136105',NULL,NULL,1,16),(1465,'Débora de Sousa Lima','68999776193',NULL,NULL,1,16),(1466,'Edna de Lima Sage','68999872252',NULL,NULL,1,16),(1467,'Elivan da Silva Dias','68999749766',NULL,NULL,1,16),(1468,'Elizangela Amorim Lima','68999853334',NULL,NULL,1,16),(1469,'Francisca Osvalderina Sousa Castro','6899959045',NULL,NULL,1,16),(1470,'Gregório Dantas Mendes','68992475563',NULL,NULL,1,16),(1471,'Hermes Costa Neto Ferreira','68999648963',NULL,NULL,1,16),(1472,'Izabelli Barbosa Lopes Ribeiro','68999047189',NULL,NULL,1,16),(1473,'Janaina da Silva Coutinho','68992127383',NULL,NULL,1,16),(1474,'Jorgeane Oliveira da Silva','68999911323',NULL,NULL,1,16),(1475,'Jussie Sousa Nascimento','68999632245',NULL,NULL,1,16),(1476,'Lázara dos Santos Campos','68999425744',NULL,NULL,1,16),(1477,'Maíra Hidalgo','68999895684',NULL,NULL,1,16),(1478,'Maria Clara Geraldo Siqueira','68999220654',NULL,NULL,1,16),(1479,'Maria Conceição Lima Rodrigues','68999447361',NULL,NULL,1,16),(1480,'Maria da Conceição Lima de Sá','68999591013',NULL,NULL,1,16),(1481,'Maria José Xavier de Matos','68999965681',NULL,NULL,1,16),(1482,'Mariana Clara Felicio Braga','68992243610',NULL,NULL,1,16),(1483,'Marinete de Oliveira Farias','68999764644',NULL,NULL,1,16),(1484,'Marinez Nunes de Melo','68999672369',NULL,NULL,1,16),(1485,'Melina Nobre de Lima','68992057096',NULL,NULL,1,16),(1486,'Milena de Souza Nascimento','6899819105',NULL,NULL,1,16),(1487,'Myully dos Santos Sousa','68999959584',NULL,NULL,1,16),(1488,'Orlando Avelino da Silva','68999172935',NULL,NULL,1,16),(1489,'Anne Caroline Cordeiro Santiago','68999212494',NULL,NULL,1,16),(1490,'Pamela da Silva Araújo','68999625251',NULL,NULL,1,16),(1491,'Rafael Victor da Silva Viana','68999138557',NULL,NULL,1,16),(1492,'Raimundo Loureiro','68999924685',NULL,NULL,1,16),(1493,'Reruza Adina Pereira dos Santos Souza','68999794550',NULL,NULL,1,16),(1494,'Rosamara Silva de Souza','68999849494',NULL,NULL,1,16),(1495,'Rosangela de Souza e Souza','68999810487',NULL,NULL,1,16),(1496,'Silvania de Souza e Souza','68999136105',NULL,NULL,1,16),(1497,'Tainá Dantas de Souza','68992260024',NULL,NULL,1,16),(1498,'Vaneide Benedita Moura','68992412237','68984192926',NULL,1,16),(1499,'Weder Riccely F. da Silva','68984189715',NULL,NULL,1,16),(1500,'Norma Cristina de Melo Rosas Pontes','68999296450',NULL,NULL,1,16),(1501,'Solange de Souza','68999821096',NULL,NULL,1,16),(1502,'Emilson Negreiro de Almeida','68999812223',NULL,NULL,1,16),(1503,'Amanda Silveira Holanda','68999886156',NULL,NULL,1,16),(1504,'Ariane Gadelha do Santos','68999962136',NULL,NULL,1,16),(1505,'Rigleison Alves da Silva','68999792673',NULL,NULL,1,16),(1506,'Thiago Eduardo Siqueira Eduardo Siva','68999116850',NULL,NULL,1,16),(1507,'Rodrigo de Souza Vasconcelos','68999076657',NULL,NULL,1,16),(1508,'Elda Alencar Jardim Maciel','68999840916',NULL,'eldajardim@gmail.com',1,16),(1509,'Raimundo Lacerda do Nascimento','68999231996',NULL,NULL,1,16),(1510,'Albercleya de Moura Menezes','68999628656',NULL,NULL,1,16),(1511,'Antônio José Nogueira Parente','68999815998',NULL,NULL,1,16),(1512,'Italo Asfury','68999342352',NULL,NULL,1,16),(1513,'Karoline Ketlen B da Silva','68999558324',NULL,NULL,1,16),(1514,'Kelly da Silva Costa','68999210655',NULL,NULL,1,16),(1515,'Maria Risoleide da S Chaves','68999986819',NULL,NULL,1,16),(1516,'Maria Antônia Silva Leite','68999744030',NULL,NULL,1,16),(1517,'Moisés Moraes','68999610224',NULL,NULL,1,16),(1518,'Oscar Denis','68999562551',NULL,NULL,1,16),(1519,'Raimunda Nonata A Albuquerque','68999881205',NULL,NULL,1,16),(1520,'Simone Pacheco','68999214305',NULL,NULL,1,16),(1521,'Ketlen Thomaz','68999647665',NULL,NULL,1,16),(1522,'José Glauber Maia Santos','68999014117',NULL,NULL,1,16),(1523,'Silmara','68999117767',NULL,NULL,1,16),(1524,'Jorgiane Ferreira de Moura','68999590571','68999893202',NULL,1,16),(1525,'Daniely Silva Santos','68999015194',NULL,NULL,1,16),(1526,'Erika Passos Albuquerque','68999582858',NULL,NULL,1,16),(1527,'José Sales Amorim','68999076646',NULL,NULL,1,16),(1528,'Dilma da Silva Paes Souza','68999411885',NULL,NULL,1,16),(1529,'Valéria Nascimento Vieira','68999149132',NULL,NULL,1,16),(1530,'Raiane Gomes França','68999358017',NULL,NULL,1,16),(1531,'José Augusto Rocha de Souza','68999265471',NULL,NULL,1,16),(1532,'Luma Andrão Maia','68999070017',NULL,NULL,1,16),(1533,'João Filho','68999695887',NULL,NULL,1,16),(1534,'José Alberto Lima Castro','68999944497',NULL,NULL,1,16),(1535,'Francisco Inácio','68999155815',NULL,NULL,1,16),(1536,'Andrea Caruto de Almeida','68999742066',NULL,NULL,1,16),(1537,'Francisca da Silva Freite','68999555510',NULL,NULL,1,16),(1538,'Nádia da Silva Rocha','68992386535',NULL,NULL,1,16),(1539,'Cleylton Franklin Araújo','68984018001',NULL,NULL,1,16),(1540,'Rebeca Diomara','68992115458',NULL,NULL,1,16),(1541,'Edmilson da Silva Barroso','68999928093',NULL,NULL,1,16),(1542,'Rubens Albino Bastos','68999712914',NULL,NULL,1,16),(1543,'Jaqueline Fernandes de França','68999413053',NULL,NULL,1,16),(1544,'Lindsay G do Amaral','68992066267',NULL,NULL,1,16),(1545,'Elen Glória Silva Oliveira Barbosa','68999763152',NULL,NULL,1,16),(1546,'Lilian Lopes Sousa Baratella','68999234777',NULL,NULL,1,16),(1547,'Isaac Pereira de Araújo e Silva Filho','68984152717',NULL,NULL,1,16),(1548,'Cleida Braga Dias','68992097424',NULL,NULL,1,16),(1549,'Gilmario Celestino Ferreira','68999667067',NULL,NULL,1,16),(1550,'Renato Amaral','68999659231',NULL,NULL,1,16),(1551,'Socorro Ferreira','68999796879',NULL,NULL,1,16),(1552,'Wilmar José','68999960932',NULL,NULL,1,16),(1553,'Nilson Gomes','68999497150',NULL,NULL,1,16),(1554,'José Carlos','68999717968',NULL,NULL,1,16),(1555,'Renan Nogueira','68992020195',NULL,NULL,1,16),(1556,'Victor Furtado','68992037884',NULL,NULL,1,16),(1557,'Tania Maria','68999693613',NULL,NULL,1,16),(1558,'Elton','68999755989',NULL,NULL,1,16),(1559,'Ronaldo de Queiroz','68999998131',NULL,NULL,1,16),(1560,'ASSIS VÂNIO RODRIGUES ANDRADE','68999633981',NULL,NULL,1,16),(1561,'ROSE LOPES','68992066300',NULL,NULL,1,16),(1562,'Rosa Maria Pompeu Pinheiro','68999840260',NULL,NULL,1,16),(1563,'Paulo Roberto Sampaio Junior','68999443489',NULL,NULL,1,16),(1564,'Márcia Fabiana de Farias','68992105626',NULL,'marcinhafnd@hotmail.com',1,16),(1565,'Silvana Souza da Silva','68999987782',NULL,'silvanarbt@gmail.com',1,16),(1566,'Juliana Freitas de Oliveira da Silva','68999599217',NULL,'jfoliveira1989@gmail.com',1,16),(1567,'Silmara Regina da Silva Wolter','68992244217',NULL,'silmarawolter@hotmail.com',1,16),(1568,'João Carlos Amorim Neto','68992386368',NULL,'joaoamorim.arq@gmail.com',1,16),(1569,'Ana Cleide da Silva Maia','68999696490',NULL,'anacdsm@gmail.com',1,16),(1570,'Alex Lopes Teixeira','68992029023',NULL,'alex.lopest@yahoo.com.br',1,16),(1571,'Sidney Seixas Pereira de Lima Soares','68999075490',NULL,'sidneyseixas@gmail.com',1,16),(1572,'Rosineuda Silva de Freitas','6800000000',NULL,'rosineuda@hotmail.com',1,16),(1573,'Felipe Simon Hid','68999169976',NULL,'hid.felipe@gmail.com',1,16),(1574,'Ana Paula da Silva Araújo','68999824665',NULL,'annynharbac@hotmail.com',1,16),(1575,'Karen Christina Ferreira da Costa','68992040461',NULL,'krisfcosta@gmail.com',1,16),(1576,'Aline Louise Silva Ramos','68992010311',NULL,'aline.rbtrans@gmail.com',1,16),(1577,'Janaina Gregório Dombrowski','68992129972',NULL,'janadombrowski@hotmail.com',1,16),(1578,'Carlos Gean Castro de Luna Júnior','68992422018',NULL,'carloscastro.net@gmail.com',1,16),(1579,'Luiz Sousa dos Reis Júnior','68999365825',NULL,'luizsreisjr@gmail.com',1,16),(1580,'Diego Leao Cunha de Souza','68992240450',NULL,'stark.riobranco@gmail.com',1,16),(1581,'Uirá Barros Chaves','68999928313',NULL,'sonuirabarros@gmail.com',1,16),(1582,'Diego de Farias Parreira','68992034796',NULL,'farias.diego@live.com',1,16),(1583,'Victor Hugo Sestito Salomão','68992230331',NULL,'salomao1989@hotmail.com',1,16),(1584,'Soraia das Chagas Leite','68992117008',NULL,'soraia.ac@gmail.com',1,16),(1585,'Rosângela Bardales Cruz','68999311313',NULL,NULL,1,16),(1586,'Luís Lucas dos Santos','68999900202',NULL,NULL,1,16),(1587,'Dienedilce das Chagas Moura','68999979056',NULL,NULL,1,16),(1588,'FLAVIANO NASCIMENTO DE LIMA','68999467198',NULL,NULL,1,16),(1589,'DANIELLE PASSOS PRADO','68999848488',NULL,'',1,16),(1590,'GLENDA CRISTINA DE AQUINO','68999243282',NULL,NULL,1,16),(1591,'YSLA BRENDHA KIMPARA','68999645171',NULL,NULL,1,16),(1592,'EDNEY MATOS DE LIMA','68999320323',NULL,NULL,1,16),(1593,'ANA CLAUDIA E SILVA','68999724495',NULL,NULL,1,16),(1594,'JONATAN MOURA DA SILVA','68999832493',NULL,NULL,1,16),(1595,'ALESSANDRO SILVA DA COSTA','68992115165',NULL,NULL,1,16),(1596,'ALAN WILSON BORGES RIBEIRO','68992247664',NULL,NULL,1,16),(1597,'MIRLA SOUSA SILVEIRA','68992263353',NULL,NULL,1,16),(1598,'Antônio Marlos de Souza Menezes','68999182938',NULL,NULL,1,16),(1599,'Maria Edenilce Nascimento Souza','68999582421',NULL,NULL,1,16),(1600,'Valdenora de Souza Menezes','68999257324',NULL,NULL,1,16),(1601,'Cosmo Souza dos Santos Alves','68999122739',NULL,NULL,1,16),(1602,'Nilcilene Lopes de Souza Rodrigues','68999042503',NULL,NULL,1,16),(1603,'Geovane Rocha Borges','68999438187',NULL,NULL,1,16),(1604,'Valdenir Rodrigues do Nascimento','68999659653',NULL,NULL,1,16),(1605,'Assis Pires de Souza','68999864140',NULL,NULL,1,16),(1606,'Maribel Lemos da Silva','68999087020',NULL,NULL,1,16),(1607,'Kátia Matos Costa','68999207195',NULL,NULL,1,16),(1608,'OSINETE DE FATIMA DUTRA PEREIRA','68999620812',NULL,NULL,1,16),(1609,'YNDAIARA DA CUNHA GOMES','68999221152',NULL,NULL,1,16),(1610,'Adão Rogério Xavier Silva','6899868783',NULL,NULL,1,16),(1611,'TALYTA LIMA SARAH','68999554294',NULL,NULL,1,16),(1612,'Ana Paula Cavalcante da Silva','6899992227',NULL,NULL,1,16),(1613,'SUEMI PONTES HAMAGUCHI','68992050436',NULL,NULL,1,16),(1614,'PATRICIA MONTEIRO FREITAS DE LIMA','68999496800',NULL,NULL,1,16),(1615,'MATHEUS SILVA MARTINS','68999739571',NULL,NULL,1,16),(1616,'LISSANDRA MEIRELES PINTO DA SILVA','68984280750',NULL,NULL,1,16),(1617,'Andressa Fittipaldy de Oliveira','6899698536',NULL,NULL,1,16),(1618,'THIEGO LIMA DE SOUZA','68999999797',NULL,NULL,2,16),(1619,'LUZIALDA TARGINO DO SACRAMENTO','68999685044',NULL,NULL,1,16),(1620,'Cassio Hericson Lima Melo','6899955263',NULL,NULL,1,16),(1621,'NORMAM BRAZ DE MELO ROSAS','68999692509',NULL,NULL,1,16),(1622,'SAULO BARROSO CAVALCANTE','68999683814',NULL,NULL,1,16),(1623,'GEISIANE PEREIRA DE OLIVEIRA','68992926533',NULL,NULL,1,16),(1624,'Diego Oliveira Rebouças','68992837000',NULL,NULL,1,16),(1625,'Djanara Barbosa Brito','68999019321',NULL,NULL,1,16),(1626,'Eliana  dias de Andrade','68999323281',NULL,'',1,16),(1627,'Gardenha Gregório Ferreira','68999656400',NULL,NULL,1,16),(1628,'Irismar de Souza Melo','6899971249',NULL,NULL,1,16),(1629,'Lúcélia Maia Soares','68999761094',NULL,NULL,1,16),(1630,'Mack Willison Araújo de Oliveira','6899915496',NULL,NULL,1,16),(1631,'Rosimeire da Costa Luz','68999463348',NULL,NULL,1,16),(1633,'Eliane de Lim e Silva','68999585878',NULL,NULL,1,16),(1634,'Crispaula da Silva Magalães','68999733262',NULL,NULL,1,16),(1635,'Gilvangela Carvalho Holanda','68999984116',NULL,NULL,1,16),(1636,'Ícaro José da Silva Pinto','68992492840',NULL,NULL,1,16),(1637,'José Élio Góis','68999822969',NULL,NULL,1,16),(1638,'Luiza Castro Gomes','68999776480',NULL,NULL,1,16),(1639,'Maria de Nazaré Souza da Silva','68999979689',NULL,NULL,1,16),(1640,'Nathan Almeida Costa','68999643337',NULL,NULL,1,16),(1641,'Priscila de Oliveira Amorim','68999438902',NULL,NULL,1,16),(1642,'Samara Souza Nascimento','68999222344',NULL,NULL,2,16),(1643,'Sonia Silva de Oliveira','68999632635',NULL,NULL,1,16),(1644,'Wussander Camello','68999552184',NULL,NULL,1,16),(1645,'Janaina Brasil','68999834374',NULL,NULL,1,16),(1646,'Sebastiana Pereira','68992360444',NULL,NULL,1,16),(1647,'Cleocivan Silva','68999987160',NULL,NULL,1,16),(1648,'Claudia Coelho','68999712241',NULL,NULL,1,16),(1649,'Leandro Frota','68999109291',NULL,NULL,1,16),(1650,'Joice Lopes','68999476507',NULL,NULL,1,16),(1651,'Magna Aurea','68999423125',NULL,NULL,1,16),(1652,'Auriene Andrade','68999888247',NULL,NULL,1,16),(1653,'Wenderley Silva','68999565460',NULL,NULL,1,16),(1654,'Ariana da Costa Lopes','68999542526',NULL,NULL,1,16),(1655,'Adriane da Costa Lopes','68999205335',NULL,NULL,1,16),(1656,'Antonio Ecidio Pinto da Costa','68999962004',NULL,NULL,1,16),(1657,'Auriane Moreira','68999682084',NULL,NULL,1,16),(1658,'Max Alexandre Pinto da Costa','68999939811',NULL,NULL,1,16),(1659,'Anni Karoline Costa Guerra','68999443567',NULL,NULL,1,16),(1660,'Sandro Moreira','68999682084',NULL,NULL,1,16),(1661,'Paulo Wendel Pinto da Costa','68999452526',NULL,NULL,1,16),(1662,'Ângelo Ferreira','68999828637',NULL,NULL,1,16),(1663,'Francisco Souza','68999855824',NULL,NULL,1,16),(1664,'Lane Sales','68992013858',NULL,NULL,1,16),(1665,'Charrid Ganum','68999710357',NULL,NULL,1,16),(1666,'Luciano Araujo','68999194749',NULL,NULL,1,16),(1667,'Moura Junior','68992130015',NULL,NULL,1,16),(1668,'Rosiana Rodrigues','68992074813',NULL,NULL,1,16),(1669,'Diante Ferreira','68999998892',NULL,NULL,1,16),(1670,'Maise Bezerra','68992135540',NULL,NULL,1,16),(1671,'Raquel Freitas','68992116414',NULL,NULL,1,16),(1672,'Oneide Pereira','68999150402',NULL,NULL,1,16),(1673,'Maria Ângela','68999913633',NULL,NULL,1,16),(1674,'Ana Elisa','68999923691',NULL,NULL,1,16),(1675,'Sandro de V. Bezerra','68999983000',NULL,NULL,1,16),(1676,'Wagner Soares de Souza','68981234878',NULL,NULL,1,16),(1677,'Jadson de Almeida Correia','68992828193',NULL,NULL,1,16),(1678,'Afonso Nascimento Sales','68999090983',NULL,NULL,1,16),(1679,'Heliton Silva Freire','6899730013',NULL,NULL,1,16),(1680,'Sonia Souza de Almeida','68996053025',NULL,NULL,1,16),(1681,'Auzir Gomes Carneiro','68999279292',NULL,NULL,1,16),(1682,'Maria Sueli de Souza','68999836287',NULL,NULL,1,16),(1683,'Sebastião Tavarez','68999989113',NULL,NULL,1,16),(1684,'Raimundo Ferreira','68999730013',NULL,NULL,2,16),(1685,'Jonas Aureliano de Lima','68999629409',NULL,NULL,1,16),(1686,'Ana Maria Macedo','68999843790',NULL,NULL,1,16),(1687,'Dhefson Douglas Macedo Pinto','68999730013',NULL,NULL,1,16),(1688,'Sueliton Vieira','68999407706',NULL,NULL,1,16),(1689,'Claudiomar dos Santos','68999730013',NULL,NULL,1,16),(1690,'Luana Pereira Silva','68999151627',NULL,NULL,1,16),(1691,'Zuleide da Silva','68999196062',NULL,NULL,1,16),(1692,'João Paulo','68999196062',NULL,NULL,1,16),(1693,'Anderson Silva Lima','68999790174',NULL,NULL,1,16),(1694,'Albertina Cristina','68999424655',NULL,NULL,1,16),(1695,'Bruna Barreto Nascimento','68999419241',NULL,NULL,1,16),(1696,'Claudio Oliveira dos Santos','68999316604',NULL,NULL,1,16),(1697,'Dariveldo Silva Lacerda','68999090983',NULL,NULL,1,16),(1698,'Sidilene Silva Lima','68999226674',NULL,NULL,1,16),(1699,'Maria Antonia Gomes da Silva','68999226674',NULL,NULL,1,16),(1700,'Maraisa Silva de Araújo','68999201984',NULL,NULL,1,16),(1701,'Leonardo Medeiros da Silva','68999941387',NULL,NULL,1,16),(1702,'Raimundo Ferreira','68999629409',NULL,NULL,1,16),(1703,'Sandra Sara Pedrosa Marcel','68999799965',NULL,NULL,1,16),(1704,'Romildo Luis Gonzaga','68999770222',NULL,NULL,1,16),(1705,'Maria das Dores da Silva','68999277358',NULL,NULL,1,16),(1706,'Francisca Solange de Oliveira Pinheiro','68999388572',NULL,NULL,1,16),(1707,'Vitória Elem Vicente da Silva','68999862057',NULL,NULL,1,16),(1708,'Mário Jorge Moraes de Oliveira','68999999017',NULL,NULL,1,16),(1709,'Ana Cristina Nascimento de Paula','68999521431',NULL,NULL,1,16),(1710,'Raniers Sobreira Campos','68999622697',NULL,NULL,1,16),(1711,'Irla Dias Nogueira','68999787183',NULL,NULL,1,16),(1712,'Italio Silva e Silva','68999556467',NULL,NULL,1,16),(1713,'Maciliane Campos Aquino','68999516754',NULL,NULL,1,16),(1714,'Jose Ribama Fernandes de Lima','68996123729',NULL,NULL,1,16),(1715,'Talison Teles da Mota','68996104676',NULL,NULL,1,16),(1716,'Olivia Vieira Silva','68996084291',NULL,NULL,1,16),(1717,'Fabiana Queiros Leite','68999841905',NULL,NULL,1,16),(1718,'Agnaldo Paiva da Silva','68999090983',NULL,NULL,1,16),(1719,'Francisco Cezar','68996053025',NULL,NULL,1,16),(1720,'ANDRÉ LUIZ MEDEIROS F. CUNHA','68992027792',NULL,NULL,1,16),(1721,'ANSELMO DE MIRANDa','68999762039',NULL,NULL,1,16),(1722,'BRUNA SOUZA DE ALMEIDA','68999501250',NULL,'',1,16),(1723,'EDER MONTEIRO DE SOUZA','68999051667',NULL,NULL,1,16),(1724,'FRANCISCO DAS CHAGAS L. BARROS','68992016962',NULL,NULL,1,16),(1725,'FRANCISCO INÁCIO','68999155815',NULL,NULL,1,16),(1726,'GUILHERME FERREIRA MENDES','68999444084',NULL,NULL,1,16),(1727,'INALDO VILELA DOS SANTOS JUNIOR','68992050243',NULL,NULL,1,16),(1728,'JOAQUIM FALCÃO MACEDO NETO','68999795048',NULL,NULL,1,16),(1729,'JOSÉ ALEXANDRE MONTEIRO CASTRO','68981097876',NULL,NULL,1,16),(1730,'LAURA  TAVARES MONTEIRO','68999165476',NULL,NULL,1,16),(1731,'LUIS SU LIM CHOY OCHOA','68999880570',NULL,NULL,1,16),(1732,'Marizete da Silva Lima','68999035960',NULL,NULL,1,16),(1733,'MARIA DULCENIR L.DE SOUZA','68999354861',NULL,NULL,1,16),(1734,'NILTON CEZAR F.DO NASCIMENTO','68999384917',NULL,NULL,1,16),(1735,'ODÍLIO DENYS DE SOUZA ROCHA','68981085556',NULL,NULL,1,16),(1736,'SANDRA MARIA NUNES BARBOSA','68992386776',NULL,NULL,1,16),(1737,'THAÍSA BATISTA MONTEIRO','68999151664',NULL,NULL,1,16),(1738,'Francilda de Freitas do Nascimento','68999309470',NULL,NULL,1,16),(1739,'Elza Maria Barbosa Cordeiro','68999825617',NULL,NULL,1,16),(1740,'Anna Suely de Oliveira Silva','68999956852',NULL,NULL,1,16),(1741,'Zirley Alves de Sá','68999628157',NULL,NULL,1,16),(1742,'Auzenir da Silva Oliveira','68999529128',NULL,NULL,1,16),(1743,'Delmira Maria Hipólito de Souza','68999729422',NULL,NULL,1,16),(1744,'Edvaldo Augusto da Silva','68999730013',NULL,NULL,1,16),(1745,'Sueli da Silva Martins','68999735451',NULL,NULL,1,16),(1746,'Vauleide da Silveira Araújo','68999045724',NULL,NULL,1,16),(1747,'Maria Ludiane da Silva Lessa','68992248040',NULL,NULL,1,16),(1748,'Tatiany Amâncio da Costa Silva','68999881940',NULL,NULL,1,16),(1749,'Gleiciane Oliveira de Almeida','68999996309',NULL,NULL,1,16),(1750,'Ricardo Melgar Languidey','68999964127',NULL,NULL,1,16),(1751,'Eduardo Rodrigues da Silva Neto','68999972438',NULL,NULL,1,16),(1752,'Andreia Maria de Souza Lima','68999455940',NULL,NULL,1,16),(1753,'Ivaneide Oliveira Costa','68999375119',NULL,NULL,1,16),(1754,'Crispiniano Saraiva Machado Neto','68999798977',NULL,NULL,1,16),(1755,'Daniel Henrique Silva de Amorin','68992122001',NULL,NULL,1,16),(1756,'Evelin de Castro Pereira da Cruz','68992031274',NULL,NULL,1,16),(1757,'Carlos Antonio Pinheiro da Silva','68992127747',NULL,NULL,1,16),(1758,'Leandro Souza de Morais','68999017903',NULL,NULL,1,16),(1759,'Maria do Socorro Barroso Viana','68992294535',NULL,NULL,1,16),(1760,'Felicia Maria Nogueira Leite','68992022256',NULL,NULL,1,16),(1761,'Marizete Ad Vincola Roma','68999852929',NULL,NULL,1,16),(1762,'Maria Lucinda da Silva Lima','68999437659',NULL,NULL,1,16),(1763,'Naira da Costa Souza','68992269190',NULL,NULL,1,16),(1764,'Francisco Alves de Albuquerque','68999532732',NULL,NULL,1,16),(1765,'Sebastiana dos Santos Nascimento','68999224014',NULL,NULL,1,16),(1766,'Denilce Lane Martins Dankar','68999990371',NULL,NULL,1,16),(1767,'Alessandra Mendes de Souza','68999234104',NULL,NULL,1,16),(1768,'Marcelo Nascimento Silva','68999766428',NULL,NULL,1,16),(1769,'Paulo Ricardo dos Santos Felix','68999884530',NULL,NULL,1,16),(1770,'Luzia Farias da Silva','68999366300',NULL,NULL,1,16),(1771,'Maria da Conceição Almeida','68999866736',NULL,NULL,1,16),(1772,'Vanéia Florencio de Souza','68992247380',NULL,NULL,1,16),(1773,'Clainton Roniere Oliveira','68999729361',NULL,NULL,1,16),(1774,'Sarah Zaire Lima Medeiros','68999713931',NULL,NULL,1,16),(1775,'ALEX SANDRO MEIRELES CAMPOS','68992127144',NULL,NULL,1,16),(1776,'ANDREW HARTMANN CHELES','68981176907',NULL,NULL,1,16),(1777,'ERIKA SARAIVA ALVES CARVALHO','68999976821',NULL,NULL,1,16),(1778,'GABRIEL FREIRE DA SILVA','68992108889',NULL,NULL,1,16),(1779,'LUHAN QUEIROZ DE MENEZES','68999886508',NULL,NULL,1,16),(1780,'SONIA APARECIDA DE FREITAS','68999059165',NULL,NULL,1,16),(1781,'Alanna Gomes','68999489565',NULL,'lanna_gds@hotmail.com',1,16),(1782,'Julio Cesar Costa','68992467287',NULL,'cesarjuliocosta01@gmail.com',1,16),(1783,'Karoline Mesquita','68999680582',NULL,'mesquita.karoline@gmail.com',1,16),(1784,'Diego Raizer','68999356032',NULL,'diegorraizee@gmail.com',1,16),(1785,'Luldes dos Santos Vidal','68999914676',NULL,NULL,1,16),(1786,'Sarah Janne Sales Modesto','68992075505',NULL,NULL,1,16),(1787,'Sirley de Oliveira Melo','68996005521','68992080791',NULL,1,16),(1788,'Jercimar Bezerra de Sousa Marques','68999859268',NULL,NULL,1,16),(1789,'Raimunda Gama de Souza','68999898929',NULL,NULL,1,16),(1790,'Marcos Antonio Chaves da Rocha','68999615588',NULL,NULL,1,16);
/*!40000 ALTER TABLE `fiscal` ENABLE KEYS */;
UNLOCK TABLES;

--
-- Table structure for table `localadvogado`
--

DROP TABLE IF EXISTS `localadvogado`;
/*!40101 SET @saved_cs_client     = @@character_set_client */;
/*!40101 SET character_set_client = utf8 */;
CREATE TABLE `localadvogado` (
  `id` int(11) unsigned NOT NULL AUTO_INCREMENT,
  `hash` varchar(60) DEFAULT NULL,
  `idcidade` int(11) unsigned DEFAULT NULL,
  `idlocalvotacao` int(11) unsigned DEFAULT NULL,
  `status` int(11) DEFAULT NULL,
  PRIMARY KEY (`id`),
  KEY `idcidade` (`idcidade`),
  CONSTRAINT `localadvogado_ibfk_1` FOREIGN KEY (`idcidade`) REFERENCES `cidade` (`id`) ON DELETE NO ACTION ON UPDATE NO ACTION
) ENGINE=InnoDB AUTO_INCREMENT=287 DEFAULT CHARSET=latin1;
/*!40101 SET character_set_client = @saved_cs_client */;

--
-- Dumping data for table `localadvogado`
--

LOCK TABLES `localadvogado` WRITE;
/*!40000 ALTER TABLE `localadvogado` DISABLE KEYS */;
INSERT INTO `localadvogado` (`id`, `hash`, `idcidade`, `idlocalvotacao`, `status`) VALUES (1,'57e14f0f0fcd04-7516653057e14f0f0fd3a5-28213048',16,3917,1),(2,'57e150544049c9-7771461657e150544051f6-29795387',16,3987,1),(3,'57e1508ac9fe18-6975237457e1508aca04d0-96886820',16,3930,1),(4,'57e150d6b288c9-2550808257e150d6b290f7-96626708',16,4111,1),(5,'57e151136c8387-8719807657e151136c8a77-88170920',16,4141,1),(6,'57e1513ce3fe72-5803936257e1513ce40600-42294550',16,4299,1),(7,'57e151a728cdf5-1675859757e151a728d433-08260693',16,4069,1),(8,'57e15221f24cd0-8757160157e15221f25533-68354152',16,4427,1),(9,'57e153b1118b72-7402596657e153b11192a7-20943167',16,4461,1),(10,'57e154343b7ca1-7373128657e154343b8304-92288148',16,4192,1),(11,'57e1546225a189-0616608657e1546225aa23-44862866',16,4486,1),(12,'57e15520728d29-7439978057e15520729427-28305985',16,4608,1),(13,'57e15538b6db24-8808863957e15538b6e259-42895121',16,4610,1),(14,'57e156b0cc67f5-7170114657e156b0cc70c5-82942355',16,4127,1),(15,'57e156f705c104-5004504957e156f705c7c5-47617400',16,4318,1),(16,'57e15723e24907-1725245657e15723e25086-50560540',16,4503,1),(17,'57e159332ea753-8544572457e159332eb1d7-66120035',16,4213,1),(18,'57e1597293de22-4590322557e1597293e522-76290937',16,4282,1),(19,'57e1599a918186-4814480857e1599a9187d7-56973124',16,4370,1),(20,'57e15c6d766492-6817141157e15c6d766c14-82789536',16,4274,1),(21,'57e15cb068fce0-0598118857e15cb06904e1-83783345',16,4423,1),(22,'57e15d4be9ae05-0997043557e15d4be9b5d6-13781966',16,3924,1),(23,'57e15da2e83ed5-4651503457e15da2e846d1-62814808',16,4302,1),(24,'57e15e2025ad18-1101305657e15e2025b3e6-75748354',16,4373,1),(25,'57e15e6f1d8631-1947068057e15e6f1d8d31-45793590',16,4380,1),(26,'57e160427a4ad8-0451052857e160427a5347-32054101',16,4120,1),(27,'57e161cf23f696-2082063357e161cf23fe49-14105619',16,4240,1),(28,'57e161ecc55fc5-4358061857e161ee0dacb8-62329534',16,4534,1),(29,'57e16209f0c8b7-5167990057e16209f0d064-86027361',16,4607,1),(30,'57e1623ec22681-0807194957e1623ec22d89-39408282',16,3916,1),(36,'57e1639be2e776-7800511457e1639be2eeb4-44101121',16,4011,1),(37,'57e16407467de7-3253558157e16407468500-75696178',16,4115,1),(38,'57e1644a8b3264-9559860257e1644a8b3ac9-43304258',16,4148,1),(39,'57e164b9174111-2275408957e164b91747c2-97072697',16,4171,1),(40,'57e169fc3a49b8-9136681857e169fc3a5712-38639174',16,4232,1),(41,'57e16b35006688-7860062657e16b35006cd6-20318304',16,4300,1),(42,'57e16b9661f8d2-0544129157e16b9661ff14-56485066',16,4481,1),(43,'57e16bd2326fd6-1863416057e16bd2327755-42266160',16,4598,1),(44,'57e16c66c09336-4389101457e16c66c09af2-81426386',16,4020,1),(45,'57e16c93f02276-4285895657e16c93f02b16-72407097',16,4257,1),(46,'57e16cc958f2b5-9150181557e16cc958f970-30903740',16,4353,1),(47,'57e16cf22d5b63-6276428457e16cf22d6325-49681638',16,3928,1),(48,'57e16d387cf104-3492887757e16d387cf894-98931387',16,3935,1),(49,'57e16d92c071f9-1435711257e16d92c07bb5-00101896',16,4220,1),(50,'57e16db3463253-4751204457e16db34639b5-23508650',16,4348,1),(51,'57e16de9672fb3-7945917857e16de9673602-50062032',16,4090,1),(52,'57e16e2d3ebcb0-7813810257e16e2d3ec347-00173337',16,4186,1),(53,'57e16efc00cc87-8330931357e16efc00d4c1-55254026',16,4243,1),(54,'57e16f1b50bf64-9203469857e16f1b50c6f1-87583961',16,4510,1),(58,'57e16fe57670a7-3811380457e16fe5767714-15410214',16,4199,1),(59,'57e17005c6b0f4-6096601957e17005c6b7c7-14190119',16,4294,1),(60,'57e170219e4e56-3828990557e170219e5497-75463524',16,4341,1),(61,'57e1703a82ee65-2672801157e1703a82f609-21271298',16,3992,1),(62,'57e17072e70721-6769109157e17072e70e00-30338522',16,4432,1),(63,'57e170f9a00fd2-3759727157e170f9a01762-10226690',16,4532,1),(64,'57e1712b3198f7-7876723757e1712b31a0c7-86437543',16,4566,1),(65,'57e195ba401ba2-5247355857e195ba4022a1-16948626',16,3911,1),(66,'57e19605ddb446-0257216457e19605ddbdd4-02146408',16,3954,1),(67,'57e19a6e50e257-9451322057e19a6e50e971-75360709',16,4156,1),(68,'57e19a8f1a6f70-8734537257e19a8f1a76c6-90982003',16,4180,1),(69,'57e19aa9689296-2392028957e19aa96899a6-86646507',16,4253,1),(70,'57e19aec979717-7165650557e19aec979e99-71942268',16,4286,1),(71,'57e19b263c6638-8338277757e19b263c6db0-11377180',16,3991,1),(72,'57e19b52175c60-0725677857e19b52179901-10976970',16,4479,1),(73,'57e19b7214ce35-0997763157e19b7214d4c1-48671685',16,4596,1),(74,'57e19ba6daaf94-9126604057e19ba6dab5e7-01968643',16,3969,1),(75,'57e19bc3aa36c6-2558902357e19bc3aa3d51-75605449',16,4001,1),(76,'57e19c20b4b333-9045986357e19c20b4b9c7-75704378',16,4056,1),(77,'57e19c40dab7a0-8090840657e19c40dabdf2-57178529',16,4183,1),(78,'57e19c958b4dd9-2537051957e19c958b54f2-44105397',16,4322,1),(79,'57e19f5a304513-8325561657e19f5a304c04-97060990',16,4036,1),(80,'57e1a1b51a3274-6320722157e1a1b51a3a24-71395439',16,4088,1),(81,'57e1a226380181-7791014957e1a226380a29-34156953',16,4096,1),(82,'57e1a2bf90b666-7137671557e1a2bf90c056-03060541',16,4138,1),(83,'57e1a2e1dee200-8879463057e1a2e1dee927-04006105',16,4140,1),(84,'57e1a3172222f9-5997710657e1a317222b97-32890462',16,4182,1),(85,'57e1a34bba99d7-2507246857e1a34bbaa056-35421238',16,4236,1),(86,'57e1a3ac2e1b77-5569260457e1a3ac2e22a9-38918807',16,4388,1),(87,'57e1a46f024a55-9882195257e1a46f025229-32584903',16,4465,1),(88,'57e1a49d72ff81-6631488157e1a49d7307d7-20389138',16,4491,1),(89,'57e1a4cfaa7a43-1964290657e1a4cfaa8283-96844434',16,4523,1),(90,'57e1a4f6b55765-2223858357e1a4f6b55e47-42352085',16,4592,1),(91,'57e1a8399136e9-2072451857e1a839913e84-55125388',16,3920,1),(92,'57e1aa8e1ccb70-4282946357e1aa8e1cd406-19897789',16,3929,1),(93,'57e1aafb5ed726-5691433957e1aafb5edee0-62064103',16,4031,1),(94,'57e1ab470365e4-7213872357e1ab47036d43-83637533',16,4039,1),(95,'57e1ab86413406-9404607257e1ab86413af6-92327642',16,4167,1),(96,'57e1abb4e10903-9634827357e1abb4e110c4-73563662',16,4190,1),(97,'57e1abf9563ee6-7555035057e1abf95645c5-37924736',16,4281,1),(98,'57e1ac758dd1f1-8615928557e1ac758dd983-27031784',16,4198,1),(101,'57e1afb615b0c9-3042745957e1afb615b7e2-43853536',16,4062,1),(102,'57e1afeed3d6d7-3588343857e1afeed3df58-49340613',16,4144,1),(103,'57e1b032ddb5b0-3508130557e1b032ddbbf9-96044611',16,4403,1),(104,'57e1b082cd7598-1580935157e1b082cd7e88-06384253',16,4271,1),(105,'57e1b0bac8f4b0-5375099457e1b0bac8fdc2-51653362',16,4580,1),(106,'57e1b154493d34-0471676857e1b154494438-48764067',16,4152,1),(107,'57e1b17db2abe2-8163249557e1b17db2b2b1-04595471',16,4159,1),(108,'57e1b19e4af2b7-4548194057e1b19e4afb06-35766602',16,4454,1),(109,'57e1b1d9284fc0-2656314357e1b1d9285701-36622806',16,4223,1),(110,'57e1b207066233-1614412657e1b207066875-47254858',16,4448,1),(111,'57e1b2227f2651-9100120957e1b2227f2de9-72217315',16,4508,1),(115,'57e1b2f863cfb8-3897371557e1b2f863d6f1-55054588',16,4407,1),(116,'57e1b310352800-0585523257e1b310352e99-56770401',16,4571,1),(117,'57e1b38d310f19-3184624157e1b38d311650-31488490',16,4034,1),(118,'57e1b3b18edcf5-3515675257e1b3b18ee3f2-69178017',16,4102,1),(119,'57e1b44c841090-9386160057e1b44c841787-82973491',16,4326,1),(120,'57e1b482906190-3666996557e1b482906853-51412969',16,3937,1),(121,'57e1b4ed25d072-1638873257e1b4ed25d6f6-92506546',16,4053,1),(122,'57e1b545ab9ed0-6627225257e1b545aba5b5-95620240',16,4077,1),(123,'57e1b57f1545c2-7833898857e1b57f154f62-75705052',16,4134,1),(125,'57e1b5bc9f22f5-7270332157e1b5bc9f2bd1-83044374',16,4316,1),(126,'57e1b5c5a56e07-3822412657e1b5c5a57452-94516182',16,3910,1),(127,'57e1b5d72e74a5-8775158557e1b5d72e7cf2-64570722',16,3913,1),(128,'57e1b5e4963575-2039232457e1b5e4963d44-91077040',16,3984,1),(131,'57e1b61dd79042-3835175557e1b61dd79723-74739039',16,4027,1),(132,'57e1b62d0e0fc7-8869119557e1b62d0e16a8-23132756',16,3931,1),(133,'57e1b63c654e09-3041867757e1b63c655563-63431800',16,4049,1),(134,'57e1b65a207c58-3969910957e1b65a2083a0-18516847',16,4053,1),(135,'57e1b66b962b61-5931940857e1b66b9633f2-67872297',16,3938,1),(137,'57e1b6843385a1-3131454857e1b684338c64-93222256',16,4366,1),(138,'57e1b69387c635-5231090757e1b69387cda9-74644667',16,3949,1),(139,'57e1b6a5de8b22-0955997257e1b6a5de9223-08406899',16,4470,1),(140,'57e1b6cb8d22e0-5530171557e1b6cb8d2955-94804254',16,4606,1),(142,'57e1b6f32e80b5-0685961857e1b6f32e8847-12583767',16,4338,1),(144,'57e1b7281396f0-0439617557e1b728139f29-64786751',16,3974,1),(146,'57e1b745135f69-4375853757e1b7451367a4-83676520',16,3941,1),(147,'57e1b7609febd9-8302740457e1b7609ff406-35176706',16,3981,1),(149,'57e1b784e00ae7-3838678857e1b784e012b6-90198008',16,3947,1),(150,'57e1b78b7aec95-3971747157e1b78b7af439-81642690',16,3988,1),(152,'57e1b7d7a6f063-6185336257e1b7d7a6f838-98917781',16,3978,1),(154,'57e1b8009623b3-1380234157e1b800962b05-44566556',16,3996,1),(155,'57e1b82077bb53-3358565357e1b82077c2c3-55437213',16,3998,1),(157,'57e1b8413187a3-1149291357e1b841318eb1-47257778',16,4552,1),(158,'57e1b86abd66a6-1857306857e1b86abd6e88-63831932',16,4075,1),(160,'57e1b898a6cde0-7505378357e1b898a6d4a6-45666853',16,4574,1),(162,'57e1b916b212b1-5019311557e1b916b218e0-64526462',16,4059,1),(163,'57e1b9384c7b25-7461748157e1b9384c8175-42473552',16,4107,1),(164,'57e1b94da44016-8916479457e1b94da44723-19345381',16,4468,1),(166,'57e1b982677f32-2201629457e1b9826786b7-44014217',16,4016,1),(167,'57e1b9964b68e1-9103143857e1b9964b7004-72799027',16,4177,1),(168,'57e1b9ce5a9635-6884798257e1b9ce5a9de4-91097224',16,4268,1),(169,'57e1b9cfbccf77-2867617457e1b9cfbcd893-77391700',16,4362,1),(171,'57e1ba20d168d0-6897007857e1ba20d16f72-73321711',16,3922,1),(172,'57e1ba42943749-5160966657e1ba42943d96-81074165',16,4052,1),(173,'57e1ba68dd6527-3081681857e1ba68dd6d43-39353621',16,4335,1),(175,'57e1baaa39d320-2006122657e1baaa39dad1-03774221',16,4083,1),(176,'57e1bac95dc591-3200802957e1bac95dcc60-24639663',16,4473,1),(179,'57e1baff17c8d6-2918011357e1baff17cf02-91326908',16,4139,1),(180,'57e1bb06df42b6-8801124057e1bb06df49f6-64556382',16,4445,1),(182,'57e1bb50f117e9-0247445357e1bb50f11e45-06098678',16,4476,1),(183,'57e1bb592ba4b3-8953332457e1bb592bab98-94510884',16,4066,1),(184,'57e1bb6d0ac9c0-8699139957e1bb6d0ad077-18770216',16,4485,1),(186,'57e1bb91f03c17-6853046657e1bb91f04266-65405884',16,4246,1),(187,'57e1bba38638d6-7198892757e1bba3863f30-01341446',16,4489,1),(189,'57e1bbce0d6078-7992745257e1bbce0d68c3-94352282',16,4290,1),(190,'57e1bc00ad5a94-8237990357e1bc00ad60d1-92476762',16,4307,1),(191,'57e1bc0cc71ed8-7463329857e1bc0cc72555-62094757',16,4497,1),(192,'57e1bc24c166e2-3253965557e1bc24c16e19-52098254',16,4499,1),(193,'57e1bc56ec7fe9-6903657757e1bc56ec8732-26665262',16,4501,1),(194,'57e1bc6140df00-1491452057e1bc6140e5a4-53823841',16,4452,1),(195,'57e1bc7d4bb915-3716061557e1bc7d4bc0f7-02827789',16,4513,1),(197,'57e1bcb6f391b3-8334816157e1bcb6f39866-15636201',16,4295,1),(198,'57e1bcc92cfaa1-5082934557e1bcc92d01e9-30747667',16,4522,1),(199,'57e1bce0dc5317-5856956857e1bce0dc5a03-55525473',16,4524,1),(200,'57e1bce7d66f08-0419231357e1bce7d67682-17240086',16,4251,1),(202,'57e1bd232ba029-5051001257e1bd232ba6b0-17832494',16,4535,1),(203,'57e1bd3818b457-4759388657e1bd3818bab9-75550952',16,4123,1),(204,'57e1bd3f7a0a62-6558072757e1bd3f7a12b0-04020116',16,4538,1),(205,'57e1bd601dbbf5-0364824057e1bd601dc2f0-73219239',16,4384,1),(206,'57e1bd651ef154-6300234857e1bd651ef835-57752594',16,4542,1),(207,'57e1bd98b41630-4689695757e1bd98b41d62-26737139',16,3939,1),(209,'57e1bdc38e3e50-3688453757e1bdc38e45d5-23166180',16,3986,1),(210,'57e1bdcabd6831-6050306557e1bdcabd6ec3-62971171',16,4550,1),(211,'57e1bdeaeb6221-6443684757e1bdeaeb6953-25985422',16,4556,1),(212,'57e1bdf85c5274-4509106357e1bdf85c5934-41274665',16,4228,1),(214,'57e1be1b7ff077-8303287457e1be1b7ff6e3-92019934',16,4398,1),(216,'57e1be40cfdf52-4975432357e1be40cfe675-99264741',16,4561,1),(217,'57e1be6282b624-1048967357e1be6282bde5-77429270',16,4563,1),(218,'57e1be84bed4d2-3022007657e1be84bedbc5-04475310',16,4063,1),(219,'57e1be87be6353-8055444757e1be87be6977-55112077',16,4564,1),(220,'57e1bea046f345-5467411257e1bea046f9c2-33590163',16,4565,1),(221,'57e1beaa36c264-5668856257e1beaa36ca10-44546454',16,4135,1),(222,'57e1beb4c14162-9732745957e1beb4c14790-88033881',16,4569,1),(223,'57e1bed6b63368-4367204657e1bed6b63b16-74437653',16,4579,1),(224,'57e1bedd2ea9d4-8936993057e1bedd2eb198-53484274',16,4005,1),(225,'57e1bef2a1b468-5713683757e1bef2a1bde2-67561715',16,4582,1),(226,'57e1bf092b5800-1477870357e1bf092b5fa4-61933974',16,4118,1),(227,'57e1bf09cffdd1-9680354057e1bf09d004b3-77555468',16,4585,1),(228,'57e1bf229282a8-4380110457e1bf22928b68-97373632',16,4590,1),(229,'57e1bf3c3bdb13-0844968957e1bf3c3be308-02283838',16,4393,1),(230,'57e1bf4a2cd512-2870094657e1bf4a2cdc05-85284788',16,4599,1),(231,'57e1bf68a60614-7862710157e1bf68a60c19-93276522',16,4605,1),(232,'57e1bf96decc82-6992184457e1bf96ded455-26533609',16,4417,1),(233,'57e1bf97a43320-3434510157e1bf97a43a32-50037417',16,4617,1),(234,'57e1bfd61b6e09-2347580757e1bfd61b7670-25114017',16,4600,1),(235,'57e1c00c9c0751-9161327057e1c00c9c0e04-98357975',16,4471,1),(237,'57e1c14617dea5-0630714357e1c14617e5f5-36440774',16,4614,1),(238,'57e1c56c16d827-1251094057e1c56c16df90-17374225',16,3914,1),(239,'57e1c6390414b7-4071500257e1c639041b37-81861670',16,3918,1),(240,'57e1c68133ddb5-8720626957e1c68133e669-37159625',16,3985,1),(241,'57e1c6e9aa4a09-1487855757e1c6e9aa5136-80449694',16,3989,1),(242,'57e1c71de9d091-9245138257e1c71de9d764-45726934',16,4024,1),(243,'57e1c75e78f0b0-8771234957e1c75e78f8b4-70596369',16,4045,1),(244,'57e1c7ada134e5-4905022857e1c7ada13cd4-87679286',16,4089,1),(245,'57e1c7d3eb0a59-0401863057e1c7d3eb1197-74956431',16,4283,1),(246,'57e1c80d9f6320-8015927857e1c80d9f6ad3-41825128',16,4437,1),(247,'57e1c8244d6389-6143531657e1c8244d69b6-37337434',16,4493,1),(248,'57e1c837785c08-9628846757e1c837786253-00956932',16,4551,1),(250,'57e1c91d488262-3725997057e1c91d488971-65781166',16,4262,1),(251,'57e1c9869ed897-6349346957e1c9869ee109-18014232',16,4490,1),(252,'57e2b010271ee9-8018384657e2b010272872-07980963',16,4612,1),(253,'57e94643e614c7-7916288957e94643e61e60-91969148',16,4203,1),(254,'57e94be3e92af9-7095470057e94be3e93333-18955294',16,4305,1),(255,'57e94c42c6d192-4775156057e94c42c6d822-08618543',16,4332,1),(256,'57e94d05464cf2-9135523857e94d05465351-06002230',16,3958,1),(257,'57e94d384e7035-5371420457e94d384e7693-24290878',16,3964,1),(258,'57e94dd6dcd990-9570307457e94dd6dce2f8-03894070',16,3983,1),(259,'57e94e3b2f9e25-0363531457e94e3b2fa4d1-85558407',16,4192,1),(260,'57e94ea9b33f11-4361014557e94ea9b34637-20873803',16,4208,1),(261,'57e951bd2b7039-8080397657e951bd2b7682-90070292',16,3975,1),(262,'57e952110bad73-9514938257e952110bb381-78070118',16,4010,1),(263,'57e9524a343cc6-1881137757e9524a344387-95047297',16,3926,1),(264,'57e9528214fdc9-7960118757e95282150458-29192703',16,3943,1),(265,'57e957fda4d0e8-5924137457e957fda4d7e3-54872209',16,4276,1),(266,'57e958e864c756-5183811157e958e864cff1-06704806',16,4359,1),(267,'57e973f2928610-3077244157e973f2928d03-73869316',16,4080,1),(268,'57e97419d8a6b7-3154131757e97419d8ae22-26488208',16,4097,1),(269,'57e9743faa62e2-7319757257e9743faa6949-13327857',16,4163,1),(270,'57e9748b07d3c1-7596099557e9748b07da85-04886206',16,4216,1),(271,'57e9748c3471d3-3556343557e9748c347820-51667664',16,4533,1),(272,'57e974ebb7e281-0570484657e974ebb7e933-09507825',16,4311,1),(273,'57e975a971bba6-3126328957e975a971c3a3-83299530',16,4412,1),(274,'57e975d7b804d2-2238585657e975d7b80bc9-72403222',16,4439,1),(275,'57e976272418d2-9973402857e97627241f30-74877523',16,4472,1),(276,'57e976a83c77d6-4853516557e976a83c7ed6-39688344',16,4487,1),(277,'57e9778d7b2946-1636258957e9778d7b3259-70291195',16,4131,1),(278,'57e97808b0d204-6704688057e97808b0d8c1-48692187',16,4518,1),(279,'57e97872a67964-4381508857e97872a67fd3-55678050',16,4528,1),(280,'57e979445c5432-6115559857e979445c5af8-11973741',16,4545,1),(281,'57e979c0ecfd60-7214884857e979c0ed0586-05424330',16,4559,1),(282,'57e979fee48dd4-6623284857e979fee49741-21179393',16,4560,1),(283,'57e98d44ed1a67-8046185657e98d44ed21b9-60865995',16,4389,1),(284,'57e98e4066c7e8-4665394557e98e4066cf34-28902796',16,4454,1),(285,'57e99148568983-1813039757e991485691f5-30663273',16,3909,1),(286,'57e9963570f722-2145435157e9963570fef2-10780201',16,4344,1);
/*!40000 ALTER TABLE `localadvogado` ENABLE KEYS */;
UNLOCK TABLES;

--
-- Table structure for table `localadvogadoitem`
--

DROP TABLE IF EXISTS `localadvogadoitem`;
/*!40101 SET @saved_cs_client     = @@character_set_client */;
/*!40101 SET character_set_client = utf8 */;
CREATE TABLE `localadvogadoitem` (
  `id` int(11) unsigned NOT NULL AUTO_INCREMENT,
  `idlocaladvogado` int(11) unsigned DEFAULT NULL,
  `idadvogado` int(11) unsigned DEFAULT NULL,
  PRIMARY KEY (`id`),
  KEY `idlocaladvogado` (`idlocaladvogado`),
  KEY `idadvogado` (`idadvogado`),
  CONSTRAINT `localadvogadoitem_ibfk_1` FOREIGN KEY (`idlocaladvogado`) REFERENCES `localadvogado` (`id`) ON DELETE NO ACTION ON UPDATE NO ACTION,
  CONSTRAINT `localadvogadoitem_ibfk_2` FOREIGN KEY (`idadvogado`) REFERENCES `advogado` (`id`) ON DELETE NO ACTION ON UPDATE NO ACTION
) ENGINE=InnoDB AUTO_INCREMENT=807 DEFAULT CHARSET=latin1;
/*!40101 SET character_set_client = @saved_cs_client */;

--
-- Dumping data for table `localadvogadoitem`
--

LOCK TABLES `localadvogadoitem` WRITE;
/*!40000 ALTER TABLE `localadvogadoitem` DISABLE KEYS */;
INSERT INTO `localadvogadoitem` (`id`, `idlocaladvogado`, `idadvogado`) VALUES (6,6,10),(7,7,49),(8,8,49),(9,9,49),(26,24,53),(27,24,56),(44,37,24),(45,37,41),(48,40,24),(49,40,41),(60,51,42),(61,52,42),(62,53,42),(63,54,42),(70,61,80),(71,62,80),(72,63,80),(73,64,80),(88,36,59),(89,36,14),(90,39,59),(91,39,14),(92,41,59),(93,41,14),(94,38,11),(95,38,33),(96,42,11),(97,42,33),(101,79,77),(102,79,30),(103,80,30),(104,80,77),(105,81,30),(106,81,77),(107,82,30),(108,82,77),(109,83,30),(110,83,77),(111,84,91),(112,84,109),(113,85,30),(114,85,77),(115,86,30),(116,86,77),(117,87,91),(118,87,109),(119,88,91),(120,88,109),(121,89,91),(122,89,109),(123,90,91),(124,90,109),(125,91,18),(126,91,74),(138,102,18),(139,102,74),(144,107,85),(175,137,58),(219,171,28),(220,172,28),(317,65,51),(318,65,3),(319,66,51),(320,66,3),(321,74,89),(322,74,13),(323,75,89),(324,75,13),(325,76,89),(326,76,13),(327,67,51),(328,67,3),(329,68,51),(330,68,3),(331,77,89),(332,77,13),(333,69,51),(334,69,3),(335,70,51),(336,70,3),(337,78,89),(338,78,13),(339,238,43),(341,240,24),(342,240,41),(345,242,43),(348,244,16),(349,245,34),(350,246,34),(351,247,16),(352,248,16),(354,250,43),(358,92,79),(359,92,94),(360,93,75),(361,93,78),(362,94,75),(363,94,78),(364,101,18),(365,101,74),(366,106,85),(367,106,62),(368,95,75),(369,95,78),(370,96,75),(371,96,78),(372,98,21),(373,98,108),(375,253,12),(376,1,114),(377,1,115),(378,30,53),(379,30,56),(396,254,99),(397,254,50),(402,135,100),(417,257,81),(418,257,48),(419,255,50),(420,255,99),(421,255,53),(422,255,56),(423,144,47),(424,144,64),(427,147,48),(428,147,81),(429,258,54),(430,150,46),(431,150,26),(432,241,15),(433,241,26),(435,3,10),(436,3,92),(437,2,10),(438,2,92),(439,25,53),(440,25,56),(441,25,52),(442,25,88),(443,260,122),(444,260,125),(445,4,10),(446,4,92),(453,261,47),(454,261,64),(455,262,54),(456,263,54),(457,264,15),(458,264,26),(460,5,10),(461,5,92),(462,138,46),(463,138,27),(464,109,94),(465,109,79),(466,104,79),(467,104,94),(468,265,95),(469,265,12),(470,97,95),(471,97,12),(472,266,122),(473,266,125),(483,20,52),(484,20,88),(485,20,53),(486,20,56),(487,243,15),(488,243,26),(489,23,53),(490,23,56),(491,23,99),(492,23,50),(493,158,37),(494,21,52),(495,21,88),(496,21,99),(497,21,50),(498,267,47),(499,267,64),(500,268,37),(501,269,1),(502,167,37),(503,270,15),(504,270,26),(506,168,48),(507,168,81),(508,272,84),(509,173,84),(512,273,100),(513,274,47),(514,274,64),(515,275,100),(518,184,46),(519,184,27),(520,276,84),(521,187,36),(522,187,126),(523,251,15),(524,251,26),(525,191,105),(526,192,46),(527,192,27),(531,193,1),(532,195,15),(533,195,26),(536,199,46),(537,199,27),(538,279,36),(539,279,126),(540,202,47),(541,202,64),(542,43,8),(543,43,112),(545,237,8),(546,237,112),(547,259,115),(548,259,114),(552,210,105),(553,211,48),(554,211,81),(556,281,36),(557,281,126),(558,282,81),(559,282,48),(560,216,36),(561,216,126),(562,47,9),(563,47,29),(564,217,37),(567,220,36),(568,220,126),(569,44,9),(570,44,29),(572,10,115),(573,10,114),(574,223,47),(575,225,105),(576,11,23),(577,227,1),(578,12,115),(579,12,114),(580,228,105),(581,13,115),(582,13,114),(585,58,71),(586,58,120),(587,231,105),(593,233,15),(594,233,26),(595,45,9),(596,45,29),(598,59,71),(599,59,120),(600,60,71),(601,60,120),(602,46,9),(603,46,29),(605,71,55),(606,71,113),(607,72,55),(608,72,113),(609,73,55),(610,73,113),(613,120,44),(614,120,87),(615,117,19),(616,117,117),(617,128,58),(618,128,40),(619,131,58),(620,131,40),(621,133,58),(622,133,40),(623,134,58),(624,134,40),(625,121,44),(626,121,87),(627,122,49),(628,122,87),(629,118,19),(630,118,117),(631,123,44),(632,123,87),(633,125,44),(634,125,87),(635,119,19),(636,119,117),(637,142,97),(638,142,119),(640,139,19),(641,139,117),(642,140,87),(643,140,44),(644,283,122),(645,283,125),(646,103,18),(647,103,74),(648,115,21),(649,115,108),(650,110,94),(651,110,79),(652,284,85),(653,284,62),(654,111,94),(655,111,79),(656,116,108),(657,116,21),(658,105,79),(659,105,94),(660,285,81),(661,285,48),(662,286,36),(663,286,126),(664,222,36),(665,222,126),(666,207,76),(667,207,22),(668,146,4),(669,146,70),(670,149,4),(671,149,70),(672,152,4),(673,152,70),(674,209,76),(675,209,22),(676,154,4),(677,154,70),(678,155,4),(679,155,70),(682,166,17),(683,166,61),(684,162,57),(685,162,35),(687,183,106),(688,183,102),(689,175,28),(690,163,57),(691,163,35),(694,203,32),(696,179,76),(697,179,22),(698,212,76),(699,212,22),(700,186,102),(701,186,106),(702,200,17),(703,189,102),(704,189,106),(705,197,28),(706,190,102),(707,190,106),(708,169,17),(709,169,61),(710,205,32),(713,214,76),(714,214,22),(717,194,102),(718,194,106),(719,164,57),(720,164,35),(721,235,65),(722,176,4),(723,176,70),(724,157,4),(725,157,70),(726,160,4),(727,160,70),(730,127,86),(731,127,129),(732,132,86),(733,132,129),(734,219,86),(735,219,129),(736,239,86),(737,239,129),(738,256,86),(739,256,129),(740,280,86),(741,280,129),(742,14,98),(743,14,110),(744,15,98),(745,15,110),(746,16,98),(747,16,110),(748,252,98),(749,252,110),(750,17,111),(751,17,121),(752,18,111),(753,18,121),(754,19,111),(755,19,121),(756,126,45),(757,126,131),(758,182,45),(759,182,131),(760,230,45),(761,230,131),(762,278,45),(763,278,131),(764,180,68),(765,180,5),(767,198,68),(768,198,5),(769,204,68),(770,204,5),(771,206,68),(772,206,5),(773,218,68),(774,218,5),(775,221,68),(776,221,5),(777,22,53),(778,22,56),(779,26,50),(780,26,99),(781,27,52),(782,27,88),(783,28,60),(784,28,38),(785,29,60),(786,29,38),(787,271,60),(788,271,38),(789,277,50),(790,277,99),(791,48,31),(792,48,73),(793,49,31),(794,49,73),(795,50,31),(796,50,73),(797,224,23),(798,224,104),(799,226,23),(800,226,104),(801,229,23),(802,229,104),(803,232,23),(804,232,104),(805,234,23),(806,234,104);
/*!40000 ALTER TABLE `localadvogadoitem` ENABLE KEYS */;
UNLOCK TABLES;

--
-- Table structure for table `localcoordenador`
--

DROP TABLE IF EXISTS `localcoordenador`;
/*!40101 SET @saved_cs_client     = @@character_set_client */;
/*!40101 SET character_set_client = utf8 */;
CREATE TABLE `localcoordenador` (
  `id` int(11) unsigned NOT NULL AUTO_INCREMENT,
  `hash` varchar(60) DEFAULT NULL,
  `idcidade` int(11) unsigned DEFAULT NULL,
  `idlocalvotacao` int(11) DEFAULT NULL,
  `status` int(11) DEFAULT NULL,
  PRIMARY KEY (`id`),
  KEY `idcidade` (`idcidade`),
  KEY `idlocalvotacao` (`idlocalvotacao`),
  CONSTRAINT `localcoordenador_ibfk_1` FOREIGN KEY (`idcidade`) REFERENCES `cidade` (`id`) ON DELETE NO ACTION ON UPDATE NO ACTION,
  CONSTRAINT `localcoordenador_ibfk_2` FOREIGN KEY (`idlocalvotacao`) REFERENCES `localvotacao` (`id`) ON DELETE NO ACTION ON UPDATE NO ACTION
) ENGINE=InnoDB AUTO_INCREMENT=193 DEFAULT CHARSET=latin1;
/*!40101 SET character_set_client = @saved_cs_client */;

--
-- Dumping data for table `localcoordenador`
--

LOCK TABLES `localcoordenador` WRITE;
/*!40000 ALTER TABLE `localcoordenador` DISABLE KEYS */;
INSERT INTO `localcoordenador` (`id`, `hash`, `idcidade`, `idlocalvotacao`, `status`) VALUES (2,'57e6a565e2ed84-1294430057e6a565e2f558-04958045',16,4503,1),(3,'57e6ada519d818-6955795557e6ada519dea4-29830250',16,4445,1),(4,'57e6adb6cc82e5-3029776857e6adb6cc89d6-76605237',16,4476,1),(5,'57e6adc75d78d7-6925109757e6adc75d7fe1-85522817',16,4485,1),(6,'57e6add61e7ad1-2573634757e6add61e8149-56524870',16,4556,1),(7,'57e6ae399d21e6-3492970657e6ae399d2962-90517947',16,4080,1),(8,'57e6ae49657fa7-1233949157e6ae49658597-31742761',16,4177,1),(9,'57e6ae5935f508-2637212657e6ae5935fd06-47416939',16,4439,1),(10,'57e6ae709d2c86-2858260557e6ae709d3477-31051455',16,4535,1),(11,'57e6af1e181584-7861843857e6af1e181de5-51627263',16,4563,1),(12,'57e6b007eaf3d6-2392343857e6b007eafa84-43888648',16,3974,1),(13,'57e6b01675e419-9397111557e6b01675ea30-62924381',16,4487,1),(14,'57e6b027c27e56-3561654357e6b027c284b3-85131907',16,4542,1),(15,'57e6b0370cbe71-3277604957e6b0370cc4f2-08718371',16,4559,1),(16,'57e6b04f266636-6433743357e6b04f266cd5-34775081',16,4579,1),(17,'57e6b05d855ea1-3877959057e6b05d856580-86784211',16,4582,1),(18,'57e6b0a6e9fda1-5209725657e6b0a6ea0464-62777471',16,4518,1),(19,'57e927e86a2699-2515624657e927e86a2d46-56626948',16,4115,1),(20,'57e92851edcab5-3764705057e92851edd283-81400800',16,3985,1),(21,'57e9287912f812-6105181057e9287912ff26-26139752',16,4011,1),(22,'57e9289f1bd515-4431867857e9289f1bdbd0-09623389',16,4171,1),(23,'57e928b256b346-2486765157e928b256bb09-20048380',16,4232,1),(24,'57e929b33171b8-2062252057e929b3317947-77100526',16,3941,1),(25,'57e929c4c41859-4688833757e929c4c41ed1-84994139',16,4052,1),(26,'57e929d9575c08-1115487357e929d95762a5-95819454',16,4118,1),(27,'57e92b476f25d0-7885850557e92b476f2c94-61297844',16,4228,1),(28,'57e92b59584806-8094798657e92b59584f21-25811845',16,4600,1),(29,'57e92ba5b86d58-7271928157e92ba5b87609-30809303',16,3998,1),(30,'57e92bc143f4c8-6039489557e92bc143fb97-43682596',16,3947,1),(31,'57e92c699dba62-0133647757e92c699dc0f7-14471304',16,3998,1),(32,'57e92d15ca8a56-2888986357e92d15ca9299-78789464',16,4473,1),(33,'57e92d27c7dad3-6528950257e92d27c7e2a9-64358637',16,4552,1),(34,'57e92d3a1be114-3260880257e92d3a1be921-72607000',16,4574,1),(35,'57e92d9c6d32e4-2011195357e92d9c6d3ac2-33341694',16,4307,1),(36,'57e92db07d9d00-5773321257e92db07da349-96034444',16,4552,1),(37,'57e92edf98ad86-7374739757e92edf98b5e3-03436670',16,4600,1),(38,'57e92f43c3fd92-6177649157e92f43c40593-65623390',16,3922,1),(39,'57e92f55c916e7-8908001357e92f55c91d53-92371383',16,4016,1),(40,'57e92f67ae7f80-3673323957e92f67ae86b9-18451521',16,4362,1),(41,'57e92f7876c7a2-4416088957e92f7876cdf4-99470312',16,4468,1),(42,'57e9308e0e5337-5002413557e9308e0e5a95-92515343',16,3939,1),(43,'57e9309cb946b9-0601464957e9309cb94e52-00901266',16,3996,1),(44,'57e930afec12d6-7559300257e930afec1a43-17508334',16,4005,1),(45,'57e930cf3fede1-1052881757e930cf3ff5b8-55112242',16,4107,1),(46,'57e930f79b0bb7-5152785057e930f79b1269-41684189',16,4135,1),(47,'57e9311ab85b46-7685074557e9311ab86220-71996051',16,4228,1),(48,'57e9312cabfe50-0450674657e9312cac04d5-96259110',16,4246,1),(49,'57e9313f2b43f1-4302059357e9313f2b4c22-19124007',16,4417,1),(50,'57e93237169103-1991497557e9323716bca1-69315685',16,4384,1),(51,'57e9327a49dc76-9845624457e9327a49e3c4-26478315',16,4452,1),(52,'57e932eeb42700-9040134357e932eeb42ea8-90939727',16,4499,1),(53,'57e93300c8d783-8326498057e93300c8de17-41951000',16,4538,1),(54,'57e9332d403d52-4554646257e9332d4043b8-56219696',16,4560,1),(55,'57e9333f0e6b65-2708065857e9333f0e71f2-20454679',16,4564,1),(56,'57e9335455a0a3-3484239257e9335455a894-87496069',16,4565,1),(57,'57e9337fa25b25-7837468557e9337fa261d0-65962184',16,4569,1),(58,'57e93394b91d71-9963717257e93394b923a2-22929334',16,4590,1),(59,'57e933a67c1654-7084100957e933a67c1ce2-62294402',16,4599,1),(60,'57e934cd8b3a82-7339768857e934cd8b4212-50790455',16,3986,1),(61,'57e934e78f35e0-7908320257e934e78f3c90-12658793',16,4063,1),(62,'57e93501903148-4598266457e935019037e4-17788109',16,4398,1),(63,'57e9351001c9e8-1001317557e9351001d052-65832864',16,4600,1),(64,'57e935eb73efa2-4922607357e935eb73f777-27611637',16,4056,1),(65,'57e935f93754d9-3749000557e935f9375cf6-69251971',16,4183,1),(66,'57e9360a335c48-4333100057e9360a336387-03669848',16,4322,1),(67,'57e936b520b8c2-1546419957e936b520bf33-56523526',16,3969,1),(68,'57e936ca59fd71-7845088857e936ca5a03f7-02664392',16,4001,1),(69,'57e936fd6d3dd5-5776166557e936fd6d4629-93905204',16,4156,1),(70,'57e937160defa2-4526739657e937160df604-11480698',16,4253,1),(71,'57e93736e85a05-8747350757e93736e86203-53378286',16,4286,1),(72,'57e9376375c667-8257022157e9376375cd03-37898981',16,4322,1),(73,'57e9377234f8d4-9833693457e9377234ff44-35515961',16,4479,1),(74,'57e937ed2152f5-1761476257e937ed2159d2-29214031',16,4596,1),(75,'57e938181dd684-8644212057e938181ddd20-81449385',16,3969,1),(76,'57e938e0289411-1561211057e938e0289af1-35323963',16,3909,1),(77,'57e938f09cc483-5777246357e938f09ccb18-55541772',16,3981,1),(78,'57e9390419d349-8694524457e9390419db89-43747457',16,3983,1),(79,'57e9392638ceb4-1482378657e9392638d617-97709592',16,3988,1),(80,'57e939b448b691-7519520957e939b448be10-24899294',16,4075,1),(81,'57e93ad1e97fd0-9634185657e93ad1e98793-80925313',16,3914,1),(82,'57e93ae701e653-6526503257e93ae701ed89-49150715',16,3928,1),(83,'57e93afd70b2b8-4542185857e93afd70b945-56277036',16,3935,1),(84,'57e93b0cb4d284-7642725757e93b0cb4d998-91566957',16,3992,1),(85,'57e93b203b6221-3581566757e93b203b68b2-03405230',16,4020,1),(86,'57e93b39451f67-7710830057e93b39452745-48701195',16,4024,1),(87,'57e93b6032f637-3691440657e93b6032fdd9-34233366',16,4090,1),(88,'57e93b83391447-1611940357e93b83391b86-67846455',16,4186,1),(89,'57e93ba16b0b69-8002745557e93ba16b1150-82346321',16,4199,1),(90,'57e93bbbc04067-3868344357e93bbbc046d0-53440149',16,4220,1),(91,'57e93bd47068c3-9466889657e93bd4706f99-45323052',16,4243,1),(92,'57e93be9dfe892-2467320357e93be9dfef23-74582585',16,4257,1),(93,'57e93c07c431b6-8335454257e93c07c437d0-95417621',16,4262,1),(94,'57e93c1d60da44-3991263657e93c1d60e2b8-37378710',16,4294,1),(95,'57e93c37c655e7-6292641057e93c37c65d09-51035181',16,4341,1),(96,'57e93c5033d028-7119655557e93c5033d711-50190058',16,4348,1),(97,'57e93c670ddee9-4324244857e93c670de612-84468909',16,4353,1),(98,'57e93c797a7b82-3220407857e93c797a8269-20865694',16,4432,1),(99,'57e93ca54d9b34-2043187257e93ca54da375-35673389',16,4510,1),(100,'57e93cbe7e5929-9369860457e93cbe7e6086-97837037',16,4532,1),(101,'57e93d15064456-6682022157e93d15064b13-71376075',16,4262,1),(102,'57e93d2b2e5c89-8558225057e93d2b2e6311-26433433',16,4566,1),(103,'57e93e57ec8be6-7538974757e93e57ec9252-00269869',16,3975,1),(104,'57e93ec1aa1a12-0023994457e93ec1aa2193-19664599',16,3918,1),(105,'57e93edabbf761-2729347657e93edabbfe09-28860505',16,3938,1),(106,'57e93eec261cb6-8645346657e93eec262370-25233038',16,4268,1),(107,'57e93f01eaa0a5-8886180157e93f01eaa824-92082801',16,4472,1),(108,'57e93f0f7844e5-6696750957e93f0f784c62-22956249',16,4489,1),(109,'57e93f1f06c896-1882651357e93f1f06d0a8-86661668',16,4497,1),(110,'57e93fe9563a61-6338881157e93fe95641c3-17237866',16,3996,1),(111,'57e94003c8b0a5-1895887057e94003c8b724-64267753',16,4246,1),(112,'57e940c1099721-6884177457e940c1099f37-09689559',16,4063,1),(113,'57e940f9531261-0921713457e940f9531899-44744417',16,3986,1),(114,'57e9419219ad46-1853195857e9419219b4e8-28239007',16,3916,1),(115,'57e941ac5f70d0-3637098257e941ac5f77c1-61549303',16,3924,1),(116,'57e941c876a274-6559090657e941c876a8d8-82456675',16,4120,1),(117,'57e941ef1e4443-2742812957e941ef1e4b12-14755618',16,4131,1),(118,'57e9420a0be081-3282865657e9420a0be732-54335587',16,4274,1),(119,'57e942481f42d9-7436471857e942481f49f3-25225513',16,4305,1),(120,'57e9426694c348-7697412157e9426694cbd5-21629664',16,4373,1),(121,'57e9428463fd28-8015429657e94284640439-68641677',16,4380,1),(122,'57e942a15af482-5920214157e942a15afbc0-64312971',16,4423,1),(123,'57e942b6bf64f5-8930007157e942b6bf6c32-98793022',16,4534,1),(124,'57e94345c353a7-2545178857e94345c35a68-62895833',16,3929,1),(125,'57e94358c264a0-1225784357e94358c26be5-13657265',16,4031,1),(126,'57e9436f86d295-2325247757e9436f86d8c1-75158103',16,4039,1),(127,'57e943a0cae0e9-6167535557e943a0cae8d1-33629651',16,4062,1),(128,'57e943bad0b5f9-2842386257e943bad0bcc7-81644616',16,4144,1),(129,'57e943cd5b3f16-2937895257e943cd5b45c8-17628602',16,4152,1),(130,'57e943e462d6b0-1403338457e943e462dd69-18106340',16,4159,1),(131,'57e9441549f556-1948502657e9441549fbf6-71499378',16,4167,1),(132,'57e9442f5a5237-4645916357e9442f5a58d5-95867870',16,4198,1),(133,'57e944454b83b3-6840960957e944454b8b40-91209846',16,4203,1),(134,'57e94456a9fa66-0698021557e94456aa00e4-55635879',16,4208,1),(135,'57e94480703f06-8094491257e94480704762-97716729',16,4223,1),(136,'57e944aaa975a2-5676575457e944aaa97c55-88635768',16,4271,1),(137,'57e944c74e4f93-0577116457e944c74e5788-90166028',16,4276,1),(138,'57e944db18d580-0374990057e944db18dc33-84936919',16,4359,1),(139,'57e944f1f075e9-2109367357e944f1f07d05-96288714',16,4389,1),(140,'57e94509b626f6-0795952057e94509b62d46-65783245',16,4403,1),(141,'57e9452595d412-8012284857e9452595dbf1-63919954',16,4407,1),(142,'57e9453be8bb08-7628019657e9453be8c279-18253216',16,4448,1),(143,'57e9456016ccc9-6335613957e9456016d372-60505827',16,4454,1),(144,'57e94573141794-9167155257e94573141f93-94809828',16,4571,1),(145,'57e94588489c49-7479755657e9458848a2f5-69641934',16,4580,1),(146,'57e9473d5db016-0168681757e9473d5db765-83349353',16,3949,1),(147,'57e94765270178-0915890857e94765270863-79543099',16,4518,1),(148,'57e94782c08c58-9578364957e94782c09367-37382398',16,4524,1),(149,'57e9479763dc55-9382783757e9479763e2a7-22482480',16,4538,1),(150,'57e94acb662e45-4847311157e94acb663583-67546475',16,3937,1),(151,'57e94aeacc68e6-0858052057e94aeacc70a1-49553371',16,4077,1),(152,'57e94b030f2218-0013558457e94b030f2985-71664532',16,4134,1),(153,'57e94b1cbdf569-8550603557e94b1cbdfc14-29563587',16,4366,1),(154,'57e94b96a42153-7571747457e94b96a42993-37562225',16,4338,1),(155,'57e94c31d081c4-8458844357e94c31d088d3-20167407',16,4177,1),(156,'57e95070511f10-6907717057e95070512651-04240705',16,4326,1),(157,'57e950a28edd34-7686490057e950a28ee3e4-06282344',16,4102,1),(158,'57e950c776ed00-8267792557e950c776f340-24292082',16,4034,1),(159,'57e950fa00b528-2843732457e950fa00bb60-36767561',16,4134,1),(160,'57e9510ddb96f8-2737693457e9510ddb9da1-65283897',16,4366,1),(161,'57e9511fc95e40-0516073757e9511fc96587-66900447',16,3937,1),(162,'57e95170d53c36-5336474057e95170d542c4-87202559',16,4077,1),(163,'57e9518ded8843-2164497957e9518ded8ef4-94572720',16,4027,1),(164,'57e951bf423d46-3610506557e951bf424540-28201932',16,4049,1),(165,'57e951da230f04-8782798157e951da2316c5-59835215',16,4053,1),(166,'57e9520a839b55-8814519957e9520a83a469-21084435',16,4316,1),(167,'57e9535dda1183-2300769757e9535dda1879-88011305',16,4123,1),(168,'57e9538621bb32-4737941857e9538621c1b1-38881158',16,4139,1),(169,'57e953a9762335-5555035557e953a97629d2-15579081',16,4059,1),(170,'57e953bac29ea6-6639957257e953bac2a7b2-87032145',16,4295,1),(171,'57e953c97da930-1445076057e953c97db0f9-94501241',16,4471,1),(172,'57e9779890f442-2142053957e9779890fb72-47683166',16,4144,1),(173,'57e977d4848d61-0455491657e977d4849493-35350582',16,4203,1),(174,'57e977fbae9f36-5887403557e977fbaea5e8-04695158',16,4223,1),(175,'57e9784cbc6170-1398910757e9784cbc6848-60107048',16,4281,1),(176,'57e97882107406-1025296357e97882107b78-34556416',16,4403,1),(177,'57e978a1eda2d0-6394922857e978a1eda997-36164599',16,4407,1),(178,'57e978c19554e4-9225997757e978c1955b10-83162741',16,4454,1),(179,'57e979064372b7-7483339257e97906437a51-84331947',16,4508,1),(180,'57e99035261724-9812950657e99035261e12-27324784',16,4501,1),(181,'57e990c2b78cf6-1624379657e990c2b794c0-88278070',16,4216,1),(182,'57e990e76e3ce1-1959026157e990e76e4549-01584306',16,4097,1),(183,'57e9912f9f1878-8810971457e9912f9f20e0-02285741',16,4524,1),(184,'57e991598e9850-2945947757e991598e9f09-13169940',16,4585,1),(185,'57e9917df1ff53-0607816557e9917df206c8-74752180',16,4163,1),(186,'57e99264926e06-9748590857e992649276d9-08884728',16,4535,1),(187,'57e9948681c078-6087102657e9948681c8c1-22870425',16,4393,1),(188,'57e994a767e291-6324426457e994a767ea90-56022530',16,4398,1),(189,'57e994c9ab44d6-0967390757e994c9ab4bb4-67538891',16,4417,1),(190,'57e9a0483174d9-5574247057e9a048317b53-31866910',16,3910,1),(191,'57e9a0592963b1-0722814857e9a0592969d2-74662132',16,3913,1),(192,'57e9a06b762135-5783974357e9a06b762880-53436067',16,3943,1);
/*!40000 ALTER TABLE `localcoordenador` ENABLE KEYS */;
UNLOCK TABLES;

--
-- Table structure for table `localcoordenadoritem`
--

DROP TABLE IF EXISTS `localcoordenadoritem`;
/*!40101 SET @saved_cs_client     = @@character_set_client */;
/*!40101 SET character_set_client = utf8 */;
CREATE TABLE `localcoordenadoritem` (
  `id` int(11) unsigned NOT NULL AUTO_INCREMENT,
  `idlocalcoordenador` int(11) unsigned DEFAULT NULL,
  `idcoordenador` int(11) unsigned DEFAULT NULL,
  PRIMARY KEY (`id`),
  KEY `idlocalcoordenador` (`idlocalcoordenador`),
  KEY `idcoordenador` (`idcoordenador`),
  CONSTRAINT `localcoordenadoritem_ibfk_1` FOREIGN KEY (`idlocalcoordenador`) REFERENCES `localcoordenador` (`id`) ON DELETE NO ACTION ON UPDATE NO ACTION,
  CONSTRAINT `localcoordenadoritem_ibfk_2` FOREIGN KEY (`idcoordenador`) REFERENCES `coordenador` (`id`) ON DELETE NO ACTION ON UPDATE NO ACTION
) ENGINE=InnoDB AUTO_INCREMENT=221 DEFAULT CHARSET=latin1;
/*!40101 SET character_set_client = @saved_cs_client */;

--
-- Dumping data for table `localcoordenadoritem`
--

LOCK TABLES `localcoordenadoritem` WRITE;
/*!40000 ALTER TABLE `localcoordenadoritem` DISABLE KEYS */;
INSERT INTO `localcoordenadoritem` (`id`, `idlocalcoordenador`, `idcoordenador`) VALUES (2,2,49),(3,3,51),(4,4,51),(5,5,51),(6,6,51),(7,7,11),(8,8,11),(9,9,11),(10,10,11),(11,11,51),(12,12,34),(13,13,34),(14,14,34),(15,15,34),(16,16,34),(17,17,34),(18,18,34),(19,19,6),(20,20,38),(21,21,38),(22,22,38),(23,23,38),(24,24,30),(25,25,30),(26,26,30),(27,27,48),(28,28,48),(29,29,29),(30,30,29),(31,31,53),(32,32,53),(33,33,53),(34,34,53),(35,35,40),(36,36,40),(37,37,40),(38,38,13),(39,39,13),(40,40,13),(41,41,13),(42,42,39),(43,43,39),(44,44,39),(45,45,39),(46,46,39),(47,47,39),(48,48,39),(49,49,39),(50,50,50),(51,51,50),(52,52,36),(53,53,36),(54,54,36),(55,55,36),(56,56,36),(57,57,36),(58,58,36),(59,59,36),(60,60,52),(61,61,52),(62,62,52),(63,63,52),(64,64,42),(65,65,42),(66,66,42),(67,67,41),(68,68,41),(69,69,41),(70,70,41),(71,71,41),(72,72,41),(73,73,41),(74,74,47),(75,75,47),(76,76,43),(77,77,43),(78,78,43),(79,79,43),(80,80,37),(81,80,35),(82,81,55),(83,82,55),(84,83,55),(85,84,55),(86,85,55),(87,86,55),(88,87,55),(89,88,55),(90,89,55),(91,90,55),(92,91,55),(93,92,55),(94,93,55),(95,94,55),(96,95,55),(97,96,55),(98,97,55),(99,98,55),(100,99,55),(101,100,55),(102,101,54),(103,102,54),(104,103,11),(105,104,36),(106,105,36),(107,106,36),(108,107,36),(109,108,36),(110,109,36),(111,110,40),(112,111,40),(113,112,52),(114,113,52),(115,114,57),(116,115,57),(117,116,57),(118,117,57),(119,118,57),(120,119,57),(121,120,57),(122,121,57),(123,122,57),(124,123,57),(125,124,56),(126,125,56),(127,126,56),(128,127,56),(129,128,56),(130,129,56),(131,130,56),(132,131,56),(133,132,56),(134,133,56),(135,134,56),(136,135,56),(137,136,56),(138,137,56),(139,138,56),(140,139,56),(141,140,56),(142,141,56),(143,142,56),(144,143,56),(145,144,56),(146,145,56),(147,146,58),(148,147,58),(149,148,58),(150,149,58),(151,150,2),(152,151,2),(153,152,2),(154,153,2),(155,154,3),(157,156,44),(158,157,44),(159,158,44),(160,159,44),(161,160,44),(162,161,44),(163,162,44),(164,163,44),(165,164,44),(166,165,44),(167,166,44),(168,167,46),(169,168,46),(170,169,46),(171,170,46),(172,171,46),(173,172,31),(174,172,33),(175,172,32),(176,173,31),(177,173,32),(178,173,33),(179,174,31),(180,174,32),(181,174,33),(182,175,31),(183,175,32),(184,175,33),(185,176,31),(186,176,33),(187,176,32),(188,177,31),(189,177,33),(190,177,32),(191,178,31),(192,178,32),(193,178,33),(194,179,31),(195,179,32),(196,179,33),(197,180,26),(198,181,27),(199,181,28),(200,182,24),(201,182,25),(202,183,22),(203,183,23),(204,184,21),(205,184,18),(206,185,19),(207,185,20),(208,186,45),(212,187,59),(213,187,60),(214,189,59),(215,189,60),(216,188,59),(217,188,60),(218,190,61),(219,191,61),(220,192,61);
/*!40000 ALTER TABLE `localcoordenadoritem` ENABLE KEYS */;
UNLOCK TABLES;

--
-- Table structure for table `localdelegado`
--

DROP TABLE IF EXISTS `localdelegado`;
/*!40101 SET @saved_cs_client     = @@character_set_client */;
/*!40101 SET character_set_client = utf8 */;
CREATE TABLE `localdelegado` (
  `id` int(11) unsigned NOT NULL AUTO_INCREMENT,
  `hash` varchar(60) DEFAULT NULL,
  `idcidade` int(11) unsigned DEFAULT NULL,
  `idlocalvotacao` int(11) DEFAULT NULL,
  `status` int(11) DEFAULT NULL,
  PRIMARY KEY (`id`),
  KEY `idcidade` (`idcidade`),
  KEY `idlocalvotacao` (`idlocalvotacao`),
  CONSTRAINT `localdelegado_ibfk_1` FOREIGN KEY (`idcidade`) REFERENCES `cidade` (`id`) ON DELETE NO ACTION ON UPDATE NO ACTION,
  CONSTRAINT `localdelegado_ibfk_2` FOREIGN KEY (`idlocalvotacao`) REFERENCES `localvotacao` (`id`) ON DELETE NO ACTION ON UPDATE NO ACTION
) ENGINE=InnoDB AUTO_INCREMENT=255 DEFAULT CHARSET=latin1;
/*!40101 SET character_set_client = @saved_cs_client */;

--
-- Dumping data for table `localdelegado`
--

LOCK TABLES `localdelegado` WRITE;
/*!40000 ALTER TABLE `localdelegado` DISABLE KEYS */;
INSERT INTO `localdelegado` (`id`, `hash`, `idcidade`, `idlocalvotacao`, `status`) VALUES (1,'57eadc32988799-5129314857eadc32988e71-02652000',16,3909,1),(2,'57eadc40e3f973-7384350557eadc40e40052-03393894',16,3914,1),(3,'57eadc8d4bd948-7330501957eadc8d4be128-34502720',16,4043,1),(4,'57eadc922cefd4-0201239657eadc922cf7e0-09861158',16,3910,1),(5,'57eadce0d630a5-8849202257eadce0d63739-17163123',16,3928,1),(6,'57eadd24580cd8-1064250257eadd24581366-99358718',16,3913,1),(7,'57eadd327627d7-2812022457eadd32762f14-68174855',16,3920,1),(8,'57eadd57bfe2e2-5787576957eadd57bfea57-41019467',16,3935,1),(9,'57eadd6909a998-5413577557eadd6909b136-92804292',16,3985,1),(10,'57eadd97c548a6-6700913457eadd97c54fb2-09064476',16,4089,1),(11,'57eadd9acc0df5-6659890357eadd9acc1656-06303219',16,3918,1),(12,'57eadda3031246-3691385357eadda3031989-57784233',16,3992,1),(13,'57eaddd57a4642-6880850057eaddd57a4d81-04760333',16,4106,1),(14,'57eadddc2e2118-6874123457eadddc2e2880-69048206',16,3920,1),(15,'57eadde189a2f3-0341629957eadde189aa57-15706037',16,4011,1),(16,'57eade0496a919-0166625257eade0496aff4-44565635',16,4117,1),(17,'57eade182e3719-5612530257eade182e3d83-02806490',16,3926,1),(18,'57eade3a196ae3-5133511857eade3a197279-70047637',16,4115,1),(19,'57eade45692377-2378147857eade45692994-34671239',16,4122,1),(20,'57eade81c8d306-8193215557eade81c8dae9-79194779',16,4171,1),(21,'57eadeb4c33896-5120683257eadeb4c34131-82022482',16,3931,1),(22,'57eadeb520ba39-3456491457eadeb520c0e5-65906922',16,4136,1),(23,'57eadec01dd677-9766698357eadec01ddcf8-42629682',16,4232,1),(24,'57eadeddbc09d1-2901841957eadeddbc1092-40777333',16,4020,1),(25,'57eadede7aa3f8-5189394557eadede7aab61-44535356',16,4137,1),(26,'57eadf195419f2-8855705957eadf195421e3-13948466',16,3938,1),(27,'57eadf1e93f4d4-7083532057eadf1e93fb23-67414438',16,4261,1),(28,'57eadf25046b51-8876765257eadf25047237-31072544',16,3929,1),(29,'57eadf2d258eb3-6020991557eadf2d259699-93185037',16,4300,1),(30,'57eadf6dcff078-7890146357eadf6dcff739-52079531',16,4481,1),(31,'57eadf7a322303-3644066657eadf7a3229e6-60593349',16,4283,1),(32,'57eadf80328c11-9385497357eadf80329300-75555273',16,3943,1),(33,'57eadfa2d225f9-5870385857eadfa2d22e52-78184129',16,4598,1),(34,'57eadfe5f01a23-4449130657eadfe5f021d8-39843084',16,3949,1),(35,'57eadff73714a6-4227678257eadff7371d35-96315061',16,4614,1),(36,'57eae01c894fa2-1513948357eae01c895605-61155233',16,4024,1),(37,'57eae03d668143-2729708057eae03d6687f7-63212647',16,3958,1),(38,'57eae04e6eb2d7-0967694557eae04e6eb8c3-12194810',16,3937,1),(39,'57eae0563957f3-2658640857eae056395e91-70530417',16,4031,1),(40,'57eae0bd96f8f9-6700076457eae0bd96ff43-00066579',16,3964,1),(41,'57eae0c196fbc3-3016038057eae0c19703c4-57558870',16,4186,1),(42,'57eae0cd5a8858-0471807257eae0cd5a8f08-95738853',16,3984,1),(43,'57eae10e0dad01-6866270457eae10e0db428-91462739',16,3974,1),(44,'57eae10e55f030-7777531057eae10e55f6f2-48421886',16,4199,1),(45,'57eae13a929448-9375821257eae13a929ba6-18763808',16,3911,1),(46,'57eae1412f89a8-0984341357eae1412f9095-48806483',16,4027,1),(47,'57eae15f6ef0a8-0637663357eae15f6ef772-05702642',16,3975,1),(48,'57eae16f97a890-7099928957eae16f97af24-02786298',16,4039,1),(49,'57eae1a71f2c20-8569326657eae1a71f32b9-85215707',16,4220,1),(50,'57eae1a8f2f7f4-7352525957eae1a8f2fe63-10246542',16,4034,1),(51,'57eae1afacd673-2619424057eae1afacde12-22985722',16,3981,1),(52,'57eae1c81236a3-1809003757eae1c8123e88-50508579',16,3954,1),(53,'57eae1fe1fe962-3894733857eae1fe1ff028-20482511',16,3983,1),(54,'57eae20161cfb7-7182848857eae20161d7a3-94701031',16,3969,1),(55,'57eae20e9b5910-0098528057eae20e9b60a1-39906883',16,4049,1),(56,'57eae225834ef9-6780438857eae225835607-33557048',16,4243,1),(57,'57eae278483575-7046469457eae2784841d6-58306177',16,3988,1),(58,'57eae2b5331b31-9661410957eae2b5332203-53770450',16,4257,1),(59,'57eae2e0c16379-4258774257eae2e0c16a52-25061964',16,4053,1),(60,'57eae30bbd4af9-7368688057eae30bbd51a9-12474818',16,4062,1),(61,'57eae324b0ca87-6366050957eae324b0d182-52912806',16,3989,1),(62,'57eae3ad784078-8180658257eae3ad784764-80093451',16,4262,1),(63,'57eae3eeb62e53-9387896357eae3eeb63595-74171005',16,3991,1),(64,'57eae3fc47fef7-8247476157eae3fc480588-84513880',16,4010,1),(65,'57eae3feaff9a1-8680836357eae3feb00060-61161911',16,4294,1),(66,'57eae477bb28a3-6097792957eae477bb2f58-03301974',16,4001,1),(67,'57eae556ea1685-6213727957eae556ea1d45-85114374',16,4056,1),(68,'57eae588210bf3-3532891757eae5882112e8-45541286',16,4341,1),(69,'57eae5c1c60ee0-2127986557eae5c1c615e0-91505019',16,4148,1),(70,'57eae5d5ac10f4-6455277757eae5d5ac1739-66355963',16,4304,1),(71,'57eae61ef0a475-3453062357eae61ef0ab74-09367044',16,4156,1),(72,'57eae6268eed16-2934369957eae6268ef390-47729145',16,4436,1),(73,'57eae666a4d9c9-1841689257eae666a4e0c9-35083887',16,4180,1),(74,'57eae6693c4cb2-7980979657eae6693c5549-48412200',16,4437,1),(75,'57eae678190711-8281701857eae678190e13-07243650',16,4348,1),(76,'57eae6966043e0-6024869957eae696604ab7-22941217',16,4010,1),(77,'57eae6994a86a0-9039291857eae6994a8ef9-37187149',16,4443,1),(78,'57eae6a5f36236-7603514257eae6a5f368f0-72426056',16,4144,1),(79,'57eae6aa5b2b57-6488364957eae6aa5b31a8-46575577',16,4183,1),(80,'57eae6cff3d743-4926306757eae6cff3de44-33952763',16,4447,1),(81,'57eae6f0cb9ee8-1112226957eae6f0cba5c2-02743825',16,4353,1),(82,'57eae6f1c65186-0202859057eae6f1c65883-72620524',16,4253,1),(83,'57eae73896ab81-5250260057eae73896b301-39255826',16,4493,1),(84,'57eae7472f1071-6229506157eae7472f1844-41063986',16,4045,1),(85,'57eae764263480-5804259157eae764263b31-42303487',16,4432,1),(86,'57eae773b043f0-9643667057eae773b04a83-86271084',16,4551,1),(87,'57eae783a0baf8-0340020957eae783a0c241-78074326',16,4286,1),(88,'57eae7d0974056-0634153257eae7d0974953-98759350',16,4322,1),(89,'57eae7d639a320-0732063857eae7d639a985-02435534',16,4075,1),(90,'57eae80f0e10c1-9884992157eae80f0e1918-58167194',16,4479,1),(91,'57eae81ef2f6c4-4544959257eae81ef2fd13-41337200',16,4152,1),(92,'57eae8418a7053-6384932057eae8418a7726-06609627',16,4532,1),(93,'57eae8c269b430-4327706457eae8c269bb65-24384912',16,4566,1),(94,'57eae8d81ee7c5-1416802357eae8d81eedf1-10402793',16,4080,1),(95,'57eae902521b79-9573374357eae902522304-83610022',16,4159,1),(96,'57eae920ec7826-2806588657eae920ec7e54-63800900',16,4077,1),(97,'57eae985a794c4-5055958957eae985a79cd1-86042724',16,4097,1),(98,'57eae986d46500-2907105857eae986d46b86-36842838',16,4102,1),(99,'57eae9f5247295-0001457357eae9f5247ac3-90880730',16,4163,1),(100,'57eae9f5ee66b6-6474962457eae9f5ee6d30-33090308',16,4510,1),(101,'57eaea1b5f17b0-7151488057eaea1b5f1e67-85873312',16,4134,1),(102,'57eaea41117185-5181949257eaea41117923-76933297',16,4177,1),(103,'57eaea82990135-2620346957eaea82990795-67369886',16,4316,1),(104,'57eaea867087a6-5331818157eaea86708dd0-72771462',16,4167,1),(105,'57eaeaae6a89d2-8138011357eaeaae6a9057-86000978',16,4090,1),(106,'57eaeab5aa29c6-5397011557eaeab5aa3068-98885036',16,3916,1),(107,'57eaeabf2ab195-9415000257eaeabf2ab818-77118803',16,4216,1),(108,'57eaeada24ae69-9163128457eaeada24b4d7-41942080',16,3922,1),(109,'57eaeb209b34b9-9556872457eaeb209b3c33-28453031',16,4600,1),(110,'57eaeb54cac909-6955908957eaeb54cacfe7-35034723',16,4268,1),(111,'57eaeb641a7f21-8563088157eaeb641a8644-91031188',16,3939,1),(112,'57eaeb6eee6e77-2387343057eaeb6eee7738-08476252',16,4574,1),(113,'57eaeb832ebdd6-7020805757eaeb832ec553-77538636',16,4326,1),(114,'57eaeb8d86c190-7302758957eaeb8d86c934-41912579',16,4617,1),(115,'57eaebad603394-2845636757eaebad603bf2-36837536',16,3941,1),(116,'57eaebba4ce4d5-1502373257eaebba4ceb66-81611044',16,4552,1),(117,'57eaebce795033-9908735257eaebce795718-97143389',16,4311,1),(118,'57eaebd70f4796-7839885557eaebd70f4ea2-72746957',16,3924,1),(119,'57eaebfa93a849-2176434457eaebfa93b069-42661192',16,4605,1),(120,'57eaebfe424f57-8545943657eaebfe425659-77612040',16,4338,1),(121,'57eaebfe8e2e31-7435503957eaebfe8e34f3-77175002',16,4473,1),(122,'57eaec169f9c33-5759226757eaec169fa343-92725646',16,3947,1),(123,'57eaec1891c5d4-8894087857eaec1891cc42-77761697',16,4335,1),(124,'57eaec38c1cb73-3913515057eaec38c1d344-07498561',16,4471,1),(125,'57eaec54e6f6f8-9305993757eaec54e6fdd1-15255889',16,4599,1),(126,'57eaec561af9d3-1582633157eaec561b0097-83233518',16,4366,1),(127,'57eaec62e74945-9311183457eaec62e75019-76444797',16,4344,1),(128,'57eaec6ae0bc61-5413030757eaec6ae0c337-61625888',16,3978,1),(129,'57eaec823552c5-3993698157eaec82355b11-25903555',16,4468,1),(130,'57eaecc507e1b2-7779339657eaecc507eb17-26464647',16,4412,1),(131,'57eaecc5430334-9875125657eaecc5430ac1-00041123',16,4590,1),(132,'57eaecca7654b0-6716251257eaecca765cc6-39439543',16,4452,1),(133,'57eaecfe11e1a5-0413197757eaecfe11e848-64256101',16,3986,1),(134,'57eaed030ed239-7891450957eaed030ed959-34787372',16,4417,1),(135,'57eaed07895ef2-5273604457eaed078966b3-44275529',16,4439,1),(136,'57eaed162a50d2-8262819957eaed162a5719-31026116',16,4470,1),(137,'57eaed21cda982-1417919257eaed21cdb149-26725907',16,4585,1),(138,'57eaed52649184-4256591357eaed52649891-61335111',16,4398,1),(139,'57eaed52de19f3-8086278457eaed52de20e3-81199702',16,3996,1),(140,'57eaed5ceeaab5-9880230557eaed5ceeb103-93700926',16,4445,1),(141,'57eaed6f574d90-8314844457eaed6f5754d0-87963285',16,4582,1),(142,'57eaed8ce3f3e0-8946737457eaed8ce3faf9-43493179',16,4606,1),(143,'57eaeda046d6c0-7160331557eaeda046def9-11582382',16,4393,1),(144,'57eaedaf000178-4307414657eaedaf0007b6-08581722',16,4190,1),(145,'57eaedaf833c91-4534355057eaedaf834397-51139725',16,3998,1),(146,'57eaedbd26c4c1-5550410257eaedbd26cc53-74588407',16,4579,1),(147,'57eaedc4bc9ea8-5705391857eaedc4bca676-57760508',16,4472,1),(148,'57eaee086831f4-6554527157eaee08683978-77107606',16,4384,1),(149,'57eaee19a32fe1-3589751457eaee19a33681-10583834',16,4005,1),(150,'57eaee283e18b3-2192545357eaee283e20c2-80118358',16,4476,1),(151,'57eaee6cd6ec14-1351978457eaee6cd6f358-27548878',16,4485,1),(152,'57eaee6ee806b7-6881230757eaee6ee80df6-43454271',16,4016,1),(153,'57eaee89daebe8-6431553657eaee89daf340-28065848',16,4120,1),(154,'57eaee8a1de8b7-2563597457eaee8a1df020-54187441',16,4198,1),(155,'57eaee9a015e14-8458770057eaee9a016553-04937962',16,4569,1),(156,'57eaeea0122ca1-1421276557eaeea01234a9-93710971',16,4362,1),(157,'57eaeeccd68f90-5452390457eaeeccd69649-09899261',16,4487,1),(158,'57eaeedf37ad75-8042743057eaeedf37b3c8-26214742',16,4052,1),(159,'57eaef06d93997-9734574357eaef06d94068-98470107',16,4564,1),(160,'57eaef21288de7-6866627557eaef21289561-28133775',16,4307,1),(161,'57eaef314bd460-5696879457eaef314bdae1-56573815',16,4489,1),(162,'57eaef5bbbd879-5451710657eaef5bbbdf04-69414301',16,4563,1),(163,'57eaef654a15f6-0883573357eaef654a1dc4-51254775',16,4295,1),(164,'57eaef89a4e880-3341020557eaef89a4ef48-89899455',16,4059,1),(165,'57eaef920c8396-9882996857eaef920c8989-12678768',16,4490,1),(166,'57eaef941f9207-5804391057eaef941f9937-92283568',16,4203,1),(167,'57eaef9f6338f8-4165375457eaef9f6340b6-70944034',16,4131,1),(168,'57eaefb1974fd0-9880052457eaefb19757f2-15541080',16,4561,1),(169,'57eaefebc87d56-5153321457eaefebc88416-05851300',16,4497,1),(170,'57eaefff8a5d57-4733579157eaefff8a6477-90204854',16,4063,1),(171,'57eaefff9133d0-7357372157eaefff913a68-24825214',16,4560,1),(172,'57eaf00f57f889-1304756357eaf00f580016-23407140',16,4290,1),(173,'57eaf01bb97b60-3140749157eaf01bb98315-03549917',16,4208,1),(174,'57eaf034da1234-2987574957eaf034da1950-57962260',16,4499,1),(175,'57eaf057b6e667-3476778057eaf057b6ed83-84926335',16,4066,1),(176,'57eaf05e011c94-5044352257eaf05e012342-07861913',16,4240,1),(177,'57eaf0610dcd59-5567574257eaf0610dd422-53980977',16,4559,1),(178,'57eaf0613de0c6-9447297057eaf0613de853-94102539',16,4251,1),(179,'57eaf0866bec59-1444249057eaf0866bf2d8-58541468',16,4501,1),(180,'57eaf099b6a3f4-1225943657eaf099b6aa96-05807247',16,4246,1),(181,'57eaf0a1f3c623-1315245557eaf0a1f3ce27-84485732',16,4556,1),(182,'57eaf0ac7b9f58-0506911457eaf0ac7ba584-74007906',16,4083,1),(183,'57eaf0cddd93b7-8205843957eaf0cddd9ba1-41085740',16,4274,1),(184,'57eaf0e0ab0452-4799174357eaf0e0ab0c33-74672435',16,4228,1),(185,'57eaf0f9f2c078-4837976257eaf0f9f2c718-27061210',16,4223,1),(186,'57eaf13b32ddd0-4834848557eaf13b32e5e4-53525018',16,4107,1),(187,'57eaf13d566f73-8692165057eaf13d567643-81488844',16,4513,1),(188,'57eaf1714b1100-7880055957eaf1714b1903-54749523',16,4139,1),(189,'57eaf1b4ac6374-9292569457eaf1b4ac6a56-98377068',16,4118,1),(190,'57eaf1d035ac98-9383669357eaf1d035b588-55726899',16,4518,1),(191,'57eaf1fa586f77-3457963157eaf1fa587789-85140493',16,4135,1),(192,'57eaf2120e09b7-2496637057eaf2120e1298-90118253',16,4302,1),(193,'57eaf214296193-6336066457eaf214296924-54457108',16,4123,1),(194,'57eaf219763c28-4576415257eaf2197642a6-22739737',16,4271,1),(195,'57eaf2df2f4714-8490762357eaf2df2f4ea4-13125144',16,4522,1),(196,'57eaf32ce56564-4105839157eaf32ce56be3-24007095',16,4580,1),(197,'57eaf33d1fe9b1-4181295957eaf33d1ff1e7-44194262',16,4524,1),(198,'57eaf37357ee85-2997632857eaf37357f571-42554111',16,4305,1),(199,'57eaf394557a36-4475388957eaf394558100-46940937',16,4528,1),(200,'57eaf3b6ddb169-5317520557eaf3b6ddb955-33258570',16,4571,1),(201,'57eaf3d1130246-4195999857eaf3d1130a56-29919321',16,4535,1),(202,'57eaf3eb0d6cc2-8465321657eaf3eb0d7355-98722077',16,4508,1),(203,'57eaf3fd99e2b1-1425843657eaf3fd99e927-75174023',16,4332,1),(204,'57eaf410122d00-2966951857eaf4101233e6-83378094',16,4538,1),(205,'57eaf41e4d3bd2-8169472057eaf41e4d4261-19235188',16,4454,1),(206,'57eaf4546dde54-4914943457eaf4546de506-00804813',16,4542,1),(207,'57eaf46a785803-2744140657eaf46a785ec2-86576318',16,4373,1),(208,'57eaf480b93453-4801365457eaf480b93c34-05917267',16,4448,1),(209,'57eaf488486562-7165063357eaf488486c35-86908012',16,4545,1),(210,'57eaf4c0a14d54-5647699457eaf4c0a155d2-19890052',16,4550,1),(211,'57eaf4e9169e80-0521997957eaf4e916a5f5-42946607',16,4276,1),(212,'57eaf51ce88ab4-7728221157eaf51ce89334-75807671',16,4407,1),(213,'57eaf565b65b46-4090653757eaf565b663e4-49193271',16,4403,1),(214,'57eaf631643e38-1872061357eaf6316444a4-41429174',16,4607,1),(215,'57eaf67c148b50-7802847857eaf67c149472-44847546',16,4389,1),(216,'57eaf69ed79122-6464845757eaf69ed79900-86577869',16,4534,1),(217,'57eaf6da911fe3-0527082857eaf6da9126b8-35404920',16,4533,1),(218,'57eaf6e5dbcd09-8847670357eaf6e5dbd395-26477632',16,4359,1),(219,'57eaf721726738-5024334857eaf721726e23-86711097',16,4423,1),(220,'57eaf759495a48-1839211257eaf759496129-64305957',16,4380,1),(221,'57eaf794739969-9526498257eaf79473a0e9-74676136',16,4281,1),(222,'57eaf79eade454-9115581857eaf79eadead6-63356177',16,4380,1),(223,'57ebf21c413488-8938399257ebf21c413bf1-14880583',16,4036,1),(224,'57ebf307ae47b5-9233660357ebf307ae50a2-65033215',16,4096,1),(225,'57ebf3ca51d863-0550677057ebf3ca51df04-56655640',16,4088,1),(226,'57ebf6f852d492-3263063857ebf6f852db97-77784119',16,4140,1),(227,'57ec1b5aa18784-3034968157ec1b5aa18e63-96977726',16,4182,1),(228,'57ec1b980fe5c6-4287029857ec1b980fecc8-57644252',16,4236,1),(229,'57ec1c50820f82-1334459957ec1c508217d4-23727537',16,4388,1),(230,'57ec1c8774b7c3-7793267257ec1c8774be57-48607585',16,4138,1),(231,'57ec1ccc0885b5-8665474857ec1ccc088c77-35455552',16,4465,1),(232,'57ec1d44e7d7a3-8526785757ec1d44e7deb1-75452206',16,4491,1),(233,'57ec1d682c0540-1277463157ec1d682c0bf7-29517332',16,4523,1),(234,'57ec1d8d425b03-9993785157ec1d8d426286-10632873',16,4592,1),(235,'57ec1dcfb77683-0741585557ec1dcfb77ed3-98102934',16,3917,1),(236,'57ec1e09a20da6-5849839257ec1e09a214e4-70349155',16,3930,1),(237,'57ec1e319c9c52-3571678557ec1e319ca2e1-62759819',16,3987,1),(238,'57ec1e42584739-3386558257ec1e42584d93-18067670',16,4612,1),(239,'57ec1e540d6800-5561521257ec1e540d6ee4-23167217',16,4069,1),(240,'57ec1e6f0d9b88-9554586357ec1e6f0da2e5-32524003',16,4610,1),(241,'57ec1e7a4d48b8-6180566957ec1e7a4d8715-45582775',16,4111,1),(242,'57ec1e9157d603-1338068257ec1e9157dd71-97644744',16,4608,1),(243,'57ec1eb3c527b6-5114656757ec1eb3c53011-40846462',16,4127,1),(244,'57ec1ed06f4227-3070026957ec1ed06f48f2-94413803',16,4503,1),(245,'57ec1eecbe3ce7-7638713757ec1eecbe44a3-38579218',16,4486,1),(246,'57ec1ef3e62a45-7233136057ec1ef3e63161-23937846',16,4141,1),(247,'57ec1f081e18f0-1427004157ec1f081e1f97-33419331',16,4461,1),(248,'57ec1f1294c674-0809199557ec1f1294ccf1-36600629',16,4192,1),(249,'57ec1f2d017d65-8029437957ec1f2d018593-43840090',16,4427,1),(250,'57ec1f31c06bd6-6813989257ec1f31c07262-47175825',16,4213,1),(251,'57ec1f5d2ac287-6828061657ec1f5d2ac8c8-61726174',16,4282,1),(252,'57ec1f6eb866a3-5378274057ec1f6eb86de1-02312736',16,4370,1),(253,'57ec1f83e99405-5301017157ec1f83e99b20-04761131',16,4299,1),(254,'57ec1f972f5507-2863931757ec1f972f5d10-50838794',16,4318,1);
/*!40000 ALTER TABLE `localdelegado` ENABLE KEYS */;
UNLOCK TABLES;

--
-- Table structure for table `localdelegadoitem`
--

DROP TABLE IF EXISTS `localdelegadoitem`;
/*!40101 SET @saved_cs_client     = @@character_set_client */;
/*!40101 SET character_set_client = utf8 */;
CREATE TABLE `localdelegadoitem` (
  `id` int(11) unsigned NOT NULL AUTO_INCREMENT,
  `idlocaldelegado` int(11) unsigned DEFAULT NULL,
  `iddelegado` int(11) unsigned DEFAULT NULL,
  PRIMARY KEY (`id`),
  KEY `iddelegado` (`iddelegado`),
  CONSTRAINT `localdelegadoitem_ibfk_1` FOREIGN KEY (`iddelegado`) REFERENCES `delegado` (`id`) ON DELETE NO ACTION ON UPDATE NO ACTION
) ENGINE=InnoDB AUTO_INCREMENT=1938 DEFAULT CHARSET=latin1;
/*!40101 SET character_set_client = @saved_cs_client */;

--
-- Dumping data for table `localdelegadoitem`
--

LOCK TABLES `localdelegadoitem` WRITE;
/*!40000 ALTER TABLE `localdelegadoitem` DISABLE KEYS */;
INSERT INTO `localdelegadoitem` (`id`, `idlocaldelegado`, `iddelegado`) VALUES (1,1,70),(2,1,69),(3,1,2),(4,1,3),(5,1,1),(6,1,80),(7,1,53),(8,1,81),(9,2,64),(10,2,59),(11,2,55),(12,2,3),(13,2,1),(14,2,80),(15,2,53),(16,2,81),(17,3,3),(18,3,1),(19,3,80),(20,3,53),(21,3,81),(22,3,65),(23,3,7),(24,4,70),(25,4,69),(26,4,2),(27,4,3),(28,4,1),(29,4,80),(30,4,53),(31,4,81),(32,5,64),(33,5,59),(34,5,55),(35,5,3),(36,5,1),(37,5,80),(38,5,53),(39,5,81),(40,6,70),(41,6,69),(42,6,2),(43,6,3),(44,6,1),(45,6,80),(46,6,53),(47,6,81),(48,7,68),(49,8,64),(50,8,59),(51,8,55),(52,8,3),(53,8,1),(54,8,80),(55,8,53),(56,8,81),(57,9,67),(58,9,3),(59,9,1),(60,9,80),(61,9,53),(62,9,81),(63,10,3),(64,10,1),(65,10,80),(66,10,81),(67,10,53),(68,10,65),(69,10,7),(70,11,70),(71,11,69),(72,11,2),(73,11,3),(74,11,80),(75,11,53),(76,11,81),(77,11,1),(78,12,64),(79,12,59),(80,12,55),(81,12,3),(82,12,1),(83,12,80),(84,12,53),(85,12,81),(86,13,3),(87,13,1),(88,13,81),(89,13,80),(90,13,53),(91,13,65),(92,13,7),(93,14,68),(94,14,54),(95,14,71),(96,14,3),(97,14,1),(98,14,80),(99,14,53),(100,14,81),(101,14,57),(102,15,67),(103,15,3),(104,15,1),(105,15,80),(106,15,53),(107,15,81),(108,16,3),(109,16,1),(110,16,80),(111,16,53),(112,16,81),(113,16,65),(114,16,7),(115,17,70),(116,17,69),(117,17,2),(118,17,3),(119,17,1),(120,17,80),(121,17,53),(122,17,81),(123,18,67),(124,18,3),(125,18,1),(126,18,80),(127,18,53),(128,18,81),(129,19,3),(130,19,1),(131,19,80),(132,19,53),(133,19,81),(134,19,65),(135,19,7),(136,20,67),(137,20,3),(138,20,1),(139,20,80),(140,20,53),(141,20,81),(142,21,70),(143,21,69),(144,21,2),(145,21,3),(146,21,1),(147,21,80),(148,21,53),(149,21,81),(150,22,3),(151,22,1),(152,22,80),(153,22,53),(154,22,81),(155,22,65),(156,22,7),(157,23,67),(158,23,3),(159,23,1),(160,23,80),(161,23,53),(162,23,81),(163,24,64),(164,24,59),(165,24,55),(166,24,3),(167,24,1),(168,24,80),(169,24,53),(170,24,81),(171,25,3),(172,25,1),(173,25,80),(174,25,53),(175,25,81),(176,25,65),(177,25,7),(178,26,70),(179,26,69),(180,26,2),(181,26,3),(182,26,1),(183,26,80),(184,26,53),(185,26,81),(186,27,3),(187,27,1),(188,27,80),(189,27,53),(190,27,81),(191,27,65),(192,27,7),(193,28,68),(194,28,54),(195,28,71),(196,28,3),(197,28,1),(198,28,80),(199,28,53),(200,28,81),(201,28,57),(202,29,67),(203,29,3),(204,29,1),(205,29,80),(206,29,53),(207,29,81),(208,30,67),(209,30,3),(210,30,1),(211,30,80),(212,30,53),(213,30,81),(214,31,3),(215,31,1),(216,31,80),(217,31,53),(218,31,81),(219,31,65),(220,31,7),(221,32,70),(222,32,69),(223,32,2),(224,32,3),(225,32,1),(226,32,80),(227,32,53),(228,32,81),(229,33,67),(230,33,3),(231,33,1),(232,33,80),(233,33,53),(234,33,81),(235,34,70),(236,34,69),(237,34,2),(238,34,3),(239,34,1),(240,34,80),(241,34,53),(242,34,81),(243,35,67),(244,35,3),(245,35,1),(246,35,80),(247,35,53),(248,35,81),(249,36,64),(250,36,59),(251,36,55),(252,36,3),(253,36,1),(254,36,80),(255,36,81),(256,36,53),(257,37,70),(258,37,69),(259,37,2),(260,37,3),(261,37,1),(262,37,80),(263,37,53),(264,37,81),(265,38,79),(266,38,58),(267,38,3),(268,38,1),(269,38,80),(270,38,53),(271,38,81),(272,39,68),(273,39,54),(274,39,71),(275,39,3),(276,39,1),(277,39,80),(278,39,53),(279,39,81),(280,39,57),(281,40,70),(282,40,69),(283,40,2),(284,40,3),(285,40,1),(286,40,80),(287,40,53),(288,40,81),(289,41,64),(290,41,59),(291,41,55),(292,41,3),(293,41,1),(294,41,80),(295,41,53),(296,41,81),(297,42,79),(298,42,58),(299,42,3),(300,42,1),(301,42,80),(302,42,53),(303,42,81),(304,43,70),(305,43,69),(306,43,2),(307,43,3),(308,43,1),(309,43,80),(310,43,53),(311,43,81),(312,44,64),(313,44,59),(314,44,55),(315,44,3),(316,44,1),(317,44,80),(318,44,53),(319,44,81),(320,45,61),(321,45,3),(322,45,1),(323,45,80),(324,45,53),(325,45,81),(326,45,4),(327,46,79),(328,46,58),(329,46,3),(330,46,1),(331,46,80),(332,46,53),(333,46,81),(334,47,70),(335,47,69),(336,47,2),(337,47,3),(338,47,1),(339,47,80),(340,47,53),(341,47,81),(342,48,68),(343,48,54),(344,48,71),(345,48,3),(346,48,1),(347,48,80),(348,48,53),(349,48,81),(350,48,57),(351,49,59),(352,49,64),(353,49,55),(354,49,3),(355,49,1),(356,49,80),(357,49,53),(358,49,81),(359,50,79),(360,50,58),(361,50,3),(362,50,1),(363,50,80),(364,50,53),(365,50,81),(366,51,70),(367,51,69),(368,51,2),(369,51,3),(370,51,1),(371,51,80),(372,51,53),(373,51,81),(374,52,61),(375,52,3),(376,52,1),(377,52,80),(378,52,53),(379,52,81),(380,52,4),(381,53,70),(382,53,69),(383,53,2),(384,53,3),(385,53,1),(386,53,80),(387,53,53),(388,53,81),(389,54,61),(390,54,3),(391,54,1),(392,54,80),(393,54,53),(394,54,81),(395,54,4),(396,55,79),(397,55,58),(398,55,3),(399,55,1),(400,55,80),(401,55,53),(402,55,81),(403,56,64),(404,56,59),(405,56,55),(406,56,3),(407,56,1),(408,56,80),(409,56,53),(410,56,81),(411,57,70),(412,57,69),(413,57,2),(414,57,3),(415,57,1),(416,57,80),(417,57,53),(418,57,81),(419,58,64),(420,58,59),(421,58,55),(422,58,3),(423,58,1),(424,58,80),(425,58,53),(426,58,81),(427,59,79),(428,59,58),(429,59,3),(430,59,1),(431,59,80),(432,59,53),(433,59,81),(434,60,68),(435,60,54),(436,60,71),(437,60,3),(438,60,1),(439,60,80),(440,60,53),(441,60,81),(442,60,57),(443,61,70),(444,61,69),(445,61,2),(446,61,3),(447,61,1),(448,61,80),(449,61,53),(450,61,81),(451,62,64),(452,62,59),(453,62,55),(454,62,1),(455,62,3),(456,62,80),(457,62,53),(458,62,81),(459,63,61),(460,63,3),(461,63,1),(462,63,80),(463,63,53),(464,63,81),(465,63,4),(466,64,70),(467,64,69),(468,64,2),(469,64,3),(470,64,1),(471,64,80),(472,64,53),(473,64,81),(474,65,64),(475,65,59),(476,65,55),(477,65,3),(478,65,1),(479,65,80),(480,65,53),(481,65,81),(482,66,61),(483,66,3),(484,66,1),(485,66,80),(486,66,53),(487,66,81),(488,66,4),(489,67,61),(490,67,3),(491,67,1),(492,67,80),(493,67,53),(494,67,81),(495,67,4),(496,68,64),(497,68,59),(498,68,55),(499,68,3),(500,68,1),(501,68,80),(502,68,53),(503,68,81),(504,69,61),(505,69,3),(506,69,1),(507,69,80),(508,69,53),(509,69,81),(510,69,4),(511,70,3),(512,70,1),(513,70,80),(514,70,53),(515,70,81),(516,70,65),(517,70,7),(518,71,61),(519,71,3),(520,71,1),(521,71,80),(522,71,53),(523,71,81),(524,71,4),(525,72,3),(526,72,1),(527,72,80),(528,72,53),(529,72,81),(530,72,65),(531,72,7),(532,73,61),(533,73,3),(534,73,1),(535,73,80),(536,73,53),(537,73,81),(538,73,4),(539,74,3),(540,74,1),(541,74,80),(542,74,53),(543,74,81),(544,74,65),(545,74,7),(546,75,64),(547,75,59),(548,75,55),(549,75,3),(550,75,1),(551,75,80),(552,75,53),(553,75,81),(554,76,70),(555,76,69),(556,76,2),(557,76,3),(558,76,1),(559,76,80),(560,76,53),(561,76,81),(562,77,3),(563,77,1),(564,77,80),(565,77,53),(566,77,81),(567,77,65),(568,77,7),(569,78,68),(570,78,54),(571,78,71),(572,78,3),(573,78,1),(574,78,80),(575,78,53),(576,78,81),(577,78,57),(578,79,61),(579,79,3),(580,79,1),(581,79,80),(582,79,53),(583,79,81),(584,79,4),(585,80,3),(586,80,1),(587,80,80),(588,80,53),(589,80,81),(590,80,65),(591,80,7),(592,81,64),(593,81,59),(594,81,55),(595,81,3),(596,81,1),(597,81,80),(598,81,53),(599,81,81),(600,82,61),(601,82,3),(602,82,1),(603,82,80),(604,82,53),(605,82,81),(606,82,4),(607,83,3),(608,83,1),(609,83,80),(610,83,53),(611,83,81),(612,83,65),(613,83,7),(614,84,70),(615,84,69),(616,84,2),(617,84,3),(618,84,1),(619,84,80),(620,84,53),(621,84,81),(622,85,64),(623,85,59),(624,85,55),(625,85,3),(626,85,1),(627,85,80),(628,85,53),(629,85,81),(630,86,3),(631,86,1),(632,86,80),(633,86,53),(634,86,81),(635,86,65),(636,86,7),(637,87,61),(638,87,3),(639,87,1),(640,87,80),(641,87,53),(642,87,81),(643,87,4),(644,88,61),(645,88,3),(646,88,1),(647,88,80),(648,88,53),(649,88,81),(650,88,4),(651,89,70),(652,89,69),(653,89,2),(654,89,3),(655,89,1),(656,89,53),(657,89,80),(658,89,81),(659,90,61),(660,90,3),(661,90,1),(662,90,80),(663,90,53),(664,90,81),(665,90,4),(666,91,68),(667,91,54),(668,91,71),(669,91,3),(670,91,1),(671,91,53),(672,91,80),(673,91,81),(674,91,57),(675,92,64),(676,92,59),(677,92,55),(678,92,3),(679,92,1),(680,92,80),(681,92,53),(682,92,81),(685,94,70),(686,94,69),(687,94,2),(688,94,3),(689,94,1),(690,94,80),(691,94,53),(692,94,81),(693,95,68),(694,95,54),(695,95,71),(696,95,3),(697,95,1),(698,95,80),(699,95,53),(700,95,57),(701,95,81),(702,96,79),(703,96,58),(704,96,3),(705,96,1),(706,96,80),(707,96,53),(708,96,81),(709,93,53),(710,93,81),(711,93,64),(712,93,59),(713,93,55),(714,93,3),(715,93,1),(716,93,80),(717,97,70),(718,97,69),(719,97,2),(720,97,3),(721,97,1),(722,97,80),(723,97,53),(724,97,81),(725,98,79),(726,98,58),(727,98,3),(728,98,1),(729,98,80),(730,98,53),(731,98,81),(732,99,70),(733,99,69),(734,99,2),(735,99,3),(736,99,1),(737,99,80),(738,99,53),(739,99,81),(740,100,64),(741,100,59),(742,100,55),(743,100,3),(744,100,1),(745,100,80),(746,100,53),(747,100,81),(748,101,79),(749,101,58),(750,101,3),(751,101,1),(752,101,80),(753,101,53),(754,101,81),(755,102,70),(756,102,69),(757,102,2),(758,102,3),(759,102,1),(760,102,80),(761,102,53),(762,102,81),(763,103,79),(764,103,58),(765,103,3),(766,103,1),(767,103,80),(768,103,53),(769,103,81),(770,104,68),(771,104,54),(772,104,71),(773,104,3),(774,104,1),(775,104,53),(776,104,57),(777,104,81),(778,104,80),(779,105,64),(780,105,55),(781,105,59),(782,105,3),(783,105,1),(784,105,80),(785,105,53),(786,105,81),(787,106,3),(788,106,1),(789,106,80),(790,106,53),(791,106,81),(792,106,57),(793,106,4),(794,107,70),(795,107,69),(796,107,2),(797,107,3),(798,107,1),(799,107,80),(800,107,53),(801,107,81),(802,108,5),(803,108,56),(804,108,6),(805,108,63),(806,108,3),(807,108,1),(808,108,80),(809,108,53),(810,108,81),(811,109,5),(812,109,56),(813,109,6),(814,109,63),(815,109,3),(816,109,1),(817,109,80),(818,109,53),(819,109,81),(820,110,70),(821,110,69),(822,110,2),(823,110,3),(824,110,1),(825,110,80),(826,110,53),(827,110,81),(828,111,5),(829,111,56),(830,111,6),(831,111,3),(832,111,1),(833,111,80),(834,111,53),(835,111,81),(836,111,63),(837,112,5),(838,112,56),(839,112,6),(840,112,63),(841,112,3),(842,112,1),(843,112,80),(844,112,53),(845,112,81),(846,113,79),(847,113,58),(848,113,3),(849,113,1),(850,113,80),(851,113,53),(852,113,81),(853,114,70),(854,114,69),(855,114,2),(856,114,3),(857,114,1),(858,114,80),(859,114,53),(860,114,81),(861,115,5),(862,115,56),(863,115,6),(864,115,63),(865,115,3),(866,115,1),(867,115,80),(868,115,53),(869,115,81),(870,116,5),(871,116,56),(872,116,6),(873,116,63),(874,116,3),(875,116,1),(876,116,80),(877,116,53),(878,116,81),(879,117,70),(880,117,69),(881,117,2),(882,117,3),(883,117,1),(884,117,80),(885,117,53),(886,117,81),(887,118,4),(888,118,3),(889,118,80),(890,118,53),(891,118,66),(892,118,57),(893,118,1),(894,118,81),(895,119,70),(896,119,69),(897,119,2),(898,119,3),(899,119,1),(900,119,80),(901,119,53),(902,119,81),(903,120,79),(904,120,58),(905,120,3),(906,120,1),(907,120,80),(908,120,53),(909,120,81),(910,121,5),(911,121,56),(912,121,6),(913,121,63),(914,121,3),(915,121,1),(916,121,80),(917,121,53),(918,121,81),(919,122,5),(920,122,56),(921,122,6),(922,122,3),(923,122,63),(924,122,1),(925,122,80),(926,122,53),(927,122,81),(928,123,70),(929,123,69),(930,123,2),(931,123,3),(932,123,1),(933,123,80),(934,123,53),(935,123,81),(936,124,5),(937,124,56),(938,124,6),(939,124,63),(940,124,3),(941,124,1),(942,124,80),(943,124,53),(944,124,81),(945,125,70),(946,125,69),(947,125,2),(948,125,3),(949,125,1),(950,125,80),(951,125,53),(952,125,81),(953,126,79),(954,126,58),(955,126,3),(956,126,1),(957,126,80),(958,126,53),(959,126,81),(960,127,70),(961,127,69),(962,127,2),(963,127,3),(964,127,1),(965,127,80),(966,127,53),(967,127,81),(968,128,5),(969,128,56),(970,128,6),(971,128,63),(972,128,3),(973,128,1),(974,128,80),(975,128,53),(976,128,81),(977,129,5),(978,129,56),(979,129,6),(980,129,63),(981,129,3),(982,129,1),(983,129,80),(984,129,53),(985,129,81),(986,130,70),(987,130,69),(988,130,2),(989,130,3),(990,130,1),(991,130,80),(992,130,53),(993,130,81),(994,131,70),(995,131,69),(996,131,2),(997,131,3),(998,131,1),(999,131,80),(1000,131,53),(1001,131,81),(1002,132,5),(1003,132,56),(1004,132,6),(1005,132,63),(1006,132,3),(1007,132,1),(1008,132,80),(1009,132,53),(1010,132,81),(1011,133,5),(1012,133,56),(1013,133,6),(1014,133,63),(1015,133,3),(1016,133,1),(1017,133,80),(1018,133,53),(1019,133,81),(1020,134,5),(1021,134,56),(1022,134,6),(1023,134,63),(1024,134,3),(1025,134,1),(1026,134,80),(1027,134,53),(1028,134,81),(1029,135,70),(1030,135,69),(1031,135,2),(1032,135,3),(1033,135,1),(1034,135,80),(1035,135,53),(1036,135,81),(1037,136,79),(1038,136,58),(1039,136,3),(1040,136,1),(1041,136,80),(1042,136,53),(1043,136,81),(1044,137,70),(1045,137,69),(1046,137,2),(1047,137,3),(1048,137,1),(1049,137,80),(1050,137,53),(1051,137,81),(1052,138,5),(1053,138,56),(1054,139,5),(1055,138,6),(1056,139,56),(1057,138,63),(1058,139,6),(1059,138,3),(1060,139,63),(1061,138,1),(1062,139,3),(1063,138,80),(1064,139,1),(1065,138,53),(1066,139,80),(1067,138,81),(1068,139,53),(1069,139,81),(1070,140,70),(1071,140,69),(1072,140,2),(1073,140,3),(1074,140,1),(1075,140,80),(1076,140,53),(1077,140,81),(1078,141,70),(1079,141,69),(1080,141,2),(1081,141,3),(1082,141,1),(1083,141,80),(1084,141,53),(1085,141,81),(1086,142,79),(1087,142,58),(1088,142,3),(1089,142,1),(1090,142,80),(1091,142,53),(1092,142,81),(1093,143,5),(1094,143,56),(1095,143,6),(1096,143,63),(1097,143,3),(1098,143,1),(1099,143,80),(1100,143,53),(1101,143,81),(1102,144,68),(1103,144,3),(1104,144,1),(1105,144,80),(1106,144,53),(1107,144,81),(1108,144,57),(1109,144,71),(1110,144,54),(1111,145,5),(1112,145,56),(1113,145,6),(1114,145,63),(1115,145,3),(1116,145,1),(1117,145,80),(1118,145,53),(1119,145,81),(1120,146,70),(1121,146,69),(1122,146,2),(1123,146,3),(1124,146,1),(1125,146,80),(1126,146,53),(1127,146,81),(1128,147,70),(1129,147,69),(1130,147,2),(1131,147,3),(1132,147,1),(1133,147,80),(1134,147,53),(1135,147,81),(1136,148,5),(1137,148,56),(1138,148,6),(1139,148,63),(1140,148,3),(1141,148,1),(1142,148,80),(1143,148,53),(1144,148,81),(1145,149,5),(1146,149,56),(1147,149,6),(1148,149,63),(1149,149,3),(1150,149,1),(1151,149,80),(1152,149,53),(1153,149,81),(1154,150,70),(1155,150,69),(1156,150,2),(1157,150,3),(1158,150,1),(1159,150,80),(1160,150,53),(1161,150,81),(1162,151,70),(1163,151,69),(1164,151,2),(1165,151,3),(1166,151,1),(1167,151,80),(1168,151,53),(1169,151,81),(1170,152,5),(1171,152,56),(1172,152,6),(1173,152,63),(1174,152,3),(1175,152,1),(1176,152,80),(1177,152,53),(1178,152,81),(1179,153,3),(1180,153,81),(1181,153,57),(1182,153,4),(1183,153,1),(1184,153,80),(1185,153,66),(1186,153,53),(1187,154,68),(1188,154,54),(1189,154,71),(1190,154,3),(1191,154,1),(1192,154,80),(1193,154,53),(1194,154,81),(1195,154,57),(1196,155,70),(1197,155,69),(1198,155,2),(1199,155,3),(1200,155,1),(1201,155,80),(1202,155,53),(1203,155,81),(1204,156,5),(1205,156,56),(1206,156,6),(1207,156,63),(1208,156,3),(1209,156,1),(1210,156,80),(1211,156,53),(1212,156,81),(1213,157,70),(1214,157,69),(1215,157,2),(1216,157,1),(1217,157,80),(1218,157,53),(1219,157,81),(1220,157,3),(1221,158,5),(1222,158,56),(1223,158,6),(1224,158,63),(1225,158,3),(1226,158,1),(1227,158,80),(1228,158,53),(1229,158,81),(1230,159,70),(1231,159,69),(1232,159,2),(1233,159,3),(1234,159,1),(1235,159,80),(1236,159,53),(1237,159,81),(1238,160,5),(1239,160,56),(1240,160,6),(1241,160,63),(1242,160,3),(1243,160,1),(1244,160,80),(1245,160,53),(1246,160,81),(1247,161,70),(1248,161,69),(1249,161,2),(1250,161,3),(1251,161,1),(1252,161,80),(1253,161,53),(1254,161,81),(1255,162,70),(1256,162,69),(1257,162,2),(1258,162,3),(1259,162,1),(1260,162,80),(1261,162,53),(1262,162,81),(1263,163,5),(1264,163,56),(1265,163,6),(1266,163,63),(1267,163,3),(1268,163,1),(1269,163,80),(1270,163,53),(1271,163,81),(1272,164,5),(1273,164,56),(1274,164,6),(1275,164,63),(1276,164,3),(1277,164,1),(1278,164,80),(1279,164,53),(1280,164,81),(1281,165,70),(1282,165,69),(1283,165,2),(1284,165,3),(1285,165,53),(1286,165,80),(1287,165,81),(1288,165,1),(1289,166,68),(1290,166,54),(1291,166,3),(1292,166,1),(1293,166,80),(1294,166,53),(1295,166,81),(1296,166,57),(1297,166,71),(1298,167,3),(1299,167,1),(1300,167,80),(1301,167,53),(1302,167,81),(1303,167,66),(1304,167,57),(1305,167,4),(1306,168,70),(1307,168,69),(1308,168,2),(1309,168,3),(1310,168,1),(1311,168,80),(1312,168,53),(1313,168,81),(1314,169,70),(1315,169,69),(1316,169,2),(1317,169,3),(1318,169,1),(1319,169,80),(1320,169,53),(1321,169,81),(1322,170,5),(1323,170,56),(1324,170,6),(1325,170,63),(1326,170,3),(1327,170,1),(1328,170,80),(1329,170,53),(1330,170,81),(1331,171,70),(1332,171,69),(1333,171,2),(1334,171,3),(1335,171,1),(1336,171,80),(1337,171,53),(1338,171,81),(1339,172,5),(1340,172,56),(1341,172,6),(1342,172,63),(1343,172,3),(1344,172,1),(1345,172,80),(1346,172,53),(1347,172,81),(1348,173,68),(1349,173,54),(1350,173,3),(1351,173,1),(1352,173,80),(1353,173,53),(1354,173,57),(1355,173,71),(1356,173,81),(1357,174,70),(1358,174,69),(1359,174,2),(1360,174,3),(1361,174,1),(1362,174,80),(1363,174,53),(1364,174,81),(1365,175,5),(1366,175,56),(1367,175,6),(1368,175,63),(1369,175,3),(1370,175,1),(1371,175,80),(1372,175,53),(1373,175,81),(1374,176,4),(1375,176,57),(1376,176,66),(1377,176,81),(1378,176,53),(1379,176,80),(1380,176,1),(1381,176,3),(1382,177,70),(1383,177,69),(1384,177,2),(1385,177,3),(1386,177,1),(1387,177,80),(1388,177,53),(1389,177,81),(1390,178,5),(1391,178,56),(1392,178,6),(1393,178,63),(1394,178,3),(1395,178,1),(1396,178,80),(1397,178,53),(1398,178,81),(1399,179,70),(1400,179,69),(1401,179,2),(1402,179,3),(1403,179,1),(1404,179,80),(1405,179,53),(1406,179,81),(1407,180,5),(1408,180,56),(1409,180,6),(1410,180,63),(1411,180,3),(1412,180,1),(1413,180,53),(1414,180,81),(1415,181,70),(1416,181,69),(1417,181,2),(1418,181,3),(1419,181,1),(1420,181,80),(1421,181,53),(1422,181,81),(1423,182,5),(1424,182,56),(1425,182,6),(1426,182,63),(1427,182,3),(1428,182,1),(1429,182,80),(1430,182,53),(1431,182,81),(1432,183,3),(1433,183,4),(1434,183,80),(1435,183,53),(1436,183,66),(1437,183,81),(1438,183,57),(1439,183,1),(1440,184,5),(1441,184,56),(1442,184,6),(1443,184,63),(1444,184,3),(1445,184,1),(1446,184,80),(1447,184,53),(1448,184,81),(1449,185,68),(1450,185,3),(1451,185,1),(1452,185,71),(1453,185,80),(1454,185,53),(1455,185,57),(1456,185,54),(1457,185,81),(1458,186,5),(1459,186,56),(1460,186,6),(1461,186,63),(1462,186,3),(1463,186,1),(1464,186,80),(1465,186,53),(1466,186,81),(1467,187,70),(1468,187,69),(1469,187,2),(1470,187,3),(1471,187,1),(1472,187,80),(1473,187,53),(1474,187,81),(1475,188,5),(1476,188,56),(1477,188,6),(1478,188,63),(1479,188,3),(1480,188,1),(1481,188,80),(1482,188,53),(1483,188,81),(1484,189,5),(1485,189,56),(1486,189,6),(1487,189,63),(1488,189,3),(1489,189,1),(1490,189,80),(1491,189,53),(1492,189,81),(1493,190,70),(1494,190,69),(1495,190,2),(1496,190,3),(1497,190,1),(1498,190,80),(1499,190,53),(1500,190,81),(1501,191,5),(1502,191,56),(1503,191,6),(1504,191,63),(1505,191,3),(1506,191,1),(1507,191,80),(1508,191,53),(1509,191,81),(1510,192,3),(1511,192,1),(1512,192,81),(1513,192,80),(1514,192,57),(1515,192,66),(1516,192,53),(1517,192,4),(1518,193,5),(1519,193,56),(1520,193,6),(1521,193,63),(1522,193,3),(1523,193,1),(1524,193,80),(1525,193,53),(1526,193,81),(1527,194,68),(1528,194,54),(1529,194,3),(1530,194,1),(1531,194,53),(1532,194,80),(1533,194,71),(1534,194,57),(1535,194,81),(1536,195,70),(1537,195,69),(1538,195,2),(1539,195,3),(1540,195,1),(1541,195,80),(1542,195,53),(1543,195,66),(1544,196,68),(1545,196,54),(1546,196,71),(1547,196,3),(1548,196,1),(1549,196,80),(1550,196,53),(1551,196,81),(1552,196,57),(1553,197,70),(1554,197,69),(1555,197,2),(1556,197,3),(1557,197,1),(1558,197,80),(1559,197,53),(1560,197,81),(1561,198,3),(1562,198,80),(1563,198,53),(1564,198,66),(1565,198,81),(1566,198,4),(1567,198,1),(1568,198,57),(1569,199,70),(1570,199,69),(1571,199,2),(1572,199,1),(1573,199,3),(1574,199,80),(1575,199,53),(1576,199,81),(1577,200,68),(1578,200,54),(1579,200,71),(1580,200,3),(1581,200,1),(1582,200,80),(1583,200,53),(1584,200,81),(1585,200,57),(1586,201,70),(1587,201,69),(1588,201,2),(1589,201,3),(1590,201,1),(1591,201,80),(1592,201,53),(1593,201,81),(1594,202,68),(1595,202,54),(1596,202,71),(1597,202,3),(1598,202,1),(1599,202,80),(1600,202,53),(1601,202,81),(1602,202,57),(1603,203,3),(1604,203,4),(1605,203,57),(1606,203,53),(1607,203,80),(1608,203,66),(1609,203,81),(1610,203,1),(1611,204,70),(1612,204,69),(1613,204,2),(1614,204,3),(1615,204,1),(1616,204,80),(1617,204,53),(1618,204,81),(1627,205,3),(1628,205,1),(1629,205,68),(1630,205,80),(1631,205,53),(1632,205,57),(1633,205,71),(1634,205,81),(1635,205,54),(1636,206,70),(1637,206,69),(1638,206,2),(1639,206,3),(1640,206,1),(1641,206,80),(1642,206,53),(1643,206,81),(1644,207,3),(1645,207,4),(1646,207,1),(1647,207,57),(1648,207,66),(1649,207,81),(1650,207,53),(1651,207,80),(1652,208,68),(1653,208,54),(1654,208,71),(1655,208,3),(1656,208,1),(1657,208,80),(1658,208,53),(1659,208,81),(1660,208,57),(1661,209,70),(1662,209,69),(1663,209,2),(1664,209,3),(1665,209,1),(1666,209,80),(1667,209,53),(1668,209,81),(1669,210,70),(1670,210,69),(1671,210,2),(1672,210,3),(1673,210,1),(1674,210,80),(1675,210,53),(1676,210,81),(1677,211,68),(1678,211,54),(1679,211,71),(1680,211,3),(1681,211,1),(1682,211,80),(1683,211,53),(1684,211,81),(1685,211,57),(1686,212,68),(1687,212,54),(1688,212,71),(1689,212,3),(1690,212,1),(1691,212,80),(1692,212,53),(1693,212,81),(1694,212,57),(1695,213,68),(1696,213,54),(1697,213,71),(1698,213,3),(1699,213,1),(1700,213,80),(1701,213,53),(1702,213,81),(1703,213,57),(1704,214,3),(1705,214,1),(1706,214,80),(1707,214,53),(1708,214,66),(1709,214,81),(1710,214,57),(1711,214,4),(1712,215,68),(1713,215,54),(1714,215,71),(1715,215,3),(1716,215,1),(1717,215,80),(1718,215,53),(1719,215,81),(1720,215,57),(1721,216,3),(1722,216,1),(1723,216,80),(1724,216,53),(1725,216,66),(1726,216,81),(1727,216,57),(1728,216,4),(1729,217,3),(1730,217,1),(1731,217,80),(1732,217,53),(1733,217,66),(1734,217,81),(1735,217,57),(1736,217,4),(1737,218,68),(1738,218,54),(1739,218,71),(1740,218,3),(1741,218,1),(1742,218,80),(1743,218,53),(1744,218,81),(1745,219,3),(1746,219,1),(1747,219,80),(1748,219,53),(1749,219,66),(1750,219,81),(1751,219,57),(1752,219,4),(1753,220,3),(1754,220,4),(1755,220,1),(1756,220,80),(1757,220,53),(1758,220,57),(1759,220,66),(1760,220,81),(1761,221,68),(1762,221,54),(1763,221,71),(1764,221,3),(1765,221,1),(1766,221,53),(1767,221,81),(1768,221,57),(1769,221,80),(1770,222,3),(1771,222,1),(1772,222,80),(1773,222,53),(1774,222,66),(1775,222,81),(1776,222,57),(1777,222,4),(1778,223,3),(1779,223,1),(1780,223,80),(1781,223,53),(1782,223,81),(1783,224,3),(1784,224,1),(1785,224,53),(1786,224,80),(1787,224,81),(1788,225,3),(1789,225,1),(1790,225,53),(1791,225,80),(1792,225,81),(1793,226,3),(1794,226,1),(1795,226,53),(1796,226,80),(1797,226,81),(1798,227,3),(1799,227,1),(1800,227,53),(1801,227,80),(1802,227,81),(1803,228,3),(1804,228,1),(1805,228,53),(1806,228,81),(1807,228,80),(1808,229,3),(1809,229,1),(1810,229,80),(1811,229,53),(1812,229,81),(1813,230,3),(1814,230,1),(1815,230,53),(1816,230,80),(1817,230,81),(1818,231,3),(1819,231,1),(1820,231,53),(1821,231,80),(1822,231,81),(1823,232,3),(1824,232,1),(1825,232,53),(1826,232,80),(1827,232,81),(1828,233,3),(1829,233,1),(1830,233,53),(1831,233,80),(1832,233,81),(1833,234,3),(1834,234,1),(1835,234,53),(1836,234,80),(1837,234,81),(1838,235,3),(1839,235,1),(1840,235,80),(1841,235,53),(1842,235,81),(1843,236,3),(1844,236,1),(1845,236,53),(1846,236,80),(1847,236,81),(1848,237,3),(1849,237,1),(1850,237,53),(1851,237,80),(1852,237,81),(1853,238,3),(1854,238,1),(1855,238,80),(1856,238,53),(1857,238,81),(1858,239,3),(1859,239,1),(1860,239,53),(1861,239,80),(1862,239,81),(1863,240,3),(1864,240,1),(1865,240,53),(1866,240,80),(1867,240,81),(1868,241,3),(1869,241,1),(1870,241,53),(1871,241,80),(1872,241,81),(1873,242,3),(1874,242,1),(1875,242,53),(1876,242,80),(1877,242,81),(1878,243,3),(1879,243,1),(1880,243,53),(1881,243,80),(1882,243,81),(1883,244,3),(1884,244,1),(1885,244,53),(1886,244,80),(1887,244,81),(1888,245,3),(1889,245,1),(1890,245,53),(1891,245,80),(1892,245,81),(1893,246,3),(1894,246,1),(1895,246,53),(1896,246,80),(1897,246,81),(1898,247,3),(1899,247,1),(1900,247,53),(1901,247,80),(1902,247,81),(1903,248,3),(1904,248,1),(1905,248,53),(1906,248,80),(1907,248,81),(1908,249,3),(1909,249,1),(1910,249,53),(1911,249,80),(1912,249,81),(1913,250,3),(1914,250,1),(1915,250,53),(1916,250,80),(1917,250,81),(1918,251,3),(1919,251,1),(1920,251,53),(1921,251,80),(1922,251,81),(1923,252,3),(1924,252,1),(1925,252,53),(1926,252,80),(1927,252,81),(1928,253,3),(1929,253,1),(1930,253,53),(1931,253,80),(1932,253,81),(1933,254,3),(1934,254,1),(1935,254,53),(1936,254,80),(1937,254,81);
/*!40000 ALTER TABLE `localdelegadoitem` ENABLE KEYS */;
UNLOCK TABLES;

--
-- Table structure for table `localfiscal`
--

DROP TABLE IF EXISTS `localfiscal`;
/*!40101 SET @saved_cs_client     = @@character_set_client */;
/*!40101 SET character_set_client = utf8 */;
CREATE TABLE `localfiscal` (
  `id` int(11) unsigned NOT NULL AUTO_INCREMENT,
  `hash` varchar(60) DEFAULT NULL,
  `idcidade` int(11) unsigned DEFAULT NULL,
  `local` varchar(255) DEFAULT NULL,
  `status` int(11) DEFAULT NULL,
  PRIMARY KEY (`id`),
  KEY `idcidade` (`idcidade`),
  KEY `idlocalvotacao` (`local`),
  CONSTRAINT `localfiscal_ibfk_1` FOREIGN KEY (`idcidade`) REFERENCES `cidade` (`id`) ON DELETE NO ACTION ON UPDATE NO ACTION
) ENGINE=InnoDB AUTO_INCREMENT=270 DEFAULT CHARSET=latin1;
/*!40101 SET character_set_client = @saved_cs_client */;

--
-- Dumping data for table `localfiscal`
--

LOCK TABLES `localfiscal` WRITE;
/*!40000 ALTER TABLE `localfiscal` DISABLE KEYS */;
INSERT INTO `localfiscal` (`id`, `hash`, `idcidade`, `local`, `status`) VALUES (2,'57dc99be47a1e2-2503735957dc99be47aa16-59536541',16,'INSTITUTO DE DEFESA AGROPECUÁRIA E FLORESTAL DO ACRE - IDAF ',1),(3,'57dc9a7dd6ffe6-8264773957dc9a7dd708b0-13810560',16,'INSTITUTO NACIONAL DE COLONIZAÇÃO E REFORMA AGRÁRIA  INCRA ',1),(4,'57dc9acb7d9932-3796731057dc9acb7da074-97287687',16,'UNOPAR',1),(5,'57dc9c157982b6-8947304757dc9c15798bc0-65625023',16,'DEPARTAMENTO DE PRODUÇÃO ANIMAL DA SECRETARIA DE DES. AGRÁRIO',1),(6,'57dc9c92843032-0181245157dc9c928436a3-86834619',16,'ESCOLA CASTELO BRANCO',1),(7,'57dc9d4c1b0b78-2439707357dc9d4c1b1365-87187766',16,'COLÉGIO DE APLICAÇÃO DA UFAC ',1),(8,'57dc9e1a82d907-8320661557dc9e1a82e225-28057855',16,'ESCOLA PROF. JOSÉ RODRIGUES LEITE',1),(9,'57dc9e84c88d88-8512842357dc9e84c89689-62509863',16,'PALÁCIO DAS SECRETARIAS ',1),(10,'57dc9ecf81d0e9-7393268357dc9ecf81d841-69203443',16,'SECRETARIA DA FAZENDA ',1),(11,'57dca2f57d2e38-5071943257dca2f57d36f5-42063236',16,'CENTRO EDUCACIONA LATU-SENSU (ANTIGO COLEGIO SANTA MARIA)',1),(12,'57dca3c86898c6-9828184557dca3c8689ff3-86334565',16,'CENTRO DE REFERÊNCIAS E INOVAÇÕES PARA EDUCAÇÃO - CRIE ',1),(13,'57dca4665c4f63-3451892057dca4665c56b9-77633823',16,'COLÉGIO BARÃO DO RIO BRANCO ',1),(14,'57dca4fa32c5d3-9896232957dca4fa32cf02-77652830',16,'PREFEITURA MUNIC. DE RIO BRANCO ',1),(15,'57dca550ea06e5-4714483657dca550ea0ee0-15798525',16,'ASSEMBLÉIA LEGISLATIVA ',1),(16,'57dca5765f92b8-2284345057dca5765f9a64-09418064',16,'BIBLIOTECA PÚBLICA ESTADUAL ',1),(17,'57dca6076ebbc4-5196232857dca6076ec2f7-99811358',16,'CENTRO DE EDUCAÇÃO DE JOVENS E ADULTOS - CEJA',1),(18,'57dca7fbc8c108-9356714657dca7fbc8c862-70886421',16,'COLÉGIO ACREANO ',1),(19,'57dca8a21efa75-5490224857dca8a21f01a7-60718505',16,'COMPANHIA DE ELETRICIDADE DO ACRE  ELETROACRE ',1),(20,'57dca97edd0c72-8760511657dca97edd14a5-20406966',16,'ESCOLA DOM GIOCONDO MARIA GROTTI',1),(21,'57dcaa3bc88872-3306674257dcaa3bc8a2a7-14065456',16,'ESCOLA SAMUEL BARREIRA ',1),(22,'57dcaac3d0ef86-1428692657dcaac3d0f747-06339065',16,'PREDIO DA COHAB-ACRE',1),(23,'57dd5b180d7943-5847327257dd5b180d80c3-12056544',16,'ESCOLA ESTADUAL PREOFESSORA ELOZIRA DOS SANTOS TOME',1),(24,'57dd5ba7c215f0-6136110457dd5ba7c21e40-35846205',16,'ESCOLA PAULO FREIRE ',1),(25,'57dd5beb516683-6829264057dd5beb516de5-18645453',16,'ESCOLA EUFROSINA SILVA OLIVEIRA',1),(26,'57dd5cf1939b83-3143592857dd5cf193a481-29157238',16,'ESCOLA DUQUE DE CAXIAS ',1),(27,'57dd5e4a1f1313-5529760557dd5e4a1f1bd9-76281305',16,'UNIDADE DE SAUDE DA FAMILIA ELPIDIO MOREIRA SOUZA',1),(28,'57dd5e7205d4d0-7568100257dd5e7205de58-72755275',16,'ESCOLA DE ENSINO FUNDAMENTA ARACY CERQUEIRA',1),(29,'57dd5eae94f930-6674030757dd5eae950197-29325589',16,'CRECHE MUNICIPAL GUMERCINDO BESSA',1),(31,'57dd600375e855-9896061857dd600375ef13-37981651',16,'ESCOLA ESTADUAL DJALMA TELES GALDINO',1),(32,'57dd6042a37880-9991947957dd6042a38099-87769848',16,'ESCOLA ESTADUAL RURAL BEIJA-FLOR ',1),(33,'57dd60c8350ab1-8386670057dd60c8351394-97273156',16,'ESCOLA MUNICIPAL JESSE SANTIAGO',1),(35,'57dd626224ea40-0708756557dd626224f147-37545102',16,'ESCOLA PUBLICA ALCIMAR LEITAO',1),(36,'57dd637ed038d0-8694585457dd637ed04018-94953329',16,'ESCOLA MADRE HILDEBRANDA DA PRÁ ',1),(37,'57dd641caa50b3-9562284257dd641caa58e6-37437239',16,'ESCOLA RAIMUNDO HERMINIO DE MELO',1),(38,'57dd64330e75f8-0857743757dd64330e7e98-25939883',16,'UFAC - UNIVERSIDADE FEDERAL DO ACRE',1),(39,'57dd644e17aa33-5551031357dd644e17b0e0-62158983',16,'CENTRO DE SAUDE SOUZA ARAÚJO ',1),(40,'57dd654e380de3-2337600857dd654e381601-01899135',16,'ESCOLA PROFESSOR PEDRO MARTINELLO',1),(41,'57dd667c5df0d1-6219395257dd667c5df842-06971509',16,'ESCOLA JOSE SALES DE ARAULO',1),(42,'57dd672e17d536-3187544757dd672e17dd79-89205670',16,'ESCOLA JORNALISTA JOSÉ CHALUB LEITE ',1),(43,'57dd6937587793-9109292657dd6937588048-79849235',16,'ESCOLA PROF. TEREZINHA MIGUÉS ',1),(44,'57dd69f7abce21-0449760657dd69f7abd5d2-28462960',16,'ESCOLA PUBLICA RAIMUNDO GOMES DE OLIVEIRA',1),(45,'57dd6ac4904bb7-0076422657dd6ac49055c4-16980550',16,'ESCOLA ANA TURAN MACHADO FALCÃO ',1),(46,'57dd6bf814e4b8-9556571157dd6bf814eca2-68226675',16,'ESCOLA ACREANA DE MUSICA (ANT CENTRO CULTURAL)',1),(47,'57dd6c23a17cf2-0983984657dd6c23a185c3-94413239',16,'INSTITUTO IMACULADA CONCEIÇÃO  CENEC ',1),(48,'57dd6c5b4590e7-5201934857dd6c5b459990-40653117',16,'CENTRO DE TECNOLOGIA DA MADEIRA E DO MOBILIARIO (SESI)',1),(49,'57dd6cb599ece7-2926648957dd6cb599f415-01211564',16,'DERACRE ',1),(50,'57dd6dadd39e29-3099075957dd6dadd3a5e9-87085959',16,'CÂMARA MUNICIPAL DE RIO BRANCO ',1),(51,'57dd6dbd239136-5578554357dd6dbd239970-56325255',16,'ESCOLA ISMAEL GOMES DE CARVALHO',1),(53,'57dd6e376f0050-9723792857dd6e376f0851-74678002',16,'CRECHE MUNICIPAL JAIRO JUNIOR',1),(54,'57dd6e542a11d2-2657858457dd6e542a1a24-39684077',16,'ESCOLA ESTADUAL ARMANDO NOGEUIRA',1),(55,'57dd6ea143e0c7-6746221257dd6ea143ea23-71760660',16,'ESCOLA ESTADUAL RURAL JORGE KALUME',1),(57,'57dd6f53d2bfc4-7300522357dd6f53d2c6e7-09922964',16,'ESCOLA JOELMA OLIVEIRA DE LIMA',1),(58,'57dd700bce5048-7265131457dd700bce58c0-58510433',16,'ESCOLA DEP. RAIMUNDO HERMÍNIO DE MELO ',1),(59,'57dd707dc3d487-4586838357dd707dc3dd94-74904604',16,'UNIDADE DE SAUDE DA FAMILIA PLATILDE OLIVEIRA DA SILVA',1),(60,'57dd7093a0db37-0559687957dd7093a0e4a3-35339701',16,'ESCOLA IRMA MARIA GABRIELA SOARES',1),(61,'57dd70db9378c6-5272180557dd70db937fd8-78886232',16,'ESCOLA LOURIVAL SOMBRA',1),(62,'57dd71699bdcb1-0251257757dd71699be3e7-43978193',16,'ESCOLA MARIA ANGÉLICA DE CASTRO ',1),(63,'57dd71fbbb3e70-9719193557dd71fbbb45d5-78510121',16,'AGÊNCIA DO INSS CENTRO ',1),(64,'57dd7228adc058-4340343857dd7228adc8b8-02919486',16,'ESCOLA NATALINO DA SILVEIRA BRITO',1),(65,'57dd72530976c3-4951080457dd7253097de0-19710832',16,'CORREIOS ',1),(66,'57dd730338f340-3126302557dd730338fd21-38926610',16,'ESCOLA ANTÔNIA FERNANDES DE FREITAS ',1),(67,'57dd730e0b7d74-9626952257dd730e0b83b9-90632474',16,'CONSELHO REGIONAL DE ENFERMAGEM DO ACRE - COREN',1),(68,'57dd746a262c70-6923568457dd746a263559-40435231',16,'SEAPROF',1),(69,'57dd7584bfe2c3-0778361357dd7584bfec63-42885425',16,'SEDSS (ANTIGA FUMBESA)',1),(70,'57dd7633a34cb1-9430365757dd7633a35450-02994871',16,'FIEAC',1),(71,'57dd765e7d9240-3307220357dd765e7d99a4-00214842',16,'ESCOLA PADRE CARLOS CASAVECCHIA',1),(72,'57dd76be55ed11-5657640857dd76be55f6d3-33309469',16,'DETRAN-AC',1),(73,'57dd7849307b15-4065508157dd7849308381-07084239',16,'CENTRO ESTADUAL DE ATENDIMENTO AO DEFICIENTE VISUAL',1),(74,'57dd7902afe3a0-0988083857dd7902afea35-88725191',16,'SECRETARIA DE ESTADO DE OBRAS PÚBLICAS - SEOP ',1),(75,'57dd85b714ba58-6204485757dd85b714c100-14403641',16,'ESCOLA ROBERTO SANCHES MUBARAC ',1),(76,'57dd85f49463e1-5951308957dd85f4946b44-57736425',16,'PARQUE CAPITÃO CIRÍACO ',1),(77,'57dd87595c8946-0728587857dd87595c8fe2-76997873',16,'ESCOLA JOÃO MARIANO ',1),(78,'57dd8868686ac2-4433078257dd88686872f2-73616910',16,'ESCOLA PROF. ELIAS MANSOUR ',1),(79,'57dd88cd560d11-8151388357dd88cd561624-95560356',16,'CENTRO DE SAUDE CLÁUDIA VITORINO ',1),(80,'57dd897a36eec3-0947807757dd897a36f717-94834441',16,'ESCOLA MUNICIPAL DJANIRA BEZERRA ',1),(81,'57dd8a631e0fa6-4327508557dd8a631e16f2-58088455',16,'ESCOLA ANITA GARIBALDI ',1),(82,'57dd8af0e37c47-0458085057dd8af0e38399-72414499',16,'ESCOLA LOURIVAL PINHO ',1),(83,'57dd8d7ae4b5d1-4687183657dd8d7ae4bd48-24806712',16,'ESCOLA PROF. SEBASTIÃO PEDROSA - ARENA DA FLORESTA ',1),(84,'57dd8e7267ee76-0144985657dd8e7267f6a7-14955388',16,'ESCOLA DR. CARLOS VASCONCELOS ',1),(85,'57dd8f77df0662-8453120757dd8f77df0e76-31771630',16,'ESCOLA IRACEMA GOMES PEREIRA ',1),(86,'57dd907eb5a104-1170590457dd907eb5a8d1-18731420',16,'CENTRO DE ESPORTES UNIFICADO - CEU',1),(87,'57dd9b5c5b72b0-5195569157dd9b5c5b7b73-48628876',16,'DELEGACIA DO MINISTÉRIO DO TRABALHO ',1),(88,'57dd9ccd0d3d83-9359204657dd9ccd0d4674-13633653',16,'FORUM BARÃO DO RIO BRANCO',1),(89,'57dd9d9219e642-7132041457dd9d9219ef24-33830143',16,'SEBRAE ',1),(90,'57dd9fb83fe2e2-2591621457dd9fb83feb64-75951245',16,'INSTITUTO SÃO JOSÉ ',1),(91,'57dda014ac1304-2894241557dda014ac1997-29817947',16,'COLEGIO VITÓRIA',1),(92,'57dda160b785e5-2483969357dda160b78cf6-88048434',16,'ESCOLA VOVO MOCINHA',1),(93,'57dda5288be788-1432020557dda5288bf0a6-59168740',16,'DETRAN - LOCAL DE VISTORIAS',1),(94,'57dda69b7602a6-4941423557dda69b760a45-61693168',16,'ESCOLA DE ENSINO MEDIO GLORIA PEREZ',1),(95,'57dda6af7123b6-7849244457dda6af712c33-80601300',16,'ESCOLA LUIZ DE CARVALHO FONTINELLE',1),(96,'57dda77cdd6092-4793679457dda77cdd6945-38832392',16,'IAPEN - INSTITUTO DE ADMINISTRACAO PENITENCIARIA ESTADUAL',1),(97,'57dda7f32dd464-4848917357dda7f32ddb97-71999324',16,'PREDIO DO INSS',1),(98,'57dda878443630-4206504857dda878443df0-28402631',16,'CONAB - SUP. MUNICIPAL DE TRANSPORTE E TRÂNSITO',1),(99,'57dda9708d1109-5887719757dda9708d18d1-82115020',16,'ESCOLA DOUTOR JOAO AGUIAR',1),(100,'57dda99ab355b9-1469421257dda99ab35cf7-72832763',16,'SEC. EST. DE DESENV. FLORESTAL, DA IND., DO COM. E SERV. SUSTENTAVEIS',1),(101,'57ddaa4100a762-3224558657ddaa4100af63-65358363',16,'SEME  SECRETARIA MUNICIPAL DE EDUCACAO ',1),(102,'57ddaa92547a13-5550490457ddaa92548112-47946937',16,'SENAC',1),(103,'57ddab0222ef45-1345533057ddab0222f753-62100146',16,'ESCOLA DE ENSINO FUNDAMENTAL DO SERVIÇO SOCIAL DA INDÚSTRIA  SESI ',1),(104,'57ddaf5e619c85-2038153757ddaf5e61a3c1-69501023',16,'ESCOLA MUNICIPAL ANICE DIB JATENE',1),(105,'57ddb181b2f371-0020341757ddb181b2fcd9-33454677',16,'SECRETARIA DE ESTADO DE MEIO AMBIENTE - SEMA ',1),(106,'57ddb1c6a81386-2061177657ddb1c6a81a41-89762223',16,'SECRETARA DE ARTICULAÇÃO INSTITUCIONAL  SAI (ANTIGA PEQUENOS NEGÓCIOS) ',1),(107,'57ddb1f5d5e647-6621612957ddb1f5d5ef93-45542103',16,'INSTITUTO FEDERAL DO ACRE - IFAC',1),(108,'57ddb2120bde05-6927822057ddb2120be5c5-72695497',16,'SESC ',1),(109,'57ddb2d90f8e61-4447171057ddb2d90f9719-67621417',16,'ESCOLA PROFESSOR ALVARO VIEIRA DA ROCHA',1),(110,'57ddb2dc798222-0407509857ddb2dc7988f5-59691381',16,'SECRETARIA DE ESTADO DE COMUNICAÇÃO - SECOM ',1),(111,'57ddb30b506241-6915111257ddb30b506a26-85442495',16,'ESCOLA DE FORMACAO PROFISSIONAL - CAMPOS PEREIRA ',1),(112,'57ddb3588f3ea4-1772160057ddb3588f4603-04560029',16,'SECRETARIA DE ESTADO DE SAÚDE - SESACRE',1),(113,'57ddb3e4d90cb6-5066634957ddb3e4d91419-30573418',16,'FAAO - FACULDADE DA AMAZONIA OCIDENTAL',1),(114,'57ddb428422226-5198012057ddb428422a15-93165948',16,'TRIBUNAL REGIONAL DO TRABALHO',1),(115,'57ddb49a28a195-5870756757ddb49a28a935-44362049',16,'ESCOLA HUMBERTO SOARES ',1),(116,'57ddb4a0b46ad9-3802026757ddb4a0b47158-16740819',16,'IBGE ',1),(117,'57ddb4ba266453-2363134457ddb4ba266a86-34766267',16,'ESCOLA AME - ASSOCIACAO MODERNA DE ENSINO',1),(118,'57ddb563ad8c49-6562654257ddb563ad9336-89778093',16,'INSTITUTO DE MEIO AMBIENTE DO ACRE - IMAC ',1),(119,'57ddb8396b7588-7649875057ddb8396b7f27-25092771',16,'CENTRO CULTURAL THAUMATURGO FILHO',1),(120,'57ddb83970bcc3-2410175857ddb83970c394-27371253',16,'ESCOLA GEORGETE ELUAN KALUME ',1),(121,'57ddb989e74af5-3584559057ddb989e751c2-57232457',16,'PREDIO DA FUNDAÇÃO NACIONAL DE SAÚDE - FUNASA',1),(122,'57ddb9e1c3cf16-1000603957ddb9e1c3d866-28352679',16,'SENAI ',1),(123,'57ddb9e4d2c704-1615788357ddb9e4d2ce80-18035192',16,'PROCURADORIA GERAL DO ESTADO  PGE/AC ',1),(124,'57ddba5a270f30-2281542757ddba5a2715c9-42423525',16,'CENTRAL DE ARTICULAÇÃO DAS ENTIDADES DA SAÚDE - CADES ',1),(126,'57ddbcfcd15209-8638499757ddbcfcd15a50-40249436',16,'OCA RIO BRANCO',1),(127,'57ddbde695df34-2299744357ddbde695e680-78014497',16,'ESCOLA JORGE FELIX LAVOCAT',1),(128,'57ddbe51b5b792-5507364557ddbe51b5bfc9-37557420',16,'ESCOLA MARIA LÚCIA MOURA MARIN ',1),(129,'57ddbeda8c4394-0437237957ddbeda8c4a76-32239518',16,'ESCOLA DR. MARIO DE OLIVEIRA',1),(130,'57ddbf2f0f2a98-0919094357ddbf2f0f3323-49824326',16,'CENTRO DE SAÚDE VILA IVONETE ',1),(131,'57ddc0195faba0-1312329757ddc0195fb4f4-50002768',16,'FEDERAÇÃO DO COMÉRCIO  FECOMÉRCIO/AC ',1),(132,'57ddc0374d2566-5804300757ddc0374d2ca7-36760812',16,'INSTITUTO DE PREVIDÊNCIA DO ESTADO DO ACRE - ACREPREVIDÊNCIA ',1),(133,'57ddc207cca8b9-4993530857ddc207ccb170-63105436',16,'INSTITUTO DE EDUCACAO LOURENCO FILHO',1),(134,'57ddf22fd1a5f1-0168345657ddf22fd1acc6-00232634',16,'FORUM DA AVENIDA CEARA',1),(135,'57ddf30ebd6f56-4683300757ddf30ebd75a1-26459100',16,'TRIBUNAL DE CONTAS DO ESTADO DO ACRE',1),(136,'57ddf80414a928-7962382157ddf80414b089-53482186',16,'ESCOLA FRANCISCO SALGADO FILHO',1),(137,'57ddf9a2745c49-5094866657ddf9a27463b9-74230689',16,'COLEGIO META III',1),(138,'57ddfa3d71b767-5403392657ddfa3d71c040-66076553',16,'ESCOLA MUNICIPAL ANGELINA GONCALVES DE SOUZA',1),(139,'57ddfabe7ad290-8767155657ddfabe7ad9e5-49951776',16,'ESCOLA LUIZA BATISTA DE SOUZA',1),(140,'57ddfe3b2b9b02-7718194757ddfe3b2ba238-04525778',16,'ESCOLA PADRE DIOGO FEIJO',1),(141,'57ddfe93771117-5973461957ddfe937719f9-58244490',16,'ESCOLA CLINIO BRANDAO',1),(142,'57ddfef481bc31-7904601557ddfef481c4b9-38619582',16,'ESCOLA INFANTIL MONTEIRO LOBATO',1),(143,'57de001c0727c7-5537650657de001c072eb0-54398177',16,'DEPARTAMENTO DE VIGILÂNCIA SANITARIA',1),(144,'57de0251e9c693-0371687257de0251e9cdf5-99666153',16,'EMURB - EMPRESA MUNICIPAL DE URBANIZACAO DE RIO BRANCO',1),(145,'57de03b7925188-5519578357de03b79258b6-81119285',16,'ESCOLA INFANTIL BEM-TI-VI',1),(146,'57de0593659f17-9270063357de059365a590-79829686',16,'ASSOCIACAO PAIS E AMIGOS DOS EXCEPCIONAIS - APAE',1),(147,'57de06cf5d6839-0507370457de06cf5d6f32-24085384',16,'COLEGIO ALTERNATIVO',1),(148,'57de09b2cd5510-6955931257de09b2cd5c21-21344540',16,'ESCOLA HENRIQUE LIMA',1),(149,'57de0b8a10bef7-9058244857de0b8a10c618-15590180',16,'ESCOLA JUVENAL ANTUNES',1),(150,'57de0c19b83dc5-2513945657de0c19b84568-72038983',16,'CRECHE HILDA BRAGA',1),(151,'57de0d45927dc5-1859920557de0d45928534-93114827',16,'ESCOLA ALMADA BRITO',1),(152,'57de0e5f19e1f0-3358502657de0e5f19e884-84600294',16,'ESCOLA FRANCISCO AUGUSTO BACURAU',1),(153,'57de0fab52cc05-5617727757de0fab52d336-78444072',16,'ESCOLA ESTADUAL EDILSON FACANHA',1),(154,'57deb9f0719974-2008182557deb9f071a262-39129010',16,'CASEF (ANTIGO CENTO SOCIOEDUCATIVO DO ACRE) ',1),(155,'57deba81248b97-8846348957deba81249326-09792995',16,'ESCOLA MUNICIPAL MONTE CASTELO',1),(156,'57debeeaf3a092-4516133857debeeaf3a812-25889385',16,'ESCOLA ESTADUAL PROFESSOR RAIMUNDO BORGES',1),(157,'57debf59775628-0524139457debf59775e08-65267137',16,'ESCOLA LINDAURA MARTINS LEITAO',1),(158,'57dec00f66b083-9410152257dec00f66b9d3-60183122',16,'ESCOLA PUBLICA TEODOLINA FALCAO MACEDO',1),(159,'57dec508208287-1394798957dec508208a03-58405422',16,'ESCOLA PIMENTEL GOMES',1),(160,'57dec63e3d0691-9097136057dec63e3d0d44-24269711',16,'ESCOLA PROFESSORA BERTA VIEIRA DE ANDRADE',1),(161,'57dec6a8279995-3686604757dec6a827a172-31655601',16,'POSTO DE SAUDE DO SAO FRANCISCO - URAP',1),(162,'57dec71e0698a0-2152900957dec71e06a0a8-44211228',16,'CENTRO DA JUVENTUDE SAO FRANCISCO - CEJA',1),(163,'57dec768b390b5-6938205257dec768b39808-72939842',16,'ESCOLA ESTADUAL IZA MELLO',1),(164,'57dec82219a354-0121719557dec82219abb7-46044382',16,'ESCOLA PROFESSORA CLICIA GADELHA',1),(165,'57dec8936bc806-9199845257dec8936bcee2-93563910',16,'ESCOLA MARIANA DA SILVA OLIVEIRA (ANTIGA NAZARE DOURADO) ',1),(166,'57decb1895f596-0474967457decb1895fe69-84803965',16,'ESCOLA MUNICIPAL LUIZA CARNEIRO DANTAS ',1),(167,'57decb5c4de1f5-2011205457decb5c4de936-17834968',16,'UNIDADE DE SAÚDE DA FAMÍLIA  VITÓRIA ',1),(168,'57def0c916caf0-4213014957def0c916d184-94145956',16,'ESCOLA PUBLICA HELOISA MOURAO MARQUES',1),(169,'57def45ad5eb66-5323299457def45ad5f365-60512376',16,'ESCOLA SERAFIM SILVA SALGADO',1),(170,'57def58696e1d1-4972909257def58696eaa0-80270009',16,'SECRETARIA ESTADUAL DE EDUCACAO E CULTURA',1),(171,'57def664320086-0344368757def664320779-35776569',16,'ESCOLA PUBLICA AUREA PIRES',1),(172,'57def8133d4253-5046517357def8133d4aa3-65284218',16,'ESCOLA JOSE RIBAMAR BATISTA',1),(173,'57def9de6f8a70-5616128057def9de6f91a2-64419086',16,'ESCOLA FLAVIANO FLAVIO BAPTISTA',1),(174,'57defb03ba60a0-6640938557defb03ba6850-25394798',16,'ESCOLA DE EDUCACAO INFANTIL FREI PELEGRINO',1),(175,'57defb94235aa0-4812401157defb942361e5-63703218',16,'CENTRO DE REFERENCIA DA REGIONAL VI',1),(176,'57defcbdb46424-4754067557defcbdb46b87-00214907',16,'ESCOLA AYRTON SENA',1),(177,'57defd89390e55-9370776657defd89391706-59160082',16,'ESCOLA FREI THIAGO MARIA MATIOLI',1),(178,'57defe58696d70-1129829357defe58697521-72222327',16,'ESCOLA FRANCISCO DE PAULA OITICICA',1),(179,'57df006366c192-5828439757df006366c943-56046450',16,'ESCOLA GOVERNADOR JOSE AUGUSTO',1),(180,'57df0910002ab0-4940869957df0910003372-13144169',16,'ESCOLA MARILDA GOUVEIA VIANA',1),(181,'57df09db76f396-3929980657df09db76fb87-64725603',16,'ESCOLA MARIA RAIMUNDA BALBINO DA SILVA',1),(182,'57df0c85607907-4573179257df0c856080f9-49153574',16,'ESCOLA PROFESSOR AFONSO PINTO DE MEDEIROS',1),(183,'57df0d6b6ab405-9699329557df0d6b6abd22-20072173',16,'ESCOLA JOAO EDUARDO',1),(184,'57df11a47e1b49-5473435057df11a47e2272-99238287',16,'ESCOLA SANTA MARIA II ',1),(185,'57df12dc478442-1635444257df12dc478bc5-73182846',16,'ESCOLA ZULEIDE PEREIRA DE SOUZA ',1),(186,'57df148e1c5de9-4600128757df148e1c6696-30415851',16,'ESCOLA LEÔNCIO DE CARVALHO ',1),(187,'57df15be6937a5-9881290557df15be694090-12757435',16,'ESCOLA BENFICA ',1),(188,'57df16f67cee95-0967617257df16f67cf5a8-44604511',16,'SEST/SENAT ',1),(189,'57df1822ce9845-9301404657df1822cea301-02533792',16,'ESCOLA PROFESSORA MAURICILA SANTANA ',1),(190,'57df1e95c3be58-8553108257df1e95c3c4b2-89720461',16,'ESCOLA TRANCREDO NEVES',1),(191,'57df20525b8f65-7136367457df20525b9692-63990555',16,'ESCOLA JOAO PAULO II',1),(192,'57df2139afd3c4-8907374857df2139afda73-90084198',16,'SEMSUR - SECRETARIA MUNICIPAL DE SERVICOS URBANOS',1),(193,'57df272f78c1a6-9048767357df272f78c9c6-87775458',16,'ESCOLA PROFESSORA RAMONA M. P. DE CASTRO',1),(194,'57df2cea7511d2-3665169357df2cea7519b6-43322788',16,'ESCOLA BOA UNIAO',1),(195,'57df2df0246328-7670444357df2df0246a42-17752800',16,'IDAF - INSTITUTO DE AGROPECUARIA',1),(196,'57df31c555ede2-4059951957df31c555f664-25708835',16,'ESCOLA DOUTOR JOSÉ CARVALHO ',1),(197,'57df3305e182c7-6396664557df3305e189e1-81006784',16,'ESCOLA DR. JOSÉ CARVALHO ',1),(198,'57df346e984bb8-2622206857df346e985289-00914033',16,'ESCOLA INFANTIL CARMELITA BARBOSA MONTENEGRO ',1),(199,'57dff9586006c8-3207672657dff958600e35-10083703',16,'ESCOLA PRESBITERIANA JOÃO CALVINO',1),(201,'57e00fa5b50314-2229470257e00fa5b50949-62205442',16,'CENTRO CULTURA E SOCIAL LYDIA HAMMES (ANTIGO INPA)',1),(202,'57e0101f149dd5-4452444457e0101f14a517-69752447',16,'FUNDACAO BRADESCO',1),(203,'57e0104d4c2d11-1821405057e0104d4c3536-40877057',16,'TRIBUNAL DE JUSTIÇA',1),(204,'57e0118f6ccb45-5427894457e0118f6cd421-10262917',16,'UNINORTE',1),(205,'57e014d8485ac1-4447950557e014d84861d2-47210181',16,'ESCOLA JOAO PAULO I',1),(206,'57e01566252a08-7906406257e01566253190-43250102',16,'ESCOLA MARINA VICENTE GOMES',1),(207,'57e0172051eef5-5715431657e0172051f629-82709368',16,'INSTITUTO FEDERAL DO ACRE - IFAC DA BAIXADA',1),(208,'57e01ae1dc5291-3100111957e01ae1dc59d2-59489271',16,'GABINETE MILITAR DO GOVERNO DO ACRE ',1),(209,'57e01b370ed268-0126163157e01b370ed969-08392174',16,'SECRETARIA DAS CIDADES - ADM. PARQUE DA MATERNIDADE',1),(210,'57e01ba08de8b5-6623162757e01ba08df042-57671629',16,'ESCOLA ESTADUAL TUFIC ASSMAR ',1),(211,'57e01c70d59172-3353924557e01c70d599a3-39784540',16,'MINISTÉRIO DA AGRIC. PEC E ABAST/SUPERINTÊNDENCIA FEDERAL - MAPA/SFA ',1),(213,'57e01ea30c30a6-3312222157e01ea30c3988-52800941',16,'PESACRE ',1),(214,'57e043cf89e813-3816651657e043cf89ef39-87538780',16,'ESCOLA BELO JARDIM ',1),(217,'57e04c6a90e7f3-9466786757e04c6a90eed4-82815247',16,'ESCOLA MUNICIPAL JOSE POTYGUARA',1),(218,'57e0576629c710-2514240557e0576629ce70-25049195',16,'CENTRO DIA PARA IDOSOS',1),(219,'57e0579b458c92-9985178857e0579b4593b0-02284303',16,'ESCOLA CHRIZARUBINA LEITAO ABRAAO',1),(220,'57e058039995e0-4750563957e05803999cc0-36418157',16,'ESCOLA ESTADUAL ILKA MARIA DE LIMA',1),(221,'57e05f193db435-8639120757e05f193dbb44-58502826',16,'CRAS SANTA INÊS - CENTRO DE REFERÊNCIA DE ASSISTÊNCIA SOCIAL ',1),(222,'57e05fa6a96052-2193673857e05fa6a96859-97220020',16,'ESCOLA CHICO MENDES ',1),(225,'57e0602f4a8699-0742490757e0602f4a8ca4-13874250',16,'FACULDADE DE TEOLOGIA E FILOSOFIA NO RESIDENCIAL SANTO AFONSO - SINAL ',1),(229,'57e063a752f775-6116803257e063a752ffb3-89810417',16,'ESCOLA CLARICE FECURY ',1),(230,'57e0642f570897-1211892857e0642f571127-92221354',16,'ESCOLA OSCAR FELÍCIO DE SOUZA ',1),(231,'57e066580f0743-1368229057e066580f0e16-86961202',16,'ESCOLA PROFESSOR JOSUÉ FERNANDES',1),(232,'57e0683c203fe0-3008651157e0683c2046d8-08272724',16,'ESCOLA PROF RAIMUNDA SILVA PARÁ ',1),(233,'57e068b7279fd7-8933308957e068b727a608-07693481',16,'UNIDADE BÁSICA DE SAÚDE MARIA DA CONCEIÇÃO ',1),(234,'57e06c25336116-4169314457e06c253368a1-00420434',16,'ESCOLA PROFESSORA IONE PORTELA DA COSTA CASAS ',1),(235,'57e06ca97f92b4-4979296357e06ca97f9a71-01624668',16,'ESCOLA SHEILA MARIA NASSERALA',1),(236,'57e083fadf7cf7-2591731157e083fadf8426-19817651',16,'CEJA  MONTANHÊS',1),(237,'57e084505bb3d1-6637677457e084505bbb42-93783272',16,'CENTRO DE REFERENCIA DE ASSISTENCIA SOCIAL - CRAS',1),(238,'57e08492945855-5193747757e084929460b7-44281146',16,'ESCOLA MÁRIO LOBÃO',1),(239,'57e084f3ab1dc5-5288972557e084f3ab24e0-29124977',16,'HORTO FLORESTAL (SECRETARIA MUNCIPAL DE MAIO AMBIENTE  SEMEIA) ',1),(240,'57e15776b87c24-2689861157e15776b882e6-55933969',16,'UNIDADE DE SAUDE FRANCISCO RONEY MEIRELES',1),(241,'57e15bd25ae2d5-5815746857e15bd25aea34-21424384',16,'UIP  UNIDADE DE INTERNAÇÃO PROVISÓRIA ',1),(242,'57e15c0a38a885-1690984957e15c0a38b005-97695180',16,'JUNTA COMERCIAL DO ESTADO DO ACRE - JUCEAC ',1),(243,'57e16616d789d9-2454409957e16616d790e6-23598248',16,'ESCOLA ALEXANDRE DOS SANTOS LEITÃO ',1),(244,'57e2abc52ec7c7-4766404157e2abc52ecea4-40025498',16,'ESCOLA SAO FRANCISCO DE ASSIS',1),(246,'57e44202352014-0931156357e44202352825-78020533',16,'ESCOLA ESTADUAL MAJOR JOAO CÂNCIO',1),(247,'57e44270200829-1402780157e44270201081-03079279',16,'ESCOLA MANOEL TIAGO LINDOZO',1),(248,'57e44337605860-0437969357e443376060b4-13053152',16,'ESCOLA MUN. PROF. TEREZINHA MIGUEIS (PROJ. FIGUEIRA - INCRA)',1),(249,'57e443b78dfc54-2808577257e443b78e0407-60304132',16,'ESCOLA RURAL ALTO ALGRE II',1),(250,'57e446fbda5202-5692894557e446fbda5982-91558529',16,'ESCOLA RURAL PROF. CLAUDIO AUGUSTO F. DE SALES',1),(251,'57e448aa8d27d4-1783081657e448aa8d3161-68190040',16,'INSTITUTO DE DESENV. DE EDUCACAO PROF. DOM MOACIR (COL. AGRICOLA)',1),(252,'57e448e1dea631-2062942457e448e1deace6-48962704',16,'SEAFROF (TRANSACREANA)',1),(253,'57e4499fa82f71-6017400257e4499fa836e3-90818579',16,'ESCOLA SANTO ANTÔNIO II ',1),(254,'57e449cf3ba886-8768758657e449cf3baf63-49884750',16,'ESCOLA ERCÍLIA FEITOSA GOMES ',1),(255,'57e44a07bceb96-2052991457e44a07bcf2c5-87726631',16,'ESCOLA ESTADUAL RURAL MANOEL MACHADO ',1),(256,'57e44b7d762811-1822813557e44b7d762f27-77784809',16,'ESCOLA SÃO PEDRO I ',1),(257,'57e450f8ca0de0-4585575957e450f8ca1558-56708576',16,'ESCOLA ESTADUAL RURAL RUY AZEVEDO ',1),(258,'57e54458a94d44-9710161557e54458a953b2-13320791',16,'ESCOLA CAPITÃO EDGAR CERQUEIRA FILHO',1),(259,'57e5463be26f11-2133236257e5463be27626-72266838',16,'ESCOLA DOUTOR SANTIAGO DANTAS',1),(260,'57e546af109974-3296436457e546af10a085-73812539',16,'ESCOLA NELTEL MAIA',1),(261,'57e548fd253562-2493292257e548fd253c13-44565460',16,'ESCOLA PUBLICA MOZART DONIZETE',1),(262,'57e55721f36664-0330612857e55721f36e77-58946700',16,'ESCOLA PUBLICA ADALBERTO SENA',1),(263,'57e56053876cb2-0860862857e56053877423-16274401',16,'ESCOLA ESTADUAL MARIA CHALUB LEITE',1),(265,'57e560dd24ff40-5327131057e560dd250627-93357853',16,'ESCOLA ESTADUAL TEREZINHA KALUME',1),(266,'57e5618d5b3f66-9567386957e5618d5b4697-71846527',16,'ESCOLA DARCY VARGAS',1),(267,'57e5621a5e1613-2947952357e5621a5e1e05-11331539',16,'ESCOLA MUNICIPAL INFANTIL FRANCISCA ARAGAO DA SILVA',1),(268,'57e5627cec6896-3077302257e5627cec6fb7-60885922',16,'FAMETA',1),(269,'57eb04c0398b23-4245318057eb04c03992f3-56345862',16,'ESCOLA MUNICIPAL MARILENA DE AMORIM MANSOUR',1);
/*!40000 ALTER TABLE `localfiscal` ENABLE KEYS */;
UNLOCK TABLES;

--
-- Table structure for table `localfiscalitem`
--

DROP TABLE IF EXISTS `localfiscalitem`;
/*!40101 SET @saved_cs_client     = @@character_set_client */;
/*!40101 SET character_set_client = utf8 */;
CREATE TABLE `localfiscalitem` (
  `id` int(11) unsigned NOT NULL AUTO_INCREMENT,
  `idlocalfiscal` int(11) unsigned DEFAULT NULL,
  `secao` varchar(40) DEFAULT NULL,
  `idfiscal` int(11) unsigned DEFAULT NULL,
  PRIMARY KEY (`id`),
  KEY `idlocalfiscal` (`idlocalfiscal`),
  KEY `idfiscal` (`idfiscal`),
  CONSTRAINT `localfiscalitem_ibfk_1` FOREIGN KEY (`idlocalfiscal`) REFERENCES `localfiscal` (`id`) ON DELETE NO ACTION ON UPDATE NO ACTION,
  CONSTRAINT `localfiscalitem_ibfk_2` FOREIGN KEY (`idfiscal`) REFERENCES `fiscal` (`id`) ON DELETE NO ACTION ON UPDATE NO ACTION
) ENGINE=InnoDB AUTO_INCREMENT=2133 DEFAULT CHARSET=latin1;
/*!40101 SET character_set_client = @saved_cs_client */;

--
-- Dumping data for table `localfiscalitem`
--

LOCK TABLES `localfiscalitem` WRITE;
/*!40000 ALTER TABLE `localfiscalitem` DISABLE KEYS */;
INSERT INTO `localfiscalitem` (`id`, `idlocalfiscal`, `secao`, `idfiscal`) VALUES (17,4,'194',388),(18,4,'194',389),(19,4,'105',390),(20,4,'105',391),(25,6,'19',396),(26,6,'19',397),(27,6,'20',398),(28,6,'20',399),(29,6,'21',400),(30,6,'21',401),(31,6,'109',402),(32,6,'109',403),(33,7,'45',421),(34,7,'45',422),(35,7,'189',423),(36,7,'189',424),(37,7,'190',425),(38,7,'190',426),(39,7,'191',427),(40,7,'191',428),(41,7,'381',429),(42,7,'381',430),(51,9,'163',439),(52,9,'163',440),(53,9,'171',441),(54,9,'171',442),(55,9,'172',443),(56,9,'172',444),(57,9,'278',445),(58,9,'278',446),(59,10,'168',447),(60,10,'168',448),(61,10,'368',449),(62,10,'368',450),(71,12,'3',150),(72,12,'3',151),(73,12,'46',152),(74,12,'46',153),(75,12,'77',154),(76,12,'77',155),(77,12,'275',156),(78,12,'275',157),(79,13,'5',158),(80,13,'5',159),(81,13,'6',160),(82,13,'6',161),(83,13,'8',162),(84,13,'8',163),(85,13,'25',164),(86,13,'25',165),(87,13,'27',166),(88,13,'27',167),(89,13,'272',168),(90,13,'272',169),(91,14,'10',170),(92,14,'10',171),(93,14,'15',172),(94,14,'15',173),(95,14,'23',174),(96,14,'23',91),(97,14,'29',92),(98,14,'29',93),(99,14,'250',94),(100,14,'250',717),(101,15,'7',718),(102,15,'7',719),(103,16,'477',720),(104,16,'477',721),(109,18,'4',833),(110,18,'4',834),(111,18,'36',835),(112,18,'36',836),(113,18,'37',837),(114,18,'37',838),(115,18,'38',840),(116,18,'38',841),(117,18,'271',842),(118,18,'271',843),(119,19,'70',846),(120,19,'70',847),(121,19,'71',848),(122,19,'71',849),(123,19,'72',850),(124,19,'72',851),(125,20,'22',852),(126,20,'22',853),(127,20,'23',854),(128,20,'23',855),(129,20,'24',856),(130,20,'24',857),(136,22,'47',863),(137,22,'47',864),(138,22,'48',865),(139,22,'48',1489),(140,22,'49',874),(141,22,'49',875),(142,23,'89',6),(143,23,'89',8),(144,23,'108',7),(145,23,'108',9),(146,23,'137',10),(147,23,'137',12),(148,23,'156',11),(149,23,'156',13),(150,24,'442',1500),(151,24,'442',1501),(152,24,'452',1502),(153,24,'452',1503),(154,24,'460',1504),(155,24,'460',1505),(156,24,'478',1506),(157,24,'478',1507),(158,24,'485',543),(159,24,'485',550),(160,24,'494',544),(161,24,'494',551),(168,26,'463',545),(169,26,'463',552),(170,26,'469',546),(171,26,'469',553),(172,26,'472',547),(173,26,'472',554),(174,26,'505',548),(175,26,'505',555),(176,27,'176',19),(177,27,'176',21),(178,27,'236',22),(179,27,'236',24),(180,28,'217',557),(181,28,'217',560),(182,28,'278',558),(183,28,'278',561),(187,31,'146',23),(188,31,'146',25),(189,31,'171',26),(190,31,'171',28),(191,31,'195',27),(192,31,'195',29),(193,31,'228',30),(194,31,'228',32),(195,32,'498',484),(196,32,'498',485),(219,36,'299',1295),(220,36,'299',1322),(221,36,'330',1296),(222,36,'330',1323),(223,36,'366',1297),(224,36,'366',1324),(225,36,'406',1298),(226,36,'406',1325),(227,37,'91',34),(228,37,'91',36),(229,37,'92',35),(230,37,'92',37),(231,37,'154',383),(232,37,'154',40),(233,37,'181',39),(234,37,'181',41),(235,37,'253',42),(236,37,'253',44),(247,39,'47',492),(248,39,'47',493),(249,40,'219',43),(250,40,'219',45),(251,40,'234',46),(252,40,'234',48),(253,40,'251',47),(254,40,'251',49),(255,41,'103',655),(256,41,'103',656),(257,41,'119',667),(258,41,'119',670),(259,41,'130',668),(260,41,'130',671),(261,41,'180',669),(262,41,'180',672),(263,42,'434',1287),(264,42,'434',1290),(265,42,'449',1288),(266,42,'449',1291),(267,42,'465',1289),(268,42,'465',1292),(269,43,'83',175),(270,43,'83',178),(271,43,'84',176),(272,43,'84',179),(273,43,'85',177),(274,43,'85',180),(275,43,'86',181),(276,43,'86',1293),(277,43,'439',1320),(278,43,'439',1410),(279,43,'470',1294),(280,43,'470',1321),(293,45,'87',1299),(294,45,'87',1326),(295,45,'88',1300),(296,45,'88',1327),(297,45,'89',1301),(298,45,'89',1328),(299,45,'90',1302),(300,45,'90',1329),(311,47,'379',1319),(312,47,'379',1346),(313,47,'158',1317),(314,47,'158',1344),(315,47,'159',1318),(316,47,'159',1345),(321,49,'50',1350),(322,49,'50',1347),(323,49,'51',1351),(324,49,'51',1348),(325,49,'347',1352),(326,49,'347',1349),(327,49,'374',1353),(328,49,'374',1354),(329,50,'95',1355),(330,50,'95',1376),(331,50,'96',1356),(332,50,'96',1377),(355,53,'116',408),(356,53,'116',409),(365,55,'265',700),(366,55,'265',706),(377,57,'262',410),(378,57,'262',411),(379,57,'192',412),(380,57,'192',413),(381,57,'216',414),(382,57,'216',415),(383,58,'270',494),(384,58,'270',495),(385,58,'445',61),(386,58,'445',62),(387,58,'508',63),(388,58,'508',64),(405,62,'97',1357),(406,62,'97',1378),(407,62,'98',1358),(408,62,'98',1379),(409,62,'99',601),(410,62,'99',602),(411,62,'422',1362),(412,62,'422',1384),(413,62,'454',1363),(414,62,'454',1385),(415,62,'482',1364),(416,62,'482',1386),(419,64,'36',790),(420,64,'36',794),(421,64,'37',791),(422,64,'37',795),(423,64,'38',792),(424,64,'38',796),(425,64,'41',793),(426,64,'41',797),(429,66,'416',65),(430,66,'416',66),(431,66,'438',67),(432,66,'438',68),(433,66,'448',69),(434,66,'448',70),(435,66,'475',71),(436,66,'475',72),(459,70,'21',810),(460,70,'21',821),(461,70,'22',811),(462,70,'22',822),(463,70,'152',812),(464,70,'152',823),(465,71,'96',419),(466,71,'96',420),(467,71,'97',76),(468,71,'97',77),(469,71,'110',78),(470,71,'110',79),(471,71,'132',80),(472,71,'132',81),(473,72,'29',813),(474,72,'29',824),(475,72,'147',1072),(476,72,'147',1073),(477,72,'215',1074),(478,72,'215',1075),(479,73,'32',1076),(480,73,'32',1491),(481,73,'34',1492),(482,73,'34',1509),(483,74,'100',1508),(484,74,'100',596),(485,74,'178',597),(486,74,'178',598),(487,74,'179',599),(488,74,'179',600),(489,75,'263',1411),(490,75,'263',1380),(491,75,'351',1359),(492,75,'351',1381),(493,75,'386',1360),(494,75,'386',1382),(495,75,'461',1361),(496,75,'461',1383),(497,76,'174',1365),(498,76,'174',1387),(499,77,'261',1366),(500,77,'261',1388),(501,77,'321',1367),(502,77,'321',1389),(503,77,'337',1368),(504,77,'337',1390),(505,77,'480',1369),(506,77,'480',1391),(507,78,'385',1370),(508,78,'385',1392),(509,78,'426',1371),(510,78,'426',1393),(511,78,'450',1372),(512,78,'450',1394),(513,79,'507',1374),(514,79,'507',1402),(515,79,'495',1373),(516,79,'495',1401),(519,81,'129',1395),(520,81,'129',1404),(521,81,'130',1396),(522,81,'130',1405),(523,81,'400',1397),(524,81,'400',1406),(525,82,'182',1398),(526,82,'182',1407),(527,82,'183',1399),(528,82,'183',1408),(529,82,'184',1400),(530,82,'184',1409),(541,84,'249',1312),(542,84,'249',1339),(543,84,'62',1307),(544,84,'62',1334),(545,84,'63',1308),(546,84,'63',1335),(547,84,'64',1309),(548,84,'64',1336),(549,84,'65',1310),(550,84,'65',1337),(551,84,'67',1311),(552,84,'67',1338),(571,89,'176',1000),(572,89,'176',1001),(573,89,'350',1002),(574,89,'350',1003),(575,89,'401',1004),(576,89,'401',1005),(577,90,'160',1231),(578,90,'160',1232),(579,90,'161',1233),(580,90,'161',1234),(581,90,'277',1235),(582,90,'277',1236),(583,90,'380',1237),(584,90,'380',831),(587,92,'60',235),(588,92,'60',236),(589,92,'111',237),(590,92,'111',238),(591,92,'141',239),(592,92,'141',240),(593,92,'230',241),(594,92,'230',243),(611,95,'90',458),(612,95,'90',459),(613,95,'255',460),(614,95,'255',461),(615,96,'15',462),(616,96,'15',463),(617,96,'16',1051),(618,96,'16',465),(619,97,'17',466),(620,97,'17',467),(621,97,'18',468),(622,97,'18',469),(623,97,'64',470),(624,97,'64',471),(631,99,'94',1462),(632,99,'94',1472),(633,99,'95',1463),(634,99,'95',1473),(635,99,'148',1464),(636,99,'148',1474),(637,99,'164',1465),(638,99,'164',1475),(639,99,'177',1466),(640,99,'177',1476),(657,104,'79',1480),(658,104,'79',1482),(659,104,'80',1483),(660,104,'80',1493),(661,104,'122',1484),(662,104,'122',1485),(663,104,'182',1481),(664,104,'182',1467),(665,105,'419',727),(666,105,'419',728),(669,107,'238',1445),(670,107,'238',1446),(671,107,'244',1447),(672,107,'244',1454),(673,107,'259',1450),(674,107,'259',1448),(675,107,'263',1530),(676,107,'263',1531),(677,107,'301',482),(678,107,'301',483),(679,107,'121',866),(680,107,'121',867),(681,107,'303',870),(682,107,'303',872),(683,108,'185',736),(684,108,'185',738),(685,108,'287',729),(686,108,'287',730),(695,110,'327',739),(696,110,'327',740),(719,117,'63',1449),(720,117,'63',1455),(721,117,'121',1451),(722,117,'121',1457),(723,117,'135',1452),(724,117,'135',1453),(725,117,'175',662),(726,117,'175',657),(731,119,'125',661),(732,119,'125',1458),(733,119,'139',1468),(734,119,'139',876),(777,127,'56',1510),(778,127,'56',1511),(779,127,'57',1512),(780,127,'57',1513),(781,127,'153',1515),(782,127,'153',1514),(783,127,'209',1516),(784,127,'209',1517),(801,130,'270',761),(802,130,'270',762),(815,134,'74',1250),(816,134,'74',1257),(817,134,'75',1251),(818,134,'75',1258),(823,136,'18',1254),(824,136,'18',1261),(825,136,'19',1255),(826,136,'19',1262),(827,136,'169',1263),(828,136,'169',1560),(839,138,'35',1265),(840,138,'35',1267),(841,138,'125',1266),(842,138,'125',1268),(843,138,'133',1269),(844,138,'133',1275),(845,138,'188',1270),(846,138,'188',1276),(847,139,'30',1271),(848,139,'30',1277),(849,139,'31',1272),(850,139,'31',1278),(851,139,'172',1273),(852,139,'172',1279),(853,139,'211',1274),(854,139,'211',1280),(855,140,'45',1281),(856,140,'45',1284),(857,140,'46',1282),(858,140,'46',1285),(859,140,'47',1283),(860,140,'47',1286),(861,140,'189',1238),(862,140,'189',1244),(863,141,'98',1239),(864,141,'98',1245),(865,141,'127',1240),(866,141,'127',1246),(867,141,'214',1241),(868,141,'214',1247),(877,144,'11',1252),(878,144,'11',1259),(879,144,'12',1253),(880,144,'12',1260),(881,144,'153',301),(882,144,'153',316),(883,144,'164',302),(884,144,'164',317),(885,145,'33',308),(886,145,'33',323),(887,145,'148',309),(888,145,'148',324),(889,146,'149',307),(890,146,'149',322),(891,146,'285',310),(892,146,'285',325),(901,148,'87',1013),(902,148,'87',1014),(903,148,'88',1015),(904,148,'88',1016),(905,148,'165',1017),(906,148,'165',1018),(907,148,'235',1019),(908,148,'235',1020),(909,148,'251',1021),(910,148,'251',1022),(911,148,'258',1023),(912,148,'258',1024),(921,150,'239',1037),(922,150,'239',1042),(923,151,'173',1033),(924,151,'173',1038),(925,151,'184',1034),(926,151,'184',1039),(927,151,'209',1035),(928,151,'209',1040),(929,151,'221',1036),(930,151,'221',1041),(931,151,'289',328),(932,151,'289',327),(941,153,'261',533),(942,153,'261',535),(943,153,'287',532),(944,153,'287',534),(945,154,'303',1196),(946,154,'303',1215),(947,155,'207',1197),(948,155,'207',1216),(949,155,'211',255),(950,155,'211',256),(951,156,'147',1198),(952,156,'147',1217),(953,156,'161',1199),(954,156,'161',261),(955,156,'183',257),(956,156,'183',262),(957,157,'220',258),(958,157,'220',263),(959,157,'242',259),(960,157,'242',264),(961,157,'258',260),(962,157,'258',265),(963,158,'58',1200),(964,158,'58',1218),(965,158,'59',1201),(966,158,'59',1219),(967,158,'150',1202),(968,158,'150',267),(969,158,'169',266),(970,158,'169',268),(971,159,'65',269),(972,159,'65',272),(973,159,'115',270),(974,159,'115',273),(975,159,'145',271),(976,159,'145',274),(977,160,'66',1204),(978,160,'66',1221),(979,160,'67',1205),(980,160,'67',1222),(981,160,'68',1206),(982,160,'68',1223),(983,160,'120',1207),(984,160,'120',1224),(985,160,'144',1208),(986,160,'144',1225),(987,160,'166',1209),(988,160,'166',1226),(989,160,'184',1210),(990,160,'184',1227),(991,161,'243',1214),(992,161,'243',1230),(993,162,'193',1212),(994,162,'193',1228),(995,162,'252',280),(996,162,'252',283),(997,163,'174',1211),(998,163,'174',278),(999,163,'180',276),(1000,163,'180',279),(1013,166,'218',275),(1014,166,'218',277),(1015,166,'237',291),(1016,166,'237',292),(1017,167,'276',293),(1018,167,'276',294),(1029,169,'51',1091),(1030,169,'51',1146),(1031,169,'52',1092),(1032,169,'52',1147),(1033,169,'53',1093),(1034,169,'53',1148),(1035,169,'233',1094),(1036,169,'233',1149),(1037,170,'55',1095),(1038,170,'55',1150),(1039,170,'56',1096),(1040,170,'56',1151),(1041,170,'168',1097),(1042,170,'168',1152),(1043,171,'76',1098),(1044,171,'76',1153),(1045,171,'77',887),(1046,171,'77',889),(1047,171,'167',888),(1048,171,'167',895),(1049,171,'193',1099),(1050,171,'193',1154),(1051,172,'16',1100),(1052,172,'16',1155),(1053,172,'17',1101),(1054,172,'17',896),(1055,172,'78',1102),(1056,172,'78',1156),(1057,172,'154',897),(1058,172,'154',900),(1059,172,'195',898),(1060,172,'195',901),(1061,173,'106',899),(1062,173,'106',329),(1063,173,'107',330),(1064,173,'107',333),(1065,173,'108',331),(1066,173,'108',334),(1067,173,'139',332),(1068,173,'139',335),(1069,174,'223',1103),(1070,174,'223',1157),(1073,176,'198',1105),(1074,176,'198',1159),(1075,176,'254',1106),(1076,176,'254',1160),(1077,176,'276',1107),(1078,176,'276',1161),(1087,178,'63',1110),(1088,178,'63',1162),(1089,178,'126',1111),(1090,178,'126',1163),(1091,178,'132',343),(1092,178,'132',345),(1093,178,'145',344),(1094,178,'145',346),(1095,179,'174',1112),(1096,179,'174',1164),(1097,179,'194',1113),(1098,179,'194',1165),(1099,179,'222',1114),(1100,179,'222',1166),(1101,179,'260',1115),(1102,179,'260',1167),(1103,180,'96',1127),(1104,180,'96',1179),(1105,180,'97',1128),(1106,180,'97',347),(1107,180,'123',1129),(1108,180,'123',1180),(1109,180,'142',1130),(1110,180,'142',1181),(1111,180,'185',1131),(1112,180,'185',1182),(1113,181,'109',1132),(1114,181,'109',1183),(1115,181,'110',348),(1116,181,'110',350),(1117,181,'128',349),(1118,181,'128',351),(1119,182,'101',1139),(1120,182,'101',1190),(1121,182,'143',366),(1122,182,'143',368),(1123,182,'197',367),(1124,182,'197',369),(1129,185,'310',3),(1130,185,'310',124),(1131,185,'390',4),(1132,185,'390',125),(1133,185,'447',5),(1134,185,'447',126),(1135,186,'398',188),(1136,186,'398',127),(1137,186,'437',137),(1138,186,'437',128),(1139,186,'446',138),(1140,186,'446',129),(1141,186,'471',139),(1142,186,'471',130),(1143,187,'459',140),(1144,187,'459',131),(1145,187,'468',141),(1146,187,'468',132),(1147,187,'484',142),(1148,187,'484',133),(1149,188,'464',143),(1150,188,'464',134),(1151,188,'476',144),(1152,188,'476',135),(1153,188,'491',145),(1154,188,'491',182),(1155,188,'506',146),(1156,188,'506',183),(1173,191,'99',1134),(1174,191,'99',1185),(1175,191,'100',1135),(1176,191,'100',1186),(1177,191,'161',1136),(1178,191,'161',1187),(1179,191,'229',357),(1180,191,'229',360),(1181,191,'256',358),(1182,191,'256',361),(1187,193,'102',1140),(1188,193,'102',1191),(1189,193,'124',147),(1190,193,'124',370),(1191,193,'141',371),(1192,193,'141',373),(1193,193,'196',336),(1194,193,'196',1133),(1195,194,'216',1141),(1196,194,'216',1192),(1197,194,'269',1142),(1198,194,'269',1562),(1199,194,'277',1143),(1200,194,'277',1194),(1201,194,'284',1137),(1202,194,'284',1188),(1203,195,'126',185),(1204,195,'126',148),(1205,196,'487',1563),(1206,196,'487',184),(1207,197,'517',2),(1208,197,'517',123),(1209,198,'530',149),(1210,198,'530',186),(1219,201,'79',352),(1220,201,'79',354),(1221,201,'80',353),(1222,201,'80',355),(1223,202,'218',1568),(1224,202,'218',1569),(1225,202,'238',1570),(1226,202,'238',1571),(1227,202,'255',1572),(1228,202,'255',1573),(1229,202,'274',1574),(1230,202,'274',1575),(1231,203,'270',1576),(1232,203,'270',1577),(1233,204,'264',1578),(1234,204,'264',1579),(1235,204,'280',1580),(1236,204,'280',1581),(1237,204,'292',1582),(1238,204,'292',1583),(1261,206,'298',919),(1262,206,'298',920),(1263,207,'121',921),(1264,207,'121',922),(1265,207,'303',923),(1266,207,'303',924),(1271,210,'542',189),(1272,210,'542',199),(1273,211,'531',190),(1274,211,'531',200),(1279,184,'510',1),(1280,184,'510',122),(1281,184,'490',191),(1282,184,'490',201),(1289,214,'486',549),(1290,214,'486',556),(1291,214,'513',73),(1292,214,'513',74),(1307,220,'263',1594),(1308,220,'263',1595),(1309,220,'281',1596),(1310,220,'281',1597),(1311,94,'185',252),(1312,94,'172',247),(1313,94,'212',1525),(1314,94,'221',1528),(1315,94,'185',251),(1316,94,'212',1526),(1317,94,'179',250),(1318,94,'199',1524),(1319,94,'199',254),(1320,94,'172',246),(1321,94,'221',1529),(1322,94,'179',245),(1323,221,'524',1598),(1324,221,'524',1599),(1325,222,'435',1600),(1326,222,'435',1601),(1327,222,'451',1602),(1328,222,'451',1603),(1329,222,'492',1604),(1330,222,'492',1605),(1341,225,'534',1606),(1342,225,'534',1607),(1359,229,'457',192),(1360,229,'457',193),(1361,229,'462',194),(1362,229,'462',195),(1363,229,'474',196),(1364,229,'474',198),(1365,229,'503',202),(1366,229,'503',203),(1367,230,'443',205),(1368,230,'443',206),(1369,230,'500',207),(1370,230,'500',208),(1379,147,'291',311),(1380,147,'20',312),(1381,147,'207',299),(1382,147,'150',298),(1383,147,'291',326),(1384,147,'20',297),(1385,147,'150',313),(1386,147,'207',314),(1392,149,'89',1026),(1393,149,'122',1027),(1394,149,'122',1028),(1395,149,'144',1029),(1396,149,'144',1030),(1397,149,'183',1031),(1398,149,'183',1032),(1399,149,'89',1025),(1408,232,'518',1608),(1409,232,'518',1609),(1410,232,'545',1611),(1411,232,'545',1613),(1412,232,'546',1614),(1413,232,'546',1615),(1419,233,'526',1616),(1420,233,'526',1621),(1427,142,'14',1248),(1428,142,'14',1242),(1429,142,'157',296),(1430,142,'15',210),(1431,142,'15',1243),(1432,142,'157',204),(1433,234,'84',1610),(1434,234,'84',1612),(1435,234,'85',1617),(1436,234,'85',1620),(1437,234,'118',1624),(1438,234,'118',1625),(1439,234,'249',1626),(1440,234,'249',1627),(1441,235,'90',1628),(1442,235,'90',1629),(1443,235,'91',1630),(1444,235,'91',1631),(1451,237,'224',84),(1452,237,'224',85),(1453,238,'277',86),(1454,238,'277',87),(1455,239,'274',88),(1456,239,'274',89),(1457,59,'86',416),(1458,59,'86',417),(1459,59,'240',418),(1460,59,'240',90),(1469,109,'165',658),(1470,109,'165',663),(1471,109,'81',1486),(1472,109,'82',1487),(1473,109,'143',1498),(1474,109,'143',1499),(1475,109,'81',1497),(1476,109,'82',1496),(1477,168,'116',885),(1478,168,'114',879),(1479,168,'116',881),(1480,168,'117',886),(1481,168,'117',882),(1482,168,'179',1145),(1483,168,'114',883),(1484,168,'179',1090),(1485,168,'115',880),(1486,168,'115',884),(1487,240,'222',1645),(1488,240,'222',1646),(1489,240,'256',1647),(1490,240,'256',1648),(1497,21,'39',860),(1498,21,'40',861),(1499,21,'38',859),(1500,21,'40',862),(1501,21,'38',858),(1502,21,'39',1650),(1503,54,'253',698),(1504,54,'204',692),(1505,54,'226',703),(1506,54,'253',704),(1507,54,'283',705),(1508,54,'283',699),(1509,54,'226',697),(1510,54,'204',1652),(1511,164,'223',1213),(1512,164,'300',287),(1513,164,'257',282),(1514,164,'232',281),(1515,164,'223',1229),(1516,164,'232',284),(1517,164,'257',285),(1518,164,'300',1653),(1519,190,'159',1119),(1520,190,'57',1116),(1521,190,'58',1169),(1522,190,'158',1170),(1523,190,'247',1121),(1524,190,'250',902),(1525,190,'245',1172),(1526,190,'159',1171),(1527,190,'58',1117),(1528,190,'57',1168),(1529,190,'247',1173),(1530,190,'158',1118),(1531,190,'245',1120),(1532,190,'250',1658),(1533,241,'305',1654),(1534,241,'305',1661),(1541,243,'308',1664),(1542,243,'308',1665),(1547,199,'138',1649),(1548,199,'37',1674),(1549,199,'37',1673),(1550,199,'36',1672),(1551,199,'36',1671),(1552,199,'138',1670),(1553,205,'94',364),(1554,205,'206',907),(1555,205,'171',905),(1556,205,'206',908),(1557,205,'95',365),(1558,205,'171',906),(1559,205,'93',362),(1560,205,'95',904),(1561,205,'93',1184),(1562,205,'94',363),(1565,124,'28',1549),(1566,124,'28',754),(1567,124,'248, 264',1663),(1568,124,'248, 264',1662),(1569,17,'14, 24',723),(1570,17,'14, 24',722),(1571,17,'43, 273',404),(1572,17,'43, 273',405),(1573,86,'525, 528, 529, 541',1414),(1574,86,'525, 528, 529, 541',1415),(1581,87,'13, 297',652),(1582,87,'13, 297',653),(1583,85,'335',1316),(1584,85,'76',1342),(1585,85,'75',1341),(1586,85,'76',1315),(1587,85,'335',1343),(1588,85,'75',1314),(1589,85,'66, 536',1313),(1590,85,'66, 536',1340),(1591,80,'504, 523, 539',1375),(1592,80,'504, 523, 539',1403),(1593,8,'93',435),(1594,8,'93',436),(1595,8,'94',437),(1596,8,'94',438),(1597,8,'39, 369',432),(1598,8,'39, 369',431),(1599,8,'40, 173',434),(1600,8,'40, 173',433),(1601,83,'441',1331),(1602,83,'458',1332),(1603,83,'440',1303),(1604,83,'441',1304),(1605,83,'440',1330),(1606,83,'466',1306),(1607,83,'466',1333),(1608,83,'458',1305),(1609,83,'519, 520, 543',1413),(1610,83,'519, 520, 543',1412),(1619,189,'488, 547',187),(1620,189,'488, 547',197),(1621,88,'162, 429',994),(1622,88,'162, 429',995),(1623,88,'194, 281',996),(1624,88,'194, 281',997),(1625,88,'26, 479',998),(1626,88,'26, 479',999),(1627,208,'35, 44',1006),(1628,208,'35, 44',1007),(1629,116,'9, 11',745),(1630,116,'9, 11',746),(1631,118,'280',751),(1632,118,'280',752),(1633,118,'34, 303',750),(1634,118,'34, 303',749),(1635,132,'496',519),(1636,132,'496',1540),(1637,132,'147, 148',1521),(1638,132,'147, 148',1541),(1647,112,'32, 52',741),(1648,112,'32, 52',742),(1649,112,'41, 42',744),(1650,112,'41, 42',743),(1651,122,'288',504),(1652,122,'391',498),(1653,122,'288',1535),(1654,122,'444',1544),(1655,122,'391',511),(1656,122,'444',508),(1657,122,'467',497),(1658,122,'467',510),(1659,122,'532, 533',505),(1660,122,'532, 533',496),(1661,114,'146, 149',775),(1662,114,'146, 149',748),(1663,175,'54, 178, 227',1104),(1664,175,'54, 178, 227',1158),(1665,48,'155',690),(1666,48,'155',694),(1667,48,'70, 293',693),(1668,48,'70, 293',689),(1669,218,'42',1589),(1670,218,'42',1588),(1671,218,'267, 282',1591),(1672,218,'267, 282',1590),(1673,29,'248, 300',562),(1674,29,'248, 300',559),(1675,143,'59, 156, 225',315),(1676,143,'59, 156, 225',300),(1677,236,'269, 273',82),(1678,236,'269, 273',83),(1679,93,'48',695),(1680,93,'48',691),(1681,93,'40, 49',788),(1682,93,'40, 49',784),(1683,91,'149, 280',456),(1684,91,'149, 280',457),(1685,46,'232',687),(1686,46,'160',679),(1687,46,'160',675),(1688,46,'219',686),(1689,46,'203',685),(1690,46,'219',682),(1691,46,'232',683),(1692,46,'203',681),(1693,46,'181, 302',680),(1694,46,'181, 302',676),(1695,177,'140',341),(1696,177,'105',1109),(1697,177,'104',1108),(1698,177,'140',339),(1699,177,'105',338),(1700,177,'104',337),(1701,177,'241, 290',342),(1702,177,'241, 290',340),(1703,5,'50, 51',393),(1704,5,'50, 51',392),(1705,5,'52, 104',395),(1706,5,'52, 104',394),(1711,183,'220, 306',1144),(1712,183,'220, 306',1195),(1713,219,'225, 298',1592),(1714,219,'225, 298',1593),(1715,61,'27',782),(1716,61,'210',785),(1717,61,'27',786),(1718,61,'26',708),(1719,61,'210',789),(1720,61,'25',707),(1721,61,'25',701),(1722,61,'26',702),(1723,61,'295, 301',787),(1724,61,'295, 301',783),(1725,217,'268',1564),(1726,217,'268',1584),(1727,217,'288, 297',1567),(1728,217,'288, 297',1566),(1729,113,'257',659),(1730,113,'257',664),(1731,113,'296, 308',665),(1732,113,'296, 308',660),(1733,111,'32',506),(1734,111,'32',499),(1735,111,'31, 261',509),(1736,111,'31, 261',512),(1739,68,'73',815),(1740,68,'72',814),(1741,68,'73',804),(1742,68,'72',803),(1743,68,'71',799),(1744,68,'71',801),(1745,68,'39, 236',800),(1746,68,'39, 236',798),(1747,25,'190',15),(1748,25,'173',16),(1749,25,'190',17),(1750,25,'173',14),(1751,25,'246, 284',20),(1752,25,'246, 284',18),(1753,69,'83',808),(1754,69,'81',817),(1755,69,'84',809),(1756,69,'81',806),(1757,69,'83',819),(1758,69,'82',807),(1759,69,'82',818),(1760,69,'84',820),(1761,69,'28, 50',816),(1762,69,'28, 50',805),(1763,51,'159',57),(1764,51,'133',56),(1765,51,'87',52),(1766,51,'87',50),(1767,51,'133',54),(1768,51,'202',58),(1769,51,'88',53),(1770,51,'159',55),(1771,51,'88',51),(1772,51,'202',60),(1773,51,'168, 268',406),(1774,51,'168, 268',59),(1775,192,'113',1189),(1776,192,'113',1138),(1777,192,'240, 272',359),(1778,192,'240, 272',356),(1779,165,'157',288),(1780,165,'157',289),(1781,165,'206, 210',1220),(1782,165,'206, 210',1203),(1783,33,'239, 302',33),(1784,33,'239, 302',31),(1787,3,'43',378),(1788,3,'43',379),(1789,3,'44',381),(1790,3,'46',385),(1791,3,'44',380),(1792,3,'45',38),(1793,3,'46',384),(1794,3,'45',382),(1795,3,'227, 264, 268',386),(1796,3,'227, 264, 268',387),(1797,242,'119, 272',1660),(1798,242,'119, 272',1657),(1799,213,'208, 271',1586),(1800,213,'208, 271',1587),(1803,100,'102, 103',473),(1804,100,'102, 103',472),(1805,106,'41, 42',735),(1806,106,'41, 42',734),(1807,209,'53, 245, 275',1009),(1808,209,'53, 245, 275',1008),(1809,101,'187, 247, 248, 278',475),(1810,101,'187, 247, 248, 278',474),(1811,102,'54',476),(1812,102,'54',477),(1813,102,'55',479),(1814,102,'55',478),(1815,102,'205, 265',481),(1816,102,'205, 265',480),(1817,244,'188',1011),(1818,244,'188',1585),(1819,244,'69',1010),(1820,244,'69',1012),(1829,65,'164, 188',646),(1830,65,'164, 188',845),(1831,63,'192, 193',645),(1832,63,'192, 193',844),(1833,126,'187, 516',1536),(1834,126,'187, 516',1545),(1835,126,'12, 151',518),(1836,126,'30, 515',1537),(1837,126,'31, 186',647),(1838,126,'30, 515',1546),(1839,126,'12, 151',507),(1840,126,'31, 186',644),(1841,129,'28',1548),(1842,129,'26',1539),(1843,129,'25',1547),(1844,129,'27',1522),(1845,129,'25',1538),(1846,129,'28',500),(1847,129,'26',779),(1848,129,'27',651),(1849,129,'214',780),(1850,129,'214',827),(1855,38,'224',654),(1856,38,'176',571),(1857,38,'86',569),(1858,38,'129',566),(1859,38,'86',565),(1860,38,'129',570),(1861,38,'286',1494),(1862,38,'286',1495),(1863,38,'176',802),(1864,38,'224',1193),(1867,120,'268',513),(1868,120,'436',724),(1869,120,'453',1533),(1870,120,'268',1542),(1871,120,'501',772),(1872,120,'436',517),(1873,120,'453',1518),(1874,120,'501',1519),(1875,115,'29',514),(1876,115,'29',516),(1877,115,'167',877),(1878,115,'167',878),(1879,115,'30',522),(1880,115,'30',1676),(1885,123,'254, 283',828),(1886,123,'254, 283',1675),(1887,152,'151',305),(1888,152,'151',320),(1889,152,'199',306),(1890,152,'24',304),(1891,152,'23',318),(1892,152,'24',319),(1893,152,'199',321),(1894,152,'23',290),(1901,246,'279',1689),(1902,246,'279',1690),(1903,247,'230',1691),(1904,247,'230',1692),(1910,249,'213',1683),(1911,249,'213',1685),(1912,250,'111',1686),(1913,250,'111',1643),(1914,250,'249',1638),(1915,250,'249',1687),(1924,253,'481',1706),(1925,253,'481',1707),(1926,253,'456',1709),(1927,254,'316, 511',1710),(1928,255,'527, 535, 538, 540',1711),(1929,255,'527, 535, 538, 540',1712),(1930,256,'489, 544',1705),(1931,257,'502',1704),(1940,258,'204, 206',1732),(1941,258,'205, 455',1703),(1942,251,'166',1694),(1943,251,'85',1693),(1944,251,'259',1695),(1945,251,'191',1696),(1946,251,'85',1634),(1947,251,'259',1637),(1948,251,'191',1715),(1949,251,'166',1716),(1950,259,'262, 275',1688),(1951,259,'262, 275',1717),(1952,260,'33',1720),(1953,260,'33',1721),(1954,260,'34',1722),(1955,260,'34',1723),(1956,260,'35',1724),(1957,260,'35',1725),(1958,260,'189',1726),(1959,260,'189',1727),(1960,260,'233',1728),(1961,260,'233',1729),(1968,261,'61',1730),(1969,261,'61',1731),(1970,261,'62',1733),(1971,261,'62',1734),(1972,261,'155',1735),(1973,261,'155',1736),(1974,261,'197',1737),(1975,261,'197',1738),(1976,261,'235',1740),(1977,261,'235',1739),(1978,248,'112',1678),(1979,248,'112',1718),(1980,248,'131',1719),(1981,248,'131',1679),(1982,248,'182',1682),(1983,248,'182',1744),(1984,252,'243, 271',1697),(1985,252,'243, 271',1745),(1986,60,'13, 273',372),(1987,60,'13, 273',1742),(1988,60,'162',1743),(1989,60,'162',1741),(1990,67,'326, 349',1677),(1991,67,'169, 170',1708),(1992,67,'169, 170',648),(1993,67,'326, 349',1746),(1994,262,'64',603),(1995,262,'64',604),(1996,262,'65',605),(1997,262,'65',610),(1998,262,'66',606),(1999,262,'66',611),(2000,262,'177',607),(2001,262,'177',612),(2002,262,'205',613),(2003,262,'205',614),(2004,35,'190',563),(2005,35,'231',564),(2006,35,'190',567),(2007,35,'231',568),(2008,35,'68',618),(2009,35,'68',615),(2010,35,'69',619),(2011,35,'69',616),(2012,35,'175',620),(2013,35,'175',623),(2014,44,'246',688),(2015,44,'244',674),(2016,44,'138',677),(2017,44,'138',673),(2018,44,'246',684),(2019,44,'244',678),(2020,44,'67',621),(2021,44,'67',625),(2022,44,'134',622),(2023,44,'134',626),(2024,44,'135',627),(2025,44,'135',628),(2026,263,'77',1747),(2027,263,'77',1761),(2028,263,'78',1748),(2029,263,'78',1762),(2030,263,'142',1749),(2031,263,'142',1763),(2032,263,'186',1750),(2033,263,'186',1764),(2036,265,'266',1751),(2037,265,'266',1765),(2043,267,'83',1755),(2044,267,'83',1769),(2045,267,'117',1756),(2046,267,'117',1770),(2047,267,'140',1757),(2048,267,'140',1771),(2049,267,'213',1758),(2050,267,'213',1772),(2051,268,'299, 307',1759),(2052,268,'299, 307',1773),(2053,266,'118',1767),(2054,266,'92',1752),(2055,266,'92',1766),(2056,266,'118',1753),(2057,266,'187',1768),(2058,266,'187',1754),(2059,121,'99',825),(2060,121,'99',826),(2061,121,'100',767),(2062,121,'73',773),(2063,121,'101',770),(2064,121,'100',768),(2065,121,'73',771),(2066,121,'101',1775),(2067,128,'201',755),(2068,128,'266',759),(2069,128,'266',760),(2070,128,'241',1776),(2071,128,'241',1778),(2072,128,'201',1777),(2073,131,'163, 291',764),(2074,131,'163, 291',1779),(2075,133,'98',1666),(2076,133,'74',766),(2077,133,'98',1667),(2078,133,'74',1780),(2079,135,'43',1551),(2080,135,'43',1781),(2081,135,'44',1782),(2082,135,'44',1783),(2083,137,'61',1558),(2084,137,'294',1264),(2085,137,'146',1249),(2086,137,'60',1554),(2087,137,'146',1256),(2088,137,'61',1555),(2089,137,'62',1559),(2090,137,'294',1561),(2091,137,'60',1557),(2092,137,'62',1784),(2093,231,'509',75),(2094,231,'521, 522, 537',486),(2095,231,'499',490),(2096,231,'473',489),(2097,231,'521, 522, 537',487),(2098,231,'473',488),(2099,231,'499',491),(2100,231,'509',1785),(2101,11,'130',711),(2102,11,'130',712),(2103,11,'107',709),(2104,11,'136',713),(2105,11,'136',714),(2106,11,'170',716),(2107,11,'170',715),(2108,11,'107',1786),(2115,98,'76',1460),(2116,98,'152',1461),(2117,98,'76',1470),(2118,98,'152',1471),(2119,98,'75',1787),(2120,98,'75',1788),(2121,103,'203',211),(2122,103,'203',1477),(2123,103,'260',1488),(2124,103,'106',1490),(2125,103,'260',1789),(2126,103,'106',1790),(2127,269,'93, 250',1700),(2128,269,'93, 250',1701),(2129,2,'512',377),(2130,2,'497',375),(2131,2,'512',376),(2132,2,'497',374);
/*!40000 ALTER TABLE `localfiscalitem` ENABLE KEYS */;
UNLOCK TABLES;

--
-- Table structure for table `localtmp`
--

DROP TABLE IF EXISTS `localtmp`;
/*!40101 SET @saved_cs_client     = @@character_set_client */;
/*!40101 SET character_set_client = utf8 */;
CREATE TABLE `localtmp` (
  `zona` varchar(255) DEFAULT NULL,
  `secao` varchar(255) DEFAULT NULL,
  `local` varchar(255) DEFAULT NULL,
  `endereco` varchar(255) DEFAULT NULL,
  `bairro` varchar(255) DEFAULT NULL,
  `eleitorado` varchar(255) DEFAULT NULL,
  `coordenadas` varchar(255) DEFAULT NULL,
  `idmunicipio` varchar(255) DEFAULT '0'
) ENGINE=InnoDB DEFAULT CHARSET=latin1;
/*!40101 SET character_set_client = @saved_cs_client */;

--
-- Dumping data for table `localtmp`
--

LOCK TABLES `localtmp` WRITE;
/*!40000 ALTER TABLE `localtmp` DISABLE KEYS */;
/*!40000 ALTER TABLE `localtmp` ENABLE KEYS */;
UNLOCK TABLES;

--
-- Table structure for table `localvotacao`
--

DROP TABLE IF EXISTS `localvotacao`;
/*!40101 SET @saved_cs_client     = @@character_set_client */;
/*!40101 SET character_set_client = utf8 */;
CREATE TABLE `localvotacao` (
  `id` int(11) NOT NULL AUTO_INCREMENT,
  `zona` varchar(255) DEFAULT NULL,
  `secao` varchar(255) DEFAULT NULL,
  `local` varchar(255) DEFAULT NULL,
  `endereco` varchar(255) DEFAULT NULL,
  `bairro` varchar(255) DEFAULT NULL,
  `eleitorado` varchar(255) DEFAULT NULL,
  `coordenadas` varchar(255) DEFAULT NULL,
  `idmunicipio` varchar(255) DEFAULT '0',
  PRIMARY KEY (`id`)
) ENGINE=InnoDB AUTO_INCREMENT=4619 DEFAULT CHARSET=latin1;
/*!40101 SET character_set_client = @saved_cs_client */;

--
-- Dumping data for table `localvotacao`
--

LOCK TABLES `localvotacao` WRITE;
/*!40000 ALTER TABLE `localvotacao` DISABLE KEYS */;
INSERT INTO `localvotacao` (`id`, `zona`, `secao`, `local`, `endereco`, `bairro`, `eleitorado`, `coordenadas`, `idmunicipio`) VALUES (1,'8','101','ESCOLA MARCILIO PONTES DOS SANTOS','AV EDMUNDO PINO C/ RUA RIO DE JANEIRO ','17','315','-10.072545, -67.049446','1'),(2,'8','102','ESCOLA SANTA LUCIA III ','BR 364 KM 92 RAMAL GRANADA KM 16','65','248','-9.878966, -67.069715','1'),(3,'8','115','ESCOLA MARCILIO PONTES DOS SANTOS','AV EDMUNDO PINO C/ RUA RIO DE JANEIRO ','17','314','-10.072545, -67.049446','1'),(4,'8','117','CENTRO DE REFERENCIA E ASSISTENCIA SOCIAL - CRAS','AV PARANÁ N 743  ','17','289','-10.078736, -67.055755','1'),(5,'8','123','ESCOLA MARCILIO PONTES DOS SANTOS','AV EDMUNDO PINO C/ RUA RIO DE JANEIRO ','17','316','-10.072545, -67.049446','1'),(6,'8','124','ESCOLA NOVO HORIZONTE','ROD AC 475  ','17','203','-10.073876, -67.054982','1'),(7,'8','125, 235','CRECHE MUNICIPAL','AV GERALDO BARBOSA C/ AV. PARANÁ  ','17','307','-10.076727, -67.055750','1'),(8,'8','132','ESCOLA SANTA LUCIA III ','BR 364 KM 92 RAMAL GRANADA KM 16 ','65','243','-9.878966, -67.069715','1'),(9,'8','142','ESCOLA MARCILIO PONTES DOS SANTOS','AV EDMUNDO PINO C/ RUA RIO DE JANEIRO ','17','309','-10.072545, -67.049446','1'),(10,'8','143','ESCOLA ALTINA MAGALHÃES','BR 364 KM 114','65','252','-9.873821, -66.920906','1'),(11,'8','146','ESCOLA NOVO HORIZONTE','ROD AC 475  ','17','208','-10.073876, -67.054982','1'),(12,'8','159','ESCOLA JOSE PLACIDO DE CASTRO','PA CUMARU VILA DO T','65','134','-10.095312, -66.933749','1'),(13,'8','160, 237','ESCOLA JOSE RODRIGUES CASSIMIRO','BR 364 KM 90 RAMAL DO BIGODE KM 01 ','65','270','-9.939933, -67.081146','1'),(14,'8','162','ESCOLA MUN. CASTRO ALVES','PA ORION RL DA LINHA 3 KM 13 ','65','144','-10.005910, -67.042095','1'),(15,'8','164','CENTRO DE TRABALHADORES DA AMAZONIA','BR 364 KM 108 RAMAL DO PELE KM 3 - CTA.','65','140','-9.909747, -66.935201','1'),(16,'8','169','ESCOLA RITA BOCALON RODRIGUES','RUA SÃO PAULO S/N','17','245','-10.076433, -67.052117','1'),(17,'8','178','ESCOLA MARIA DE JESUS RIBEIRO','ROD AC 401 KM 15 S/N VILA REDENC\'AO ','65','126','-10.079061, -67.081197','1'),(18,'8','181, 232','ESCOLA RITA BOCALON RODRIGUES','RUA SÃO PAULO S/N','17','246','-10.076433, -67.052117','1'),(19,'8','182','POLO UNIVERSITÁRIO DA UAB','RUA ADENILSON ROGERIO DE OLIVEIRA PROX. A ELETROACRE  ','17','317','-10.073567, -67.054722','1'),(20,'8','185','CENTRO DE FLORESTANIA','RUA SÃO PAULO S/N','17','243','-10.077200, -67.052185','1'),(21,'8','186','CENTRO DE FLORESTANIA','RUA SÃO PAULO S/N','17','244','-10.077200, -67.052185','1'),(22,'8','198','COLEGIO AGRÍCOLA','BR 364 KM 6 RAMAL PROGRESSO KM 6','65','116','-10.085456, -67.047971','1'),(23,'8','199','ESCOLA JAIME ALENCAR','AC 475 KM 5 QUADRA 7  PORTO LUIZ I E II','65','203','-10.088496, -67.077046','1'),(24,'8','205','ESCOLA SANTA LUCIA III ','BR 364 KM 92 RAMAL GRANADA KM 16','65','163','-9.878966, -67.069715','1'),(25,'8','209','CENTRO DE REFERENCIA E ASSISTENCIA SOCIAL - CRAS','AV PARANÁ N 743  ','17','298','-10.078736, -67.055755','1'),(26,'8','215','POLO UNIVERSITÁRIO DA UAB','RUA ADENILSON ROGERIO DE OLIVEIRA PROX. A ELETROACRE ','17','297','-10.073567, -67.054722','1'),(27,'8','233','ESCOLA ALTINA MAGALHÃES','BR 364 KM 114','65','109','-9.873821, -66.920906','1'),(28,'8','64','ESCOLA PEDRO CASTRO MEIRELES','AV PARANÁ RUA DOS PINHEIROS  ','17','285','-10.078587, -67.055955','1'),(29,'8','72','ESCOLA PEDRO CASTRO MEIRELES','AV PARANÁ RUA DOS PINHEIROS  ','17','285','-10.078587, -67.055955','1'),(30,'8','77','ESCOLA PEDRO CASTRO MEIRELES','AV PARANÁ RUA DOS PINHEIROS  ','17','289','-10.078587, -67.055955','1'),(31,'8','8','ESCOLA ALTINA MAGALHÃES','BR 364 KM 114','65','274','-9.873821, -66.920906','1'),(32,'8','83','ESCOLA ALTINA MAGALHÃES','BR 364 KM 114','65','265','-9.873821, -66.920906','1'),(33,'8','84, 224','ESCOLA PEDRO CASTRO MEIRELES','AV PARANÁ RUA DOS PINHEIROS  ','17','333','-10.078587, -67.055955','1'),(34,'8','85','ESCOLA MARIA DE JESUS RIBEIRO','ROD AC 401 KM 15 S/N VILA REDENâíO  ','65','250','-10.079061, -67.081197','1'),(35,'8','9','ESCOLA ALTINA MAGALHÃES','BR 364 KM 114  ','65','261','-9.873821, -66.920906','1'),(36,'8','93','CRECHE MUNICIPAL','AV GERALDO BARBOSA C/ AV. PARANÁ','17','288','-10.076727, -67.055750','1'),(37,'8','94','ESCOLA NOVO HORIZONTE','ROD AC 475','17','207','-10.073876, -67.054982','1'),(38,'8','95','ESCOLA SANTA LUCIA III ','BR 364 KM 92 RAMAL GRANADA KM 16  ','65','262','-9.878966, -67.069715','1'),(39,'8','99','ESCOLA NOVO HORIZONTE','ROD AC 475','17','208','-10.073876, -67.054982','1'),(64,'6','104','ESCOLA KAJPAHA','ALDEIA JATOBÁ - ÁS MARGENS DO ALTO RIO IACO ','65','','-10.605283, -70.017762','2'),(65,'6','108','ESCOLA INDÍGENA 7 ESTRELAS - ALDEIA EXTREMA','ALDEIA EXTREMA, ALTO RIO IACO ','65','','-10.707757, -70.234481','2'),(66,'6','114','ESCOLA PIYAKATI','TERRA INDIGENA CABECEIRA DO RIO ACRE - ALDEIA 3 CACHOEIRAS ','65','','-10.967847, -70.301940','2'),(67,'6','115','ESCOLA CARIOLANDO DE SOUZA GOMES','SERINGAL SÃO FRANCISCO - COLOCAÇÃO DERRETIDO ÀS MARGENS DO RIO ACRE  ','65','','-10.953903, -69.643052','2'),(68,'6','129','ESCOLA MARIA FERREIRA DA SILVA','RUA JUVENAL DUARTE DE SOUZA S/N','11','','-10.939328, -69.556182','2'),(69,'6','130','ESCOLA EDILSA MARIA BATISTA','RUA ENEIDE BATISTA N. 830','159','','-10.940415, -69.564085','2'),(70,'6','27','ESCOLA SIMON BOLIVAR','RUA DOM GIOCONDO MARIA GROTT N. 019 ','17','','-10.942559, -69.567747','2'),(71,'6','28','ESCOLA SIMON BOLIVAR','RUA DOM GIOCONDO MARIA GROTT N. 019 ','17','','-10.942559, -69.567747','2'),(72,'6','29','ESCOLA EDILSA MARIA BATISTA','RUA ENEIDE BATISTA N. 830','159','','-10.940415, -69.564085','2'),(73,'6','30','ESCOLA IRIS CELIA CABANELLAS ZANNINI','RUA ENEIDE BATISTA 525 ','17','','-10.939774, -69.566413','2'),(74,'6','31','ESCOLA IRIS CELIA CABANELLAS ZANNINI','RUA ENEIDE BATISTA 525 ','17','','-10.939774, -69.566413','2'),(75,'6','36','ESCOLA SIMON BOLIVAR','RUA DOM GIOCONDO MARIA GROTT N. 019 ','17','','-10.942559, -69.567747','2'),(76,'6','37','ESCOLA IRIS CELIA CABANELLAS ZANNINI','RUA ENEIDE BATISTA 525 ','17','','-10.939774, -69.566413','2'),(77,'6','43','ESCOLA IRIS CELIA CABANELLAS ZANNINI','RUA ENEIDE BATISTA 525 ','17','','-10.939774, -69.566413','2'),(78,'6','52','ESCOLA IRIS CELIA CABANELLAS ZANNINI','RUA ENEIDE BATISTA 525 ','17','','-10.939774, -69.566413','2'),(79,'6','66','ESCOLA MARIA FERREIRA DA SILVA','RUA JUVENAL DUARTE DE SOUZA S/N','11','','-10.939328, -69.556182','2'),(80,'6','73','ESCOLA EDILSA MARIA BATISTA','RUA ENEIDE BATISTA N. 830','159','','-10.940415, -69.564085','2'),(81,'6','78','ESCOLA BAIXA VERDE','SERINGAL ICURIA RAMAL DO KM-40 DIVISAO ','65','','-10.931547, -69.605357','2'),(82,'6','79','POSTO DE SAUDE CRISTO RESSUSCITADO','SERINGAL ICURIA KM-76 ','65','','-10.933485, -69.609134','2'),(83,'6','90','ESCOLA IRIS CELIA CABANELLAS ZANNINI','RUA ENEIDE BATISTA 525 ','17','','-10.939774, -69.566413','2'),(84,'6','93','CÂMARA MUNICIPAL','RUA RAIMUNDO CHAAR ','17','','-10.939853, -69.567231','2'),(85,'6','95','ESCOLA SIMON BOLIVAR','RUA DOM GIOCONDO MARIA GROTT N. 019 ','17','','-10.942559, -69.567747','2'),(95,'6','1','CENTRO DE REFERENCIA PARA MULHERES','RUA JOSE KAIRALA N. 0042','17','','-11.011733, -68.740532','3'),(96,'6','100','ESCOLA FULGÊNCIO DE PAIVA','BR 317 KM 59 MAIS 18 KM DE RAMAL - COMUNIDADE LUA NOVA','65','','-10.844772, -69.029610','3'),(97,'6','102','ESCOLA PRINCESA IZABEL','BR 317 KM 84 MAIS 07 KM DE RAMAL - SERINGAL ETELVE','65','','-10.912506, -69.245330','3'),(98,'6','11, 12','ESCOLA GETULIO VARGAS','AV. RUI LINO N. 031','17','','-11.015859, -68.744427','3'),(99,'6','111','ESCOLA VALDOMIRO FERREIRA BARROSO','KM 19 RAMAL 13 (CHICO LEAL)','65','','-10.791986, -69.296041','3'),(100,'6','112','ESCOLA SANTA HELENA','BR 317 KM 60 RML SANTA HELENA KM 12 SGL MONTEVIDÉU','65','','-10.823027, -69.079780','3'),(101,'6','113','ESCOLA ANTÔNIO CARNEIRO DA SILVA','BR 317 KM 04 RML DO POLO KM 04','65','','-10.951576, -68.794619','3'),(102,'6','117','ESCOLA PADRE JOSÉ DE ANCHIETA','RESERVA CHICO MENDES-BR317 - KM 59 MAIS 60 KM DENTRO DO RAMAL 59','65','','-10.611166, -69.081808','3'),(103,'6','118','ESCOLA FONTENELE DE CASTRO','AV. DR. MANOEL MARINHO MONTE N. 019','153','','-11.000116, -68.750511','3'),(104,'6','120','ESCOLA FONTENELE DE CASTRO','AV. DR. MANOEL MARINHO MONTE N. 019','153','','-11.000116, -68.750511','3'),(105,'6','121','ESCOLA ELSON DIAS DANTAS','RUA ELSON DIAS DANTAS N. 208','154','','-11.011041, -68.759706','3'),(106,'6','122','SESC-SERVIÇO SOCIAL DO COMERCIO','RUA JOAO JOVINO DE OLIVEIRA S/N','152','','-10.999067, -68.753907','3'),(107,'6','13, 14','ESCOLA GETULIO VARGAS','AV. RUI LINO N. 031','17','','-11.015859, -68.744427','3'),(108,'6','132','ESCOLA GETULIO VARGAS','BR 317 KM 84','65','','-10.822385, -69.204892','3'),(109,'6','15, 33','ESCOLA GETULIO VARGAS','AV. RUI LINO N. 031','17','','-11.015859, -68.744427','3'),(110,'6','16','FUNASA - CONTROLE DE ENDEMIAS','RUA PEDRO PEREIRA N. 127','17','','-11.011838, -68.742585','3'),(111,'6','17','FUNASA - CONTROLE DE ENDEMIAS','RUA PEDRO PEREIRA N. 127','17','','-11.011838, -68.742585','3'),(112,'6','18, 38','ESCOLA VITORIA SALVATIERRA CESAR','AV. RUI LINO N. 061','17','','-11.015542, -68.744205','3'),(113,'6','19, 127','SEMED','RUA 02 DE NOVEMBRO N. 102','155','','-11.008680, -68.745575','3'),(114,'6','2','SESC-SERVIÇO SOCIAL DO COMERCIO','RUA JOAO JOVINO DE OLIVEIRA S/N','152','','-10.999067, -68.753907','3'),(115,'6','20','SESC-SERVIÇO SOCIAL DO COMERCIO','RUA JOAO JOVINO DE OLIVEIRA S/N.','152','','-10.999067, -68.753907','3'),(116,'6','21','ESCOLA OS PASTORINHOS','RUA MARIA DA ANUNCIAÇÃO PAULA MOREIRA, 336','152','','-11.003765, -68.751552','3'),(117,'6','23, 58','ESCOLA OS PASTORINHOS','RUA MARIA DA ANUNCIAÇÃO PAULA MOREIRA, 336','152','','-11.003765, -68.751552','3'),(118,'6','24','CEDUP - CENTRO DE ESTUDOS EDUCAÇÃO PERMANENTE','AV. PREFEITO ROLANDO MOREIRA N. 230','17','','-11.015163, -68.749831','3'),(119,'6','25','ESCOLA VALERIA BISPO SABALA','KM 26 ESTRADA DO PACIFICO','65','','-10.796033, -69.378439','3'),(120,'6','3','CAMARA MUNICIPAL','RUA GENY ASSIS N. 397','17','','-11.014587, -68.748526','3'),(121,'6','32','ESCOLA KAIRALA JOSE KAIRALA','RUA JOSE KAIRALA N. 072','155','','-11.012526, -68.741120','3'),(122,'6','35','CEDUP - CENTRO DE ESTUDOS EDUCAÇÃO PERMANENTE','AV. PREFEITO ROLANDO MOREIRA N. 230','17','','-11.015163, -68.749831','3'),(123,'6','39, 131','ESCOLA INFANTIL MENINO JESUS','RUA JOAO JOVINO DE OLIVEIRA S/N','152','','-11.005491, -68.754823','3'),(124,'6','4, 126, 133','ESCOLA MARIA SOCORRO FROTA DE SOUZA','RUA JOÃO SALES DE MOURA','171','','-10.993756, -68.751010','3'),(125,'6','41','ESCOLA KAIRALA JOSE KAIRALA','RUA JOSE KAIRALA N. 072','155','','-11.012526, -68.741120','3'),(126,'6','44','ESCOLA KAIRALA JOSE KAIRALA','RUA JOSE KAIRALA N. 072','155','','-11.012526, -68.741120','3'),(127,'6','45','ESCOLA MARIA SOCORRO FROTA DE SOUZA','RUA JOÃO SALES DE MOURA','171','','-10.993756, -68.751010','3'),(128,'6','5','SEAPROF SEDE','RUA 02 DE NOVEMBRO N. 101','155','','-11.008929, -68.745320','3'),(129,'6','53, 128','ESCOLA VALDOMIRO FERREIRA BARROSO','KM 19 RAMAL 13 (CHICO LEAL)','65','','-10.791986, -69.296041','3'),(130,'6','54','ESCOLA PADRE ANDRE NATALINO','KM 13 04 BOCAS, ESTRADA DO PACÍFICO','65','','-10.952475, -68.867575','3'),(131,'6','55','SEAPROF - KM 68','BR 317 KM 67 ESTRADA DO PACIFICO','65','','-10.773752, -69.317471','3'),(132,'6','56','UBS-UNIDADE BASICA DE SAÚDE PEDRO OLIVEIRA DE SOUZA','BR 317 KM 68','65','','-10.803235, -69.366037','3'),(133,'6','57, 119','ESCOLA VALERIA BISPO SABALA','KM 26 ESTRADA DO PACIFICO','65','','-10.796033, -69.378439','3'),(134,'6','6','ESCOLA KAIRALA JOSE KAIRALA','RUA JOSE KAIRALA N. 072','155','','-11.012526, -68.741120','3'),(135,'6','62','ESCOLA ODILON PRATAGI','RUA 12 DE OUTUBRO N. 205','17','','-11.007457, -68.743216','3'),(136,'6','63','ESCOLA ELSON DIAS DANTAS','RUA ELSON DIAS DANTAS N. 208','154','','-11.011041, -68.759706','3'),(137,'6','67','ESCOLA ODILON PRATAGI','RUA 12 DE OUTUBRO N. 205','17','','-11.007457, -68.743216','3'),(138,'6','7','ESCOLA KAIRALA JOSE KAIRALA','RUA JOSE KAIRALA N. 072','155','','-11.012526, -68.741120','3'),(139,'6','74','ESCOLA FONTENELE DE CASTRO','AV. DR. MANOEL MARINHO MONTE N. 019','153','','-11.000116, -68.750511','3'),(140,'6','75','ESCOLA ELSON DIAS DANTAS','RUA ELSON DIAS DANTAS N. 208','154','','-11.011041, -68.759706','3'),(141,'6','76','ESCOLA ODILON PRATAGI','RUA 12 DE OUTUBRO N. 205','17','','-11.007457, -68.743216','3'),(142,'6','8','ESCOLA KAIRALA JOSE KAIRALA','RUA JOSE KAIRALA N. 072','155','','-11.012526, -68.741120','3'),(143,'6','80','ESCOLA ODILON PRATAGI','RUA 12 DE OUTUBRO N. 205','17','','-11.007457, -68.743216','3'),(144,'6','81','ESCOLA FONTENELE DE CASTRO','AV. DR. MANOEL MARINHO MONTE N. 019','153','','-11.000116, -68.750511','3'),(145,'6','83','ESCOLA ODILON PRATAGI','RUA 12 DE OUTUBRO N. 205','17','','-11.007457, -68.743216','3'),(146,'6','84','CENTRO DE REFERENCIA PARA MULHERES','RUA JOSE KAIRALA N. 0042','17','','-11.011733, -68.740532','3'),(147,'6','85','ESCOLA ELSON DIAS DANTAS','RUA ELSON DIAS DANTAS N. 208','154','','-11.011041, -68.759706','3'),(148,'6','87','ESCOLA FONTENELE DE CASTRO','AV. DR. MANOEL MARINHO MONTE N. 019','153','','-11.000116, -68.750511','3'),(149,'6','88','CENTRO CULTURAL SEBASTIÃO JOAQUIM DANTAS BARROSO','RUA VITÓRIA SALVATIERRA N. 1090','153','','-10.998849, -68.750565','3'),(150,'6','89','ESCOLA ODILON PRATAGI','RUA 12 DE OUTUBRO N. 205','17','','-11.007457, -68.743216','3'),(151,'6','91','ESCOLA FONTENELE DE CASTRO','AV. DR. MANOEL MARINHO MONTE N. 019','153','','-11.000116, -68.750511','3'),(152,'6','94','SESC-SERVIÇO SOCIAL DO COMERCIO','RUA JOAO JOVINO DE OLIVEIRA S/N.','152','','-10.999067, -68.753907','3'),(153,'6','99','ESCOLA ARACI ROCHA DE SOUZA','BR 317 KM 26 MAIS 26 KM DE RAMAL - COMUNIDADE SÃO LUIZ','65','','-10.868522, -68.851146','3'),(158,'9','1','ESCOLA EDMUNDO PINTO DE ALMEIDA NETO','RUA EXPEDITO PEREIRA DE SOUZA, 1241','17','282','-9.822729, -67.950876','4'),(159,'9','10','ESCOLA JOSE CEZARIO DE FARIAS','BR 364 KM 55  ESTRADA DE SENA MADUREIRA S/N ','65','279','-9.726210, -68.123855','4'),(160,'9','120','ESCOLA SÃO JOÃO BATISTA','RUA JOSÉ PEREIRA GURGEL, 835','17','318','-9.824729, -67.949900','4'),(161,'9','136','ESCOLA JOSE CEZARIO DE FARIAS','BR 364 KM 55  ESTRADA DE SENA MADUREIRA S/N ','65','280','-9.726210, -68.123855','4'),(162,'9','137','ESCOLA SÃO JOÃO BATISTA','RUA JOSÉ PEREIRA GURGEL, 835','17','314','-9.824729, -67.949900','4'),(163,'9','163','FUNTAC - PROJETO ANTIMARI','BR-364 KM-86 PONTE DO RIO ANTIMARI - DESCENDO O RIO 4 HORAS ','65','217','-9.425296, -68.276799','4'),(164,'9','186','ESCOLA SÃO JOÃO BATISTA','RUA JOSÉ PEREIRA GURGEL, 835','17','311','-9.824729, -67.949900','4'),(165,'9','192','CENTRO DE CULTURA E FLORESTANIA','RUA RAIO DE SOL S/N ','17','339','-9.826660, -67.951176','4'),(166,'9','2','ESCOLA EDMUNDO PINTO DE ALMEIDA NETO','RUA EXPEDITO PEREIRA DE SOUZA, 1241','17','282','-9.822729, -67.950876','4'),(167,'9','200, 310','ESCOLA RURAL NOVA VIDA','BR 346 KM 52 RAMAL DO ESPINHARA KM 15 ','65','346','-9.749196, -68.121060','4'),(168,'9','201','ESCOLA RURAL MARIA DO CARMO RAMOS','BR 346 KM 52 RAMAL LINHA NOVA KM 22 ','65','326','-9.751103, -68.112215','4'),(169,'9','202','CENTRO DE CULTURA E FLORESTANIA','RUA RAIO DE SOL S/N ','17','340','-9.826660, -67.951176','4'),(170,'9','208','CENTRO DE CULTURA E FLORESTANIA','RUA RAIO DE SOL S/N ','17','330','-9.826660, -67.951176','4'),(171,'9','212','SEAPROF','RUA RAIO DE SOL S/N ','17','322','-9.826726, -67.951254','4'),(172,'9','237','SEAPROF','RUA RAIO DE SOL S/N ','17','328','-9.826726, -67.951254','4'),(173,'9','242','CRECHE PROFESSORA DONA BELA','RUA RAIO DE SOL S/N ','17','343','-9.827036, -67.951318','4'),(174,'9','252','CRECHE PROFESSORA DONA BELA','RUA RAIO DE SOL S/N ','17','355','-9.827036, -67.951318','4'),(175,'9','3','ESCOLA EDMUNDO PINTO DE ALMEIDA NETO','RUA EXPEDITO PEREIRA DE SOUZA, 1241','17','266','-9.822729, -67.950876','4'),(176,'9','304','ESCOLA SÃO JOÃO BATISTA','RUA JOSÉ PEREIRA GURGEL, 835','17','321','-9.824729, -67.949900','4'),(177,'9','305','ESCOLA EDMUNDO PINTO DE ALMEIDA NETO','RUA EXPEDITO PEREIRA DE SOUZA, 1241','17','241','-9.822729, -67.950876','4'),(178,'9','4','ESCOLA EDMUNDO PINTO DE ALMEIDA NETO','RUA EXPEDITO PEREIRA DE SOUZA, 1241','17','270','-9.822729, -67.950876','4'),(179,'9','5','ESCOLA SÃO JOÃO BATISTA','RUA JOSÉ PEREIRA GURGEL, 835','17','318','-9.824729, -67.949900','4'),(180,'9','6','ESCOLA SÃO JOÃO BATISTA','RUA JOSÉ PEREIRA GURGEL, 835','17','321','-9.824729, -67.949900','4'),(181,'9','7','ESCOLA JOSE CEZARIO DE FARIAS','BR 364 KM 55  ESTRADA DE SENA MADUREIRA S/N ','65','278','-9.726210, -68.123855','4'),(182,'9','8','ESCOLA JOSE CEZARIO DE FARIAS','BR 364 KM 55  ESTRADA DE SENA MADUREIRA S/N ','65','279','-9.726210, -68.123855','4'),(183,'9','9','ESCOLA JOSE CEZARIO DE FARIAS','BR 364 KM 55  ESTRADA DE SENA MADUREIRA S/N ','65','280','-9.726210, -68.123855','4'),(189,'8','105','ESCOLA ARGENTINA PEREIRA FEITOSA','AVENIDA PARANA S/N ','17','292','-10.572005, -67.675682','5'),(190,'8','106','ESCOLA ARGENTINA PEREIRA FEITOSA','AVENIDA PARANA S/N ','17','297','-10.572005, -67.675682','5'),(191,'8','107','ESCOLA ARGENTINA PEREIRA FEITOSA','AVENIDA PARANA S/N ','17','299','-10.572005, -67.675682','5'),(192,'8','108','ESCOLA ARGENTINA PEREIRA FEITOSA','AVENIDA PARANA S/N ','17','291','-10.572005, -67.675682','5'),(193,'8','109','ESCOLA NAIR SOMBRA','TRAVESSA BENEVENUTE S/N','17','296','-10.577081, -67.676355','5'),(194,'8','110','ESCOLA NAIR SOMBRA','TRAVESSA BENEVENUTE S/N','17','292','-10.577081, -67.676355','5'),(195,'8','120','ESCOLA NAIR SOMBRA','TRAVESSA BENEVENUTE S/N','17','293','-10.577081, -67.676355','5'),(196,'8','122','ESCOLA NAIR SOMBRA','TRAVESSA BENEVENUTE S/N','17','297','-10.577081, -67.676355','5'),(197,'8','129','ESCOLA NOELIA MARIA ALVES DE SOUZA','TRAVESSA CECILIA BOA VENTURA S/N','17','287','-10.573931, -67.677011','5'),(198,'8','133','ESCOLA NOELIA MARIA ALVES DE SOUZA','TRAVESSA CECILIA BOA VENTURA S/N','17','262','-10.573931, -67.677011','5'),(199,'8','135','ESCOLA NOVA ESPERANÇA','BR 317 KM 25 RML ANTONIO COSTA KM 12','65','235','-10.477609, -67.686077','5'),(200,'8','136, 217','CÂMARA MUNICIPAL','AVENIDA GOVERNADOR EDMUNDO PINTO ','17','298','-10.575908, -67.676913','5'),(201,'8','139, 190','SEAPROF ','AVENIDA GOVERNADOR EDMUNDO PINTO ','17','204','-10.578348, -67.679123','5'),(202,'8','140','ESCOLA NOVA ESPERANÇA','BR 317 KM 25 RML ANTONIO COSTA KM 12 ','65','229','-10.510770, -67.646578','5'),(203,'8','145','PRE-ESCOLA MUNDO ENCANTADO','AVENIDA BRASIL S/N','17','262','-10.572374, -67.675271','5'),(204,'8','147, 238','ESCOLA NOVA ESPERANÇA','BR 317 KM 25 RML ANTONIO COSTA KM 12 ','65','249','-10.510770, -67.646578','5'),(205,'8','148','ESCOLA NOVA ESPERANÇA','BR 317 KM 25 RML ANTONIO COSTA KM 12 ','65','233','-10.510770, -67.646578','5'),(206,'8','150','INCRA','RAMAL DO BARRIGA KM 18 DPAD ALCOBRAS ','65','177','-10.582930, -67.838615','5'),(207,'8','158','ESCOLA SÃO FRANCISCO','RESER. SÃO LUIZ REMANSO  MARGENS RIO ACRE','65','174','-10.350425, -67.872949','5'),(208,'8','163','ESCOLA MARIETA FREIRE','VILA HORTIGRANJEIRA','65','260','-10.551901, -67.678077','5'),(209,'8','170','ESCOLA NOELIA MARIA ALVES DE SOUZA','TRAVESSA CECILIA BOA VENTURA S/N','64','263','-10.573931, -67.677011','5'),(210,'8','171, 197','CÂMARA MUNICIPAL','AVENIDA GOVERNADOR EDMUNDO PINTO ','17','301','-10.575908, -67.676913','5'),(211,'8','176','CÂMARA MUNICIPAL','AVENIDA GOVERNADOR EDMUNDO PINTO ','17','299','-10.575908, -67.676913','5'),(212,'8','177','ESCOLA NOELIA MARIA ALVES DE SOUZA','TRAVESSA CECILIA BOA VENTURA S/N','64','267','-10.573931, -67.677011','5'),(213,'8','191','ESCOLA JOSE ALVES DA SILVA','BR 317 KM 55 RML DO OLIVEIRA KM 13 SER. CAPATARA','65','145','-10.489533, -67.683017','5'),(214,'8','193, 218, 254','ESCOLA ARISTON FERREIRA DA CUNHA','BR 317 KM 100','65','288','-10.611076, -67.820293','5'),(215,'8','194','CENTRO DE FLORESTANIA','AVENIDA GOVERNADOR EDMUNDO PINTO - PROX. PMAC','17','308','-10.570299, -67.675794','5'),(216,'8','196','ESCOLA MARIA FERNANDES DE AMORIM','AC 40 KM 116 RML ZÉ DO COCO KM 18 MARGENS DO RIO ACRE PA VILA NOVA','65','92','-10.380938, -67.916672','5'),(217,'8','230','CENTRO DE FLORESTANIA','AVENIDA GOVERNADOR EDMUNDO PINTO - PROX. PMAC','17','277','-10.570299, -67.675794','5'),(218,'8','231','ESCOLA MARIETA FREIRE','VILA HORTIGRANJEIRA','65','133','-10.551901, -67.678077','5'),(219,'8','240, 245','ESCOLA NOVA ESPERANÇA','BR 317 KM 25 RML ANTONIO COSTA KM 12 ','65','13','-10.510770, -67.646578','5'),(220,'4','1, 2','ESCOLA COMANDANTE BRAZ DE AGUIAR','RUA RUI BARBOSA, Nº 337','17','256','-7.634223, -72.666311','6'),(221,'4','106, 147','ESCOLA COMANDANTE BRAZ DE AGUIAR','RUA RUI BARBOSA, Nº 337','17','255','-7.634223, -72.666311','6'),(222,'4','108','ESCOLA DOM HENRIQUE RUTH','RUA PURÚS, Nº 611','181','325','-7.629966, -72.681212','6'),(223,'4','11','ESCOLA RODRIGUES ALVES','TRAVESSA DA VÁRZEA, Nº 111','191','178','-7.631606, -72.658400','6'),(224,'4','110','ESCOLA PROFª FRANCISCA RITA DE CÁSSIA LIMA PINTO','RUA RIO DE JANEIRO, Nº 100','185','268','-7.616518, -72.668308','6'),(225,'4','111','ESCOLA CORAZITA NEGREIROS','RUA PARÁ, Nº 855','190','311','-7.624511, -72.662230','6'),(226,'4','112, 374','ESCOLA GOVERNADOR HUGO CARNEIRO','RUA SERGIPE, Nº 51','26','292','-7.626467, -72.674644','6'),(227,'4','113','ESCOLA REGO BARROS','RUA PEDRO TELES, Nº 450','17','199','-7.636314, -72.674011','6'),(228,'4','117','ESCOLA CRAVEIRO COSTA','RUA GOIÁS','186','199','-7.622462, -72.659990','6'),(229,'4','119, 249','ESCOLA VALÉRIO CALDAS DE MAGALHÃES','TRAVESSA BOULEVARD THAUMATURGO, Nº 267','17','270','-7.635582, -72.669686','6'),(230,'4','12','ESCOLA RODRIGUES ALVES','TRAVESSA DA VÁRZEA, Nº 111','191','183','-7.631606, -72.658400','6'),(231,'4','120','ESCOLA PROFESSORA QUITA','AVENIDA 23 DE OUTUBRO, Nº 181','188','307','-7.611153, -72.673606','6'),(232,'4','121','ESCOLA DOM HENRIQUE RUTH','RUA PURÚS, Nº 611','181','320','-7.629966, -72.681212','6'),(233,'4','123','ESCOLA DOM HENRIQUE RUTH','RUA PURÚS, Nº 611','181','329','-7.629966, -72.681212','6'),(234,'4','125','ESCOLA SÃO JOSÉ','AVENIDA 17 DE NOVEMBRO, Nº 94','183','199','-7.632584, -72.669918','6'),(235,'4','126','ESCOLA CRAVEIRO COSTA','RUA GOIÁS','186','201','-7.622462, -72.659990','6'),(236,'4','129','ESCOLA RODRIGUES ALVES','TRAVESSA DA VÁRZEA, Nº 111','191','178','-7.631606, -72.658400','6'),(237,'4','13','ESCOLA MARIA DE NAZARÉ LIMA','RUA FÉLIX GASPAR, Nº 31','17','332','-7.630497, -72.676955','6'),(238,'4','130','ESCOLA PRESBITERIANA','RUA SERGIPE, S/N','17','293','-7.625163, -72.672327','6'),(239,'4','131','ESCOLA CORA CORALINA','BR 364 - KM 86 - P. A - SANTA LUZIA','65','240','-7.741722, -72.459257','6'),(240,'4','135','ESCOLA OLAVO BILAC','BR 364 - SEDE DO P.A - SANTA LUZIA','65','290','-7.770828, -72.391594','6'),(241,'4','136','ESCOLA MANOEL BRAZ DE MELO','COLONIA ASSIS BRASIL','65','329','-7.585655, -72.811499','6'),(242,'4','137','ESCOLA CORA CORALINA','BR 364 - KM 86 - P. A - SANTA LUZIA ','65','243','-7.741722, -72.459257','6'),(243,'4','138','ESCOLA AUGUSTO SEVERO','COLÔNIA SANTA LUZIA- PARANÁ PENTENCOSTES','65','291','-7.528119, -72.882111','6'),(244,'4','139','ESCOLA EMÍDIO BRAGA DE VASCONCELOS','BOCA DA ALEMANHA - BR 307','65','277','-7.580741, -72.713581','6'),(245,'4','14','ESCOLA MARIA DE NAZARÉ LIMA','RUA FÉLIX GASPAR, Nº 31','17','336','-7.630497, -72.676955','6'),(246,'4','15, 54','ESCOLA COMANDANTE BRAZ DE AGUIAR','RUA RUI BARBOSA, Nº 337','17','245','-7.634223, -72.666311','6'),(247,'4','152','ESCOLA ANTONIO FERREIRA GOMES','VILA SANTA ROSA - BR 364','65','271','-7.666482, -72.812844','6'),(248,'4','154','ESCOLA THAUMATURGO DE AZEVEDO','RUA FLORIANO PEIXOTO, Nº 1065 ','174','289','-7.628679, -72.661520','6'),(249,'4','155','ESCOLA PE. MARCELINO CHAMPAGNAT','RUA CANAMARIS, Nº754','181','341','-7.632256, -72.678134','6'),(250,'4','156','ESCOLA MUSTAFA DE ALMEIDA TOBU','AVENIDA LAURO MULLER, Nº1424','181','293','-7.626549, -72.680289','6'),(251,'4','157','ESCOLA ABSOLON MOREIRA','AVENIDA COPACABANA, Nº 2500','26','295','-7.612260, -72.681191','6'),(252,'4','158','ESCOLA LUÍS ANTONIO MEIRIM PEDREIRA','AVENIDA 15 DE NOVEMBRO, S/N','179','300','-7.639359, -72.680221','6'),(253,'4','159, 379','ESCOLA 7 DE SETEMBRO','ESTRADA DO AEROPORTO - KM 10 ','187','296','-7.593306, -72.750049','6'),(254,'4','16','ESCOLA CRAVEIRO COSTA','RUA GOIÁS','186','197','-7.622462, -72.659990','6'),(255,'4','165','ESCOLA ARTUR LEBRE II','COMUNIDADE DA PRAINHA - RIO JURUÁ MIRIM','65','232','-7.875125, -72.758262','6'),(256,'4','167','ESCOLA CORA CORALINA','BR 364 - KM 86 - P. A - SANTA LUZIA ','65','243','-7.741722, -72.459257','6'),(257,'4','168','ESCOLA THAUMATURGO DE AZEVEDO','RUA FLORIANO PEIXOTO, Nº 1065','174','276','-7.628679, -72.661520','6'),(258,'4','17, 18','CENTRO DE FORMAÇÃO E TEC. DO JURUÁ - CEFLORA','RUA PARANÁ  265','172','305','-7.615824, -72.671793','6'),(259,'4','173','ESCOLA PROFESSOR ANTONIO DE BARROS FREIRE','RUA JAMINAUAS, Nº 427','190','318','-7.624188, -72.667498','6'),(260,'4','175','ESCOLA ABSOLON MOREIRA','AVENIDA COPACABANA, Nº 2500','26','296','-7.612260, -72.681191','6'),(261,'4','178','ESCOLA RENATO BRAGA','VILA LAGOINHA - BR 364','65','341','-7.740454, -72.486638','6'),(262,'4','179','ESCOLA THAUMATURGO DE AZEVEDO','RUA FLORIANO PEIXOTO, Nº 1065','174','272','-7.628679, -72.661520','6'),(263,'4','183','ESCOLA CORAZITA NEGREIROS','RUA PARÁ, Nº 855','190','311','-7.624511, -72.662230','6'),(264,'4','184, 224','ESCOLA EMÍDIO BRAGA DE VASCONCELOS','BOCA DA ALEMANHA - BR 307','65','351','-7.580741, -72.713581','6'),(265,'4','185, 352','ESCOLA AUGUSTO SEVERO','COLÔNIA SANTA LUZIA- PARANÁ PENTENCOSTES','65','355','-7.528119, -72.882111','6'),(266,'4','187','ESCOLA DOM HENRIQUE RUTH','RUA PURÚS, Nº 611','181','335','-7.629966, -72.681212','6'),(267,'4','188','ESCOLA PE. MARCELINO CHAMPAGNAT','RUA CANAMARIS, Nº754','181','349','-7.632256, -72.678134','6'),(268,'4','189','ESCOLA PE. CARLOS KUNZ','RUA FRANK PACHECO, S/N','182','288','-7.637651, -72.679042','6'),(269,'4','19, 20','ESCOLA VALÉRIO CALDAS DE MAGALHÃES','TRAVESSA BOULEVARD THAUMATURGO, Nº 267','17','270','-7.635582, -72.669686','6'),(270,'4','191, 370','ESCOLA ANTONIO FERREIRA GOMES','VILA SANTA ROSA - BR 364','65','344','-7.666482, -72.812844','6'),(271,'4','192','ESCOLA MACHADO DE ASSIS','BR 364 - KM 85 - P. A - SANTA LUZIA','65','160','-7.750463, -72.400696','6'),(272,'4','194','ESCOLA PROFESSOR ANTONIO DE BARROS FREIRE','RUA JAMINAUAS, Nº 427','190','314','-7.624188, -72.667498','6'),(273,'4','195','ESCOLA MARIA LIMA DE SOUZA','RUA AMAZONAS, Nº 261','177','349','-7.629149, -72.657255','6'),(274,'4','198','ESCOLA MUSTAFA DE ALMEIDA TOBU','AVENIDA LAURO MULLER, Nº1424','181','288','-7.626549, -72.680289','6'),(275,'4','199','ESCOLA PE. DAMIÃO','RUA DO REMANSO, Nº 1116','186','316','-7.619632, -72.659346','6'),(276,'4','200','ESCOLA CRAVEIRO COSTA','RUA GOIÁS','186','194','-7.622462, -72.659990','6'),(277,'4','204','ESCOLA MANOEL BRAZ DE MELO','COLONIA ASSIS BRASIL','65','331','-7.585655, -72.811499','6'),(278,'4','205','ESCOLA MACHADO DE ASSIS','BR 364 - KM 85 - P. A - SANTA LUZIA','65','154','-7.750463, -72.400696','6'),(279,'4','206','ESCOLA MADRE ADELGUNDES BECKER','RUA SANTO ANTONIO. S/N','51','334','-7.642087, -72.660288','6'),(280,'4','207','ESCOLA PE. CRISTÓVÃO FREIRE ARNOUD','ESTRADA DO AEROPORTO. S/N - KM 01','184','315','-7.617458, -72.700068','6'),(281,'4','208','ESCOLA OLAVO BILAC','BR 364 - SEDE DO P.A - SANTA LUZIA','65','287','-7.770828, -72.391594','6'),(282,'4','21, 23','CENTRO DE FORMAÇÃO E TEC. DO JURUÁ - CEFLORA','RUA PARANÁ  265','172','305','-7.615824, -72.671793','6'),(283,'4','210','ESCOLA TANCREDO DE ALMEIDA NEVES','RUA DO ESPÍRITO SANTO. S/N','104','295','-7.623072, -72.676450','6'),(284,'4','211','ESCOLA MARIA DE NAZARÉ SANTIAGO','VILA SÃO PEDRO - BR 364','65','242','-7.722904, -72.743486','6'),(285,'4','213','ESCOLA LUÍS ANTONIO MEIRIM PEDREIRA','AVENIDA 15 DE NOVEMBRO, S/N','179','311','-7.639359, -72.680221','6'),(286,'4','214','ESCOLA PROFESSORA QUITA','AVENIDA 23 DE OUTUBRO, Nº 181','188','297','-7.611153, -72.673606','6'),(287,'4','219','ESCOLA MARIA LIMA DE SOUZA','RUA AMAZONAS, Nº 261','177','363','-7.629149, -72.657255','6'),(288,'4','22','CENTRO DE FORMAÇÃO E TEC. DO JURUÁ - CEFLORA','RUA PARANÁ  265','172','167','-7.615824, -72.671793','6'),(289,'4','220','ESCOLA MARIA DE NAZARÉ LIMA','RUA FÉLIX GASPAR, Nº 31','17','334','-7.630497, -72.676955','6'),(290,'4','222','ESCOLA THAUMATURGO DE AZEVEDO','RUA FLORIANO PEIXOTO, Nº 1065','174','270','-7.628679, -72.661520','6'),(291,'4','227, 348','ESCOLA SANTA LUZIA','SACADA DA ALEMANHA - CANELA FINA','65','376','-7.653843, -72.674503','6'),(292,'4','228','ESCOLA JADER MACHADO','BR 364 - KM 86 - P. A - SANTA LUZIA - RAMAL 3','65','310','-7.871823, -72.428281','6'),(293,'4','229','ESCOLA ALFREDO SAID ( BARCO)','FOZ DO VALPARAÍSO - RIO JURUÁ','65','186','-8.024351, -72.745417','6'),(294,'4','235','ESCOLA HELENA NOBRE (BARCO)','COMUNIDADE VISTA ALEGRE - RIO JURUÁ MIRIM','65','182','-8.119429, -72.808234','6'),(295,'4','238','ESCOLA PE. DAMIÃO','RUA DO REMANSO, Nº 1116','186','324','-7.619632, -72.659346','6'),(296,'4','239','ESCOLA MADRE ADELGUNDES BECKER','RUA SANTO ANTONIO. S/N','51','330','-7.642087, -72.660288','6'),(297,'4','24, 35','SECRETARIA DA FAZENDA ESTADUAL','RUA SIQUEIRA CAMPOS, S/N','17','348','-7.632032, -72.665150','6'),(298,'4','240','ESCOLA DARCY BEZERRA CHAVES','AVENIDA 25 DE AGOSTO, S/N','2','347','-7.601750, -72.683165','6'),(299,'4','242','ESCOLA DOM HENRIQUE RUTH','RUA PURÚS, Nº 611','181','326','-7.629966, -72.681212','6'),(300,'4','243','INSTITUTO CHICO MENDES - ANTIGO IBAMA','AVENIDA JAMINAUAS, Nº 1556','185','235','-7.621508, -72.670174','6'),(301,'4','244, 363','ESCOLA JADER MACHADO','BR 364 - KM 86 - P. A - SANTA LUZIA - RAMAL 3','65','391','-7.871823, -72.428281','6'),(302,'4','246','ESCOLA DOM HENRIQUE RUTH','RUA PURÚS, Nº 611','181','328','-7.629966, -72.681212','6'),(303,'4','247','ESCOLA PE. CARLOS KUNZ','RUA FRANK PACHECO, S/N','182','309','-7.637651, -72.679042','6'),(304,'4','25, 118','ESCOLA VALÉRIO CALDAS DE MAGALHÃES','TRAVESSA BOULEVARD THAUMATURGO, Nº 267','17','258','-7.635582, -72.669686','6'),(305,'4','252','ESCOLA MARIA LIMA DE SOUZA','RUA AMAZONAS, Nº 261','177','344','-7.629149, -72.657255','6'),(306,'4','253','ESCOLA PE. MARCELINO CHAMPAGNAT','RUA CANAMARIS, Nº754','181','339','-7.632256, -72.678134','6'),(307,'4','254','ESCOLA ABSOLON MOREIRA','AVENIDA COPACABANA, Nº 2500','26','206','-7.612260, -72.681191','6'),(308,'4','255','ESCOLA PROFESSOR ANTONIO DE BARROS FREIRE','RUA JAMINAUAS, Nº 427','190','330','-7.624188, -72.667498','6'),(309,'4','256','ESCOLA MUSTAFA DE ALMEIDA TOBU','AVENIDA LAURO MULLER, Nº1424','181','290','-7.626549, -72.680289','6'),(310,'4','257','ESCOLA ARTUR MAIA','RUA SOLIMÕES, S/N','175','353','-7.620776, -72.684351','6'),(311,'4','258','ESCOLA SANTA RITA','BR 364 - PROJETO SANTA LUZIA','65','270','-7.762538, -72.294858','6'),(312,'4','259','ESCOLA CORAZITA NEGREIROS','RUA PARÁ, Nº 855','190','304','-7.624511, -72.662230','6'),(313,'4','26, 186','ESCOLA BARÃO DO RIO BRANCO','RUA REGOS BARROS, Nº 107','17','234','-7.634986, -72.666804','6'),(314,'4','260','ESCOLA RENATO BRAGA','VILA LAGOINHA - BR 364','65','326','-7.740454, -72.486638','6'),(315,'4','261','ESCOLA EMÍDIO BRAGA DE VASCONCELOS','BOCA DA ALEMANHA - BR 307','65','277','-7.580741, -72.713581','6'),(316,'4','262','ESCOLA MADRE ADELGUNDES BECKER','RUA SANTO ANTONIO. S/N','51','330','-7.642087, -72.660288','6'),(317,'4','263','ESCOLA CORA CORALINA','BR 364 - KM 86 - P. A - SANTA LUZIA ','65','241','-7.741722, -72.459257','6'),(318,'4','266','UGAI - UNIDADE DE GESTÃO AMBIENTAL INTEGRADA','BR 364 - KM 116','65','365','-7.798031, -72.027883','6'),(319,'4','268','ESCOLA PE. DAMIÃO','RUA DO REMANSO, Nº 1116','186','317','-7.619632, -72.659346','6'),(320,'4','269','ESCOLA MARIA DE NAZARÉ SANTIAGO','VILA SÃO PEDRO - BR 364','65','249','-7.722904, -72.743486','6'),(321,'4','27','ESCOLA CRAVEIRO COSTA','RUA GOIÁS','186','198','-7.622462, -72.659990','6'),(322,'4','270','ESCOLA ALFREDO SAID ( BARCO)','FOZ DO VALPARAÍSO - RIO JURUÁ','65','184','-8.024351, -72.745417','6'),(323,'4','271','ESCOLA 21 DE ABRIL','MIRITIZAL','51','338','-7.641536, -72.662716','6'),(324,'4','275','ESCOLA RAINHA DA FLORESTA','BR 364 - KM 86 - P. A - SANTA LUZIA - RAMAL 3','65','341','-7.810536, -72.439254','6'),(325,'4','278','ESCOLA 7 DE SETEMBRO','ESTRADA DO AEROPORTO - KM 10 ','187','292','-7.593306, -72.750049','6'),(326,'4','28','SECRETARIA MUNICIPAL DO MEIO AMBIENTE','AVENIDA 15 DE NOVEMBRO','17','227','-7.633649, -72.671441','6'),(327,'4','280','ESCOLA JOAQUIM NOGUEIRA','RIOZINHO DA LIBERDADE - BR 364','65','303','-7.788445, -72.080595','6'),(328,'4','282','ESCOLA MANOEL BRAZ DE MELO','COLONIA ASSIS BRASIL','65','319','-7.585655, -72.811499','6'),(329,'4','285','ESCOLA ARTUR LEBRE II','COMUNIDADE DA PRAINHA - RIO JURUÁ MIRIM','65','213','-7.875125, -72.758262','6'),(330,'4','287','ESCOLA DOM HENRIQUE RUTH','RUA PURÚS, Nº 611','181','324','-7.629966, -72.681212','6'),(331,'4','288','ESCOLA JOÃO KUBITSCHEK','AVENIDA 25 DE AGOSTO, Nº 1712','172','303','-7.616309, -72.673035','6'),(332,'4','29','SECRETARIA MUNICIPAL DO MEIO AMBIENTE','AVENIDA 15 DE NOVEMBRO','17','223','-7.633649, -72.671441','6'),(333,'4','291','ESCOLA PE. EGON ANGEL','TERRA FIRME DE CIMA  RIO VALPARAISO','65','262','-8.073044, -72.622393','6'),(334,'4','293','ESCOLA DION THAUMATURGO','RAMAL DA BURITIRANA','65','254','-7.500094, -72.823050','6'),(335,'4','295','ESCOLA LUÍS ANTONIO MEIRIM PEDREIRA','AVENIDA 15 DE NOVEMBRO, S/N','179','303','-7.639359, -72.680221','6'),(336,'4','296','ESCOLA JOAQUIM NOGUEIRA','RIOZINHO DA LIBERDADE - BR 364','65','241','-7.788445, -72.080595','6'),(337,'4','297','UGAI - UNIDADE DE GESTÃO AMBIENTAL INTEGRADA','BR 364 - KM 116','65','373','-7.798031, -72.027883','6'),(338,'4','3, 4','ESCOLA COMANDANTE BRAZ DE AGUIAR','RUA RUI BARBOSA, Nº 337','17','254','-7.634223, -72.666311','6'),(339,'4','30, 31','CENTRO CULTURAL AMARINO SALES','AVENIDA RODRIGUES ALVES, S/N','17','307','-7.633659, -72.667226','6'),(340,'4','301','ESCOLA INDÍGENA TAMÃKÃYÃ','BR 364 - ALDEIA CAMPINAS','65','230','-7.773383, -72.201826','6'),(341,'4','305','ESCOLA 17 DE NOVEMBRO','COMUNIDADE BELO JARDIM  ESTRADA DO PARANÁ PENTECOSTES','65','204','-7.536524, -72.843725','6'),(342,'4','306','ESCOLA OVÍDIA BARBOSA DE MOURA','COMUNIDADE BOA VISTA DA SANTA MARIA  BR-307','65','136','-7.550384, -72.725663','6'),(343,'4','308','ESCOLA GENERAL RONDON','RAMAL DA MARIANA I','65','140','-7.677712, -72.796811','6'),(344,'4','312','POSTO DE FISCALIZAÇÃO','SANTA TEREZINHA  ESTRADA DO GUAJARÁ','65','203','-7.579044, -72.676508','6'),(345,'4','315','ESCOLA ARTUR MAIA','RUA SOLIMÕES, S/N','175','360','-7.620776, -72.684351','6'),(346,'4','319','ESCOLA SEBASTIANA SILENE VALENTE','BR 364 - KM 86 - P. A - SANTA LUZIA - RAMAL 2','65','141','-7.757126, -72.459079','6'),(347,'4','32','SECRETARIA DA RECEITA FEDERAL','AVENIDA JOAQUIM TÁVORA, Nº 31','17','218','-7.634554, -72.670761','6'),(348,'4','322','ESCOLA PROFESSOR ANTONIO DE BARROS FREIRE','RUA JAMINAUAS, Nº 427','190','327','-7.624188, -72.667498','6'),(349,'4','323','ESCOLA DARCY BEZERRA CHAVES','AVENIDA 25 DE AGOSTO, S/N','2','346','-7.601750, -72.683165','6'),(350,'4','328','ESCOLA PE. DAMIÃO','RUA DO REMANSO, Nº 1116','186','319','-7.619632, -72.659346','6'),(351,'4','329','ESCOLA VISCONDE DO RIO BRANCO','COMUNIDADE OLIVENÇA  RIO JURUÁ','65','180','-7.832312, -72.687980','6'),(352,'4','33, 71, 72','UNIDADE DE GESTÃO SUSTENTÁVEL - ANTIGA S D A','RUA REGO BARROS. S/N','17','290','-7.634340, -72.666854','6'),(353,'4','330','ESCOLA MADRE ADELGUNDES BECKER','RUA SANTO ANTONIO. S/N','51','328','-7.642087, -72.660288','6'),(354,'4','332','ESCOLA RAINHA DA FLORESTA','BR 364 - KM 86 - P. A - SANTA LUZIA - RAMAL 3','65','217','-7.810536, -72.439254','6'),(355,'4','333','ESCOLA PE. CRISTÓVÃO FREIRE ARNOUD','ESTRADA DO AEROPORTO. S/N - KM 01','184','261','-7.617458, -72.700068','6'),(356,'4','334','ESCOLA 21 DE ABRIL','MIRITIZAL','51','373','-7.641536, -72.662716','6'),(357,'4','336','ESCOLA ARTUR MAIA ','RUA SOLIMOES, S/N','175','256','-7.620776, -72.684351','6'),(358,'4','339','ESCOLA JOÃO BUSSONS DE OLIVEIRA ','VILA LAGOINHA - BR 364','65','154','-7.733449, -72.547544','6'),(359,'4','34, 109','ESCOLA BARÃO DO RIO BRANCO','RUA REGOS BARROS, Nº 107','17','232','-7.634986, -72.666804','6'),(360,'4','340','ESCOLA PE. CARLOS KUNZ','RUA FRANK PACHECO, S/N','182','136','-7.637651, -72.679042','6'),(361,'4','341','ESCOLA PROFESSORA QUITA ','AVENIDA 23 DE OUTUBRO, Nº 181','188','129','-7.611153, -72.673606','6'),(362,'4','342','ESCOLA ABSOLON MOREIRA ','AVENIDA COPACABANA, Nº 2500','26','300','-7.612260, -72.681191','6'),(363,'4','343','ESCOLA MANOEL BRAZ DE MELO','COLONIA ASSIS BRASIL','65','190','-7.585655, -72.811499','6'),(364,'4','344','ESCOLA MARIA DE NAZARÉ LIMA','RUA FELIX GASPAR, NO 31','17','106','-7.630497, -72.676955','6'),(365,'4','345','ESCOLA MARIA LIMA DE SOUZA','RUA AMAZONAS, Nº 261','177','235','-7.629149, -72.657255','6'),(366,'4','350','ESCOLA MADRE ADELGUNDES BECKER','RUA SANTO ANTONIO. S/N','51','299','-7.642087, -72.660288','6'),(367,'4','353','CRECHE MARIA CIDÁLIA','RUA 23 DE OUTUBRO - PROX. CABECS','188','164','-7.610528, -72.670423','6'),(368,'4','354','ESCOLA CORAZITA NEGREIROS ','RUA PARA, NO 855','190','113','-7.624511, -72.662230','6'),(369,'4','355','ESCOLA TANCREDO DE ALMEIDA NEVES','RUA DO ESPIRITO SANTO. S/N','104','145','-7.623072, -72.676450','6'),(370,'4','356','ESCOLA DOM HENRIQUE RUTH','RUA PURUS, NO 611','181','298','-7.629966, -72.681212','6'),(371,'4','358','ESCOLA PROFESSOR ANTONIO DE BARROS FREIRE','RUA JAMINAUAS, NO 427','190','194','-7.624188, -72.667498','6'),(372,'4','36, 105','CENTRO DE FORMAÇÃO E TEC. DO JURUÁ - CEFLORA','RUA PARANÁ  265 ','172','304','-7.615824, -72.671793','6'),(373,'4','360','ESCOLA PROFESSOR FLODOARDO CABRAL ','AVENIDA 28 DE SETEMBRO, Nº 834 - ESCOLA TÉCNICA','17','168','-7.628207, -72.672237','6'),(374,'4','362','ESCOLA LUÍS ANTONIO MEIRIM PEDREIRA','AVENIDA 15 DE NOVEMBRO, S/N','179','184','-7.639359, -72.680221','6'),(375,'4','365','ESCOLA PE. MARCELINO CHAMPAGNAT','RUA CANAMARIS, NO754','181','156','-7.632256, -72.678134','6'),(376,'4','37','BIBLIOTECA PÚBLICA PADRE TRINDADE','AVENIDA RODRIGUES ALVES, S/N','17','260','-7.633361, -72.666873','6'),(377,'4','376','ESCOLA DARCY BEZERRA CHAVES ','AVENIDA 25 DE AGOSTO, S/N','2','160','-7.601750, -72.683165','6'),(378,'4','378','ESCOLA DOM HENRIQUE RUTH','RUA PURUS, NO 611','181','189','-7.629966, -72.681212','6'),(379,'4','38','ESCOLA PROFESSOR FLODOARDO CABRAL ','AVENIDA 28 DE SETEMBRO, Nº 834  ESCOLA TÉCNICA','17','306','-7.628207, -72.672237','6'),(380,'4','39','ESCOLA PROFESSOR FLODOARDO CABRAL ','AVENIDA 28 DE SETEMBRO, Nº 834  ESCOLA TÉCNICA','17','295','-7.628207, -72.672237','6'),(381,'4','40','ESCOLA PROFESSOR FLODOARDO CABRAL ','AVENIDA 28 DE SETEMBRO, Nº 834  ESCOLA TÉCNICA','17','308','-7.628207, -72.672237','6'),(382,'4','41','ESCOLA PRESBITERIANA','RUA SERGIPE, S/N','17','295','-7.625163, -72.672327','6'),(383,'4','42','PRÉ ESCOLAR MARCELINO CHAMPAGNAT','RUA RUI BARBOSA, Nº 620','191','288','-7.632879, -72.663467','6'),(384,'4','43','PRÉ ESCOLAR MARCELINO CHAMPAGNAT','RUA RUI BARBOSA, Nº 620','191','283','-7.632879, -72.663467','6'),(385,'4','44','ESCOLA MARIA LIMA DE SOUZA','RUA AMAZONAS, Nº 261','177','364','-7.629149, -72.657255','6'),(386,'4','45','ESCOLA PROFESSOR ANTONIO DE BARROS FREIRE','RUA JAMINAUAS, Nº 427','190','331','-7.624188, -72.667498','6'),(387,'4','46','ESCOLA JOÃO KUBITSCHEK','AVENIDA 25 DE AGOSTO, Nº 1712','172','307','-7.616309, -72.673035','6'),(388,'4','47','ESCOLA JOÃO KUBITSCHEK','AVENIDA 25 DE AGOSTO, Nº 1712','172','312','-7.616309, -72.673035','6'),(389,'4','48','ESCOLA JOÃO KUBITSCHEK','AVENIDA 25 DE AGOSTO, Nº 1712','172','300','-7.616309, -72.673035','6'),(390,'4','49','ESCOLA TANCREDO DE ALMEIDA NEVES','RUA DO ESPÍRITO SANTO. S/N','104','295','-7.623072, -72.676450','6'),(391,'4','5, 6','ESCOLA BARÃO DO RIO BRANCO','RUA REGOS BARROS, Nº 107','17','215','-7.634986, -72.666804','6'),(392,'4','50, 134','CENTRO CULTURAL DO JURUÁ  ANTIGO FÓRUM','RUA RUI BARBOSA, 53','17','187','-7.635295, -72.665868','6'),(393,'4','51','ESCOLA TANCREDO DE ALMEIDA NEVES','RUA DO ESPÍRITO SANTO. S/N','104','303','-7.623072, -72.676450','6'),(394,'4','52','PREFEITURA MUNICIPAL','RUA RUI BARBOSA, Nº 67','17','143','-7.634193, -72.666315','6'),(395,'4','53','PREFEITURA MUNICIPAL','RUA RUI BARBOSA, Nº 67','17','110','-7.634193, -72.666315','6'),(396,'4','55','ESCOLA PROFª FRANCISCA RITA DE CÁSSIA LIMA PINTO','RUA RIO DE JANEIRO, Nº 100','185','277','-7.616518, -72.668308','6'),(397,'4','56','ESCOLA PROFª FRANCISCA RITA DE CÁSSIA LIMA PINTO','RUA RIO DE JANEIRO, Nº 100','185','273','-7.616518, -72.668308','6'),(398,'4','57','ESCOLA DARCY BEZERRA CHAVES','AVENIDA 25 DE AGOSTO, S/N','2','333','-7.601750, -72.683165','6'),(399,'4','58','ESCOLA DARCY BEZERRA CHAVES','AVENIDA 25 DE AGOSTO, S/N','2','339','-7.601750, -72.683165','6'),(400,'4','59','INSTITUTO CHICO MENDES - ANTIGO IBAMA','AVENIDA JAMINAUAS, Nº 1556','185','231','-7.621508, -72.670174','6'),(401,'4','60','CRECHE MARIA CIDÁLIA','RUA 23 DE OUTUBRO - PRÓX. CABECS','188','314','-7.610528, -72.670423','6'),(402,'4','61','CRECHE MARIA CIDÁLIA','RUA 23 DE OUTUBRO - PRÓX. CABECS','188','312','-7.610528, -72.670423','6'),(403,'4','62','ESCOLA PROFª FRANCISCA RITA DE CÁSSIA LIMA PINTO','RUA RIO DE JANEIRO, Nº 100','185','269','-7.616518, -72.668308','6'),(404,'4','63, 300','ESCOLA REGO BARROS','RUA PEDRO TELES, Nº 450','17','271','-7.636314, -72.674011','6'),(405,'4','64','ESCOLA REGO BARROS','RUA PEDRO TELES, Nº 450','17','206','-7.636314, -72.674011','6'),(406,'4','65','ESCOLA SÃO JOSÉ','AVENIDA 17 DE NOVEMBRO, Nº 94','183','201','-7.632584, -72.669918','6'),(407,'4','66','ESCOLA SÃO JOSÉ','AVENIDA 17 DE NOVEMBRO, Nº 94','183','199','-7.632584, -72.669918','6'),(408,'4','67','ESCOLA SÃO JOSÉ','AVENIDA 17 DE NOVEMBRO, Nº 94','183','205','-7.632584, -72.669918','6'),(409,'4','68','ESCOLA PROFESSOR FLODOARDO CABRAL ','AVENIDA 28 DE SETEMBRO, Nº 834 - ESCOLA TÉCNICA','17','299','-7.628207, -72.672237','6'),(410,'4','69','ESCOLA CRAVEIRO COSTA','RUA GOIÁS','186','201','-7.622462, -72.659990','6'),(411,'4','7, 107','VARA DO TRABALHO','RUA RUI BARBOSA, Nº 440','17','280','-7.634061, -72.665402','6'),(412,'4','70','ESCOLA RENATO BRAGA','VILA LAGOINHA - BR 364','65','339','-7.740454, -72.486638','6'),(413,'4','8','ESCOLA CRAVEIRO COSTA','RUA GOIÁS','186','203','-7.622462, -72.659990','6'),(414,'4','81, 124, 133','UNIDADE DE GESTÃO SUSTENTÁVEL - ANTIGA S D A','RUA REGO BARROS. S/N','17','285','-7.634340, -72.666854','6'),(415,'4','85','ESCOLA OLAVO BILAC','BR 364 - SEDE DO P.A - SANTA LUZIA','65','290','-7.770828, -72.391594','6'),(416,'4','86','ESCOLA OLAVO BILAC','BR 364 - SEDE DO P.A - SANTA LUZIA','65','291','-7.770828, -72.391594','6'),(417,'4','87','ESCOLA ANTONIO FERREIRA GOMES','VILA SANTA ROSA - BR 364','65','272','-7.666482, -72.812844','6'),(418,'4','88','ESCOLA MANOEL BRAZ DE MELO','COLONIA ASSIS BRASIL','65','336','-7.585655, -72.811499','6'),(419,'4','9, 10, 128','CEDUP  CENTRO DE EDUCAÇÃO E. PERMANENTE','RUA RUI BARBOSA','17','342','-7.633084, -72.664609','6'),(475,'6','10','CENTRO CULTURAL RAIMUNDO NONATO DA ROCHA','AVENIDA SANTOS DUMONT ','17','','-11.028694, -68.738480','7'),(476,'6','101','ESCOLA CHICO MENDES','BR 317 KM 05 COMUNIDADE BOA ESPERANÇA KM 32','65','','-10.921800, -68.755768','7'),(477,'6','103','ESCOLA ALCINO MONTEIRO DE OLIVEIRA - KM 33 (MATO GROSSO)','BR 317 KM 33 MAIS 12 KM DE RAMAL - COMUNIDADE MATO GROSSO ','65','','-10.965707, -68.651143','7'),(478,'6','105','ESCOLA JOANA RIBEIRO AMED','AVENIDA SANTOS DUMONT N 6332 ','17','','-11.028567, -68.737811','7'),(479,'6','106','ESCOLA BELA FLOR','BR 317 KM 01 S/N ','138','','-11.030258, -68.734731','7'),(480,'6','107','ESCOLA JOAO PEDRO DA SILVA','AVENIDA AMAZONAS N 699 ','141','','-11.021218, -68.742390','7'),(481,'6','109','ESCOLA SÃO SEBASTIÃO','BR 317 KM 40, RAMAL LARANJEIRA ','65','','-10.910488, -68.543841','7'),(482,'6','110','ESCOLA RAIMUNDO PEREIRA DE QUEIROZ','BR 317 KM 38, RAMAL ESPERANÇA/PEREIRAS ','65','','-10.882151, -68.574376','7'),(483,'6','116','ESCOLA RAIMUNDA DA CUNHA AIRES','RUA SAO SEBASTIAO N 496 ','140','','-11.033052, -68.748653','7'),(484,'6','123','ESCOLA BELA FLOR','BR 317 KM 01 S/N ','138','','-11.030258, -68.734731','7'),(485,'6','124, 135','ESCOLA BELO PORVIR','ESTRADA FONTENELE CASTRO','65','','-11.035793, -68.744081','7'),(486,'6','22','CENTRO DE SAUDE JOSE CANDIDO DE MESQUITA','RUA DOM JÚLIO MATIOLI ','17','','-11.022675, -68.746085','7'),(487,'6','26','IDAF (ANTIGA CASA DA AGRICULTURA)','RUA DOM JULIO MATIOLL','17','','-11.022990, -68.745294','7'),(488,'6','34','ESCOLA RAIMUNDA DA CUNHA AIRES','RUA SAO SEBASTIAO N 496 ','140','','-11.033052, -68.748653','7'),(489,'6','40','ESCOLA RAIMUNDA DA CUNHA AIRES','RUA SAO SEBASTIAO N 496 ','140','','-11.033052, -68.748653','7'),(490,'6','42','ESCOLA BELA FLOR','BR 317 KM 01 S/N ','138','','-11.030258, -68.734731','7'),(491,'6','46','ESCOLA BRASIL BOLIVIA','RUA SÃO RAIMUNDO N 26 ','17','','-11.029919, -68.740631','7'),(492,'6','47, 134','ESCOLA BELA FLOR','BR 317 KM 01 S/N ','138','','-11.030258, -68.734731','7'),(493,'6','48','ESCOLA BELA FLOR','BR 317 KM 01 S/N ','138','','-11.030258, -68.734731','7'),(494,'6','49','ESCOLA JOANA RIBEIRO AMED','AVENIDA SANTOS DUMONT N 6332 ','17','','-11.028567, -68.737811','7'),(495,'6','50','ESCOLA JOANA RIBEIRO AMED','AVENIDA SANTOS DUMONT N 6332 ','17','','-11.028567, -68.737811','7'),(496,'6','51','ESCOLA RAIMUNDA DA CUNHA AIRES','RUA SAO SEBASTIAO N 496 ','140','','-11.033052, -68.748653','7'),(497,'6','59','ESCOLA BRASIL BOLIVIA','RUA SÃO RAIMUNDO N 26 ','17','','-11.029919, -68.740631','7'),(498,'6','60','ESCOLA JOANA RIBEIRO AMED','AVENIDA SANTOS DUMONT N 6332 ','17','','-11.028567, -68.737811','7'),(499,'6','61','ESCOLA JOANA RIBEIRO AMED','AVENIDA SANTOS DUMONT N 6332 ','17','','-11.028567, -68.737811','7'),(500,'6','64','ESCOLA JOAO PEDRO DA SILVA','AVENIDA AMAZONAS N 699 ','141','','-11.021218, -68.742390','7'),(501,'6','65','PREFEITURA MUNICIPAL','RUA CAPITÃO PEDRO DE VASCONCELOS N 257 ','138','','-11.030218, -68.738487','7'),(502,'6','68','ESCOLA RAIMUNDA DA CUNHA AIRES','RUA SAO SEBASTIAO N 496 ','140','','-11.033052, -68.748653','7'),(503,'6','69','ESCOLA LUIZ COSOM','KM 35 DA ESTRADA VELHA (ZÉ CARNEIRO) ','65','','-10.750151, -68.548294','7'),(504,'6','70','ESCOLA SANTA FÉ','KM 52 DA ESTRADA VELHA (COMUNIDADE GUAJARA) ','65','','-10.735089, -68.676377','7'),(505,'6','71','ESCOLA LUIZ GONZAGA DA ROCHA','KM 09 VILA PROGRESSO ','65','','-11.076829, -68.692131','7'),(506,'6','72, 96','ESCOLA CASTELO BRANCO','BR 317 KM 20 ','65','','-10.960692, -68.594518','7'),(507,'6','77','ESCOLA JOAO PEDRO DA SILVA','AVENIDA AMAZONAS N 699 ','141','','-11.021218, -68.742390','7'),(508,'6','82, 125','ESCOLA JOSÉ HASSEM HALL FILHO','RUA TANCREDO NEVES, 46','142','','-11.024283, -68.748671','7'),(509,'6','86','ESCOLA BRASIL BOLIVIA','RUA SÃO RAIMUNDO N 26 ','17','','-11.029919, -68.740631','7'),(510,'6','9','CENTRO CULTURAL RAIMUNDO NONATO DA ROCHA','AVENIDA SANTOS DUMONT ','17','','-11.028694, -68.738480','7'),(511,'6','97','ESCOLA JOSÉ BENÍCIO MOREIRA','KM 37 ESTRADA VELHA MAIS 09 KM DE RAMAL - COMUNIDADE PRATA ','65','','-11.020771, -68.488354','7'),(512,'6','98','ESCOLA LAGO','BR 317 KM 05 RAMAL PORONGABA KM 28','65','','-10.937180, -68.760338','7'),(665,'7','1','GRUPO ESCOLAR PREFEITO RAIMUNDO AUGUSTO DE ARAÚJO ','AVENIDA PLÁCIDO DE CASTRO - PRAÇA TRÊS PODERES ','17','272','-8.166153, -70.355172','8'),(666,'7','10','GINÁSIO IMACULADA CONCEIÇÃO','RUA GETÚLIO VARGAS, 78 ','17','255','-8.168139, -70.356146','8'),(667,'7','11','GRUPO ESCOLAR PREFEITO RAIMUNDO AUGUSTO DE ARAÚJO ','AVENIDA PLÁCIDO DE CASTRO - PRAÇA TRÊS PODERES ','17','278','-8.166153, -70.355172','8'),(668,'7','12','GRUPO ESCOLAR PREFEITO RAIMUNDO AUGUSTO DE ARAÚJO ','AVENIDA PLÁCIDO DE CASTRO - PRAÇA TRÊS PODERES ','17','278','-8.166153, -70.355172','8'),(669,'7','13','GRUPO ESCOLAR PREFEITO RAIMUNDO AUGUSTO DE ARAÚJO ','AVENIDA PLÁCIDO DE CASTRO - PRAÇA TRÊS PODERES ','17','277','-8.166153, -70.355172','8'),(670,'7','14','GRUPO ESCOLAR PREFEITO RAIMUNDO AUGUSTO DE ARAÚJO ','AVENIDA PLÁCIDO DE CASTRO - PRAÇA TRÊS PODERES ','17','278','-8.166153, -70.355172','8'),(671,'7','15','GRUPO ESCOLAR PREFEITO RAIMUNDO AUGUSTO DE ARAÚJO ','AVENIDA PLÁCIDO DE CASTRO - PRAÇA TRÊS PODERES ','17','280','-8.166153, -70.355172','8'),(672,'7','16','CENTRO DE REFERÊNCIA DE ASSISTÊNCIA SOCIAL - CRAS ','AVENIDA MARECHAL DEODORO ','17','243','-8.168976, -70.358174','8'),(673,'7','17','COMPLEXO ESCOLAR NÂNZIO MAGALHÃES ','RUA CORNÉLIO DE OLIVEIRA LIMA ','20','267','-8.167755, -70.350534','8'),(674,'7','18','CENTRO DE REFERÊNCIA DE ASSISTÊNCIA SOCIAL - CRAS ','AVENIDA MARECHAL DEODORO ','17','262','-8.168976, -70.358174','8'),(675,'7','19','GRUPO ESCOLAR PREFEITO RAIMUNDO AUGUSTO DE ARAÚJO ','AVENIDA PLÁCIDO DE CASTRO - PRAÇA TRÊS PODERES ','17','273','-8.166153, -70.355172','8'),(676,'7','2','ESCOLA DE SEGUNDO GRAU JOSE GURGEL RABELO ','TRAVESSA DIAMANTINO AUGUSTO MACEDO ','20','261','-8.165636, -70.350436','8'),(677,'7','20','ESCOLA DE SEGUNDO GRAU JOSE GURGEL RABELO ','TRAVESSA DIAMANTINO AUGUSTO MACEDO ','20','265','-8.165636, -70.350436','8'),(678,'7','21','ESCOLA DE SEGUNDO GRAU JOSE GURGEL RABELO ','TRAVESSA DIAMANTINO AUGUSTO MACEDO ','20','263','-8.165636, -70.350436','8'),(679,'7','22','ESCOLA DE SEGUNDO GRAU JOSE GURGEL RABELO ','TRAVESSA DIAMANTINO AUGUSTO MACEDO ','20','255','-8.165636, -70.350436','8'),(680,'7','23','ESCOLA DE SEGUNDO GRAU JOSE GURGEL RABELO ','TRAVESSA DIAMANTINO AUGUSTO MACEDO ','20','257','-8.165636, -70.350436','8'),(681,'7','24','CENTRO DE REFERÊNCIA DE ASSISTÊNCIA SOCIAL - CRAS ','AVENIDA MARECHAL DEODORO ','17','267','-8.168976, -70.358174','8'),(682,'7','25','ESCOLA FRANCISCO NUNES LEITÃO ','RUA PRIMEIRO DE JANEIRO ','51','241','-8.163590, -70.352154','8'),(683,'7','26','ESCOLA FRANCISCO NUNES LEITÃO ','RUA PRIMEIRO DE JANEIRO ','51','234','-8.163590, -70.352154','8'),(684,'7','27','CENTRO DE REFERÊNCIA DE ASSISTÊNCIA SOCIAL - CRAS ','AVENIDA MARECHAL DEODORO ','17','238','-8.168976, -70.358174','8'),(685,'7','28','CENTRO DE REFERÊNCIA DE ASSISTÊNCIA SOCIAL - CRAS ','AVENIDA MARECHAL DEODORO ','17','243','-8.168976, -70.358174','8'),(686,'7','29','CENTRO DE REFERÊNCIA DE ASSISTÊNCIA SOCIAL - CRAS ','AVENIDA MARECHAL DEODORO ','17','257','-8.168976, -70.358174','8'),(687,'7','3','ESCOLA DE SEGUNDO GRAU JOSE GURGEL RABELO ','TRAVESSA DIAMANTINO AUGUSTO MACEDO ','20','259','-8.165636, -70.350436','8'),(688,'7','30','PRE-ESCOLAR TOPPO GIGGIO ','RUA ANASTÁCIO BARROSO, 228 ','17','259','-8.169279, -70.356687','8'),(689,'7','31','PRE-ESCOLAR TOPPO GIGGIO ','RUA ANASTÁCIO BARROSO, 228 ','17','259','-8.169279, -70.356687','8'),(690,'7','32','GRUPO ESCOLAR PREFEITO RAIMUNDO AUGUSTO DE ARAÚJO ','AVENIDA PLÁCIDO DE CASTRO - PRAÇA TRÊS PODERES ','17','282','-8.166153, -70.355172','8'),(691,'7','33','GRUPO ESCOLAR PREFEITO RAIMUNDO AUGUSTO DE ARAÚJO ','AVENIDA PLÁCIDO DE CASTRO - PRAÇA TRÊS PODERES ','17','273','-8.166153, -70.355172','8'),(692,'7','34','ESCOLA VICENTE CELSO BRANDÃO ','TRAVESSA PEDRO ALEXANDRINO','11','282','-8.158898, -70.351734','8'),(693,'7','35','CENTRO DE REFERÊNCIA DE ASSISTÊNCIA SOCIAL - CRAS ','AVENIDA MARECHAL DEODORO ','17','269','-8.168976, -70.358174','8'),(694,'7','36','GINÁSIO IMACULADA CONCEIÇÃO','RUA GETÚLIO VARGAS, 78 ','17','246','-8.168139, -70.356146','8'),(695,'7','37','ESCOLA VICENTE CELSO BRANDÃO ','TRAVESSA PEDRO ALEXANDRINO','11','287','-8.158898, -70.351734','8'),(696,'7','38','CENTRO DE REFERÊNCIA DE ASSISTÊNCIA SOCIAL - CRAS ','AVENIDA MARECHAL DEODORO ','17','262','-8.168976, -70.358174','8'),(697,'7','39','ESCOLA VICENTE CELSO BRANDÃO ','TRAVESSA PEDRO ALEXANDRINO','11','282','-8.158898, -70.351734','8'),(698,'7','4','ESCOLA DE SEGUNDO GRAU JOSE GURGEL RABELO ','TRAVESSA DIAMANTINO AUGUSTO MACEDO ','20','257','-8.165636, -70.350436','8'),(699,'7','40','ESCOLA DE ENSINO FUNDAMENTAL DR. EIRALDO CARNEIRO DE FRANÇA ','RUA ERNANE MOREIRA BRAGA, 106 ','224','276','-8.178295, -70.358298','8'),(700,'7','41','ESCOLA DE ENSINO FUNDAMENTAL SEVERINO CORDEIRO ','AVENIDA ASSIS DE VASCONCELOS, 516 ','225','290','-8.167069, -70.344315','8'),(701,'7','42','ESCOLA DE SEGUNDO GRAU JOSE GURGEL RABELO ','TRAVESSA DIAMANTINO AUGUSTO MACEDO ','20','255','-8.165636, -70.350436','8'),(702,'7','43','ESCOLA FRANCISCO NUNES LEITÃO ','RUA PRIMEIRO DE JANEIRO ','51','222','-8.163590, -70.352154','8'),(703,'7','44','ESCOLA DE ENSINO FUNDAMENTAL SEVERINO CORDEIRO ','AVENIDA ASSIS DE VASCONCELOS, 516 ','225','289','-8.167069, -70.344315','8'),(704,'7','45','ESCOLA ANTONIO FENELON DE OLIVEIRA ','BR 364, KM 52, SENTIDO FEIJÓ/RIO BRANCO ','65','161','-8.429684, -70.174795','8'),(705,'7','46','ESCOLA PAULINO FEIJÓ DE MELO ','SERINGAL NOVO PORTO - ALTO RIO ENVIRA ','65','163','-8.487650, -70.523153','8'),(706,'7','47','ESCOLA MUNICIPAL MANOEL VENÂNCIO BARBOSA ','SERINGAL HUMAITÁ - RIO JURUPARI ','65','183','-7.959929, -69.945415','8'),(707,'7','48','ESCOLA DE ENSINO FUNDAMENTAL DR. EIRALDO CARNEIRO DE FRANÇA ','RUA ERNANE MOREIRA BRAGA, 106 ','224','282','-8.178295, -70.358298','8'),(708,'7','49','ESCOLA DE ENSINO FUNDAMENTAL SEVERINO CORDEIRO ','AVENIDA ASSIS DE VASCONCELOS, 516 ','225','292','-8.167069, -70.344315','8'),(709,'7','5','ESCOLA DE SEGUNDO GRAU JOSE GURGEL RABELO ','TRAVESSA DIAMANTINO AUGUSTO MACEDO ','20','259','-8.165636, -70.350436','8'),(710,'7','50','CENTRO DE REFERÊNCIA DE ASSISTÊNCIA SOCIAL - CRAS ','AVENIDA MARECHAL DEODORO ','17','239','-8.168976, -70.358174','8'),(711,'7','51','ESCOLA VICENTE CELSO BRANDÃO ','TRAVESSA PEDRO ALEXANDRINO','11','281','-8.158898, -70.351734','8'),(712,'7','52','ESCOLA MUNICIPAL DE ENSINO FUNDAMENTAL RAIMUNDO PRADO ','SERINGAL PORTO RUBIM  ALTO RIO ENVIRA ','65','154','','8'),(713,'7','53','ESCOLA MUNICIPAL DE ENSINO FUNDAMENTAL DONA TEREZA DE CARVALHO ','SERINGAL BOA VISTA  RIO PARANÁ DO OURO ','65','137','-8.691420, -70.741128','8'),(714,'7','54','ESCOLA DE ENSINO FUNDAMENTAL SEVERINO CORDEIRO ','AVENIDA ASSIS DE VASCONCELOS, 516 ','225','293','-8.167069, -70.344315','8'),(715,'7','55','ESCOLA MUNICIPAL DE ENSINO FUNDAMENTAL RAIMUNDO PRADO ','SERINGAL PORTO RUBIM  ALTO RIO ENVIRA ','65','91','','8'),(716,'7','56','ESCOLA PAULINO FEIJÓ DE MELO ','SERINGAL NOVO PORTO - ALTO RIO ENVIRA ','65','133','-8.487650, -70.523153','8'),(717,'7','57','ESCOLA DE ENSINO FUNDAMENTAL DR. EIRALDO CARNEIRO DE FRANÇA ','RUA ERNANE MOREIRA BRAGA, 106 ','224','285','-8.178295, -70.358298','8'),(718,'7','58','ESCOLA DE SEGUNDO GRAU JOSE GURGEL RABELO ','TRAVESSA DIAMANTINO AUGUSTO MACEDO ','20','264','-8.165636, -70.350436','8'),(719,'7','59','CENTRO DE REFERÊNCIA DE ASSISTÊNCIA SOCIAL - CRAS ','AVENIDA MARECHAL DEODORO ','17','269','-8.168976, -70.358174','8'),(720,'7','6','GINÁSIO IMACULADA CONCEIÇÃO','RUA GETÚLIO VARGAS, 78 ','17','251','-8.168139, -70.356146','8'),(721,'7','60','ESCOLA FRANCISCO NUNES LEITÃO ','RUA PRIMEIRO DE JANEIRO ','51','228','-8.163590, -70.352154','8'),(722,'7','61','ESCOLA MUNICIPAL DE ENSINO FUNDAMENTAL DONA TEREZA DE CARVALHO ','SERINGAL BOA VISTA  RIO PARANÁ DO OURO ','65','116','-8.691420, -70.741128','8'),(723,'7','62','ESCOLA MUNICIPAL DE EDUCAÇÃO INFANTIL MENINO JESUS ','RUA 21 DE DEZEMBRO ','227','291','-8.179861, -70.353993','8'),(724,'7','63','ESCOLA ANTONIO FENELON DE OLIVEIRA ','BR 364, KM 52, SENTIDO FEIJÓ/RIO BRANCO ','65','163','-8.429684, -70.174795','8'),(725,'7','64','ESCOLA VICENTE CELSO BRANDÃO ','TRAVESSA PEDRO ALEXANDRINO','11','285','-8.158898, -70.351734','8'),(726,'7','65','ESCOLA MUNICIPAL MANOEL VENÂNCIO BARBOSA ','SERINGAL HUMAITÁ - RIO JURUPARI ','65','181','-7.959929, -69.945415','8'),(727,'7','66','ESCOLA MUNICIPAL DE ENSINO FUNDAMENTAL RAIMUNDO PRADO ','SERINGAL PORTO RUBIM  ALTO RIO ENVIRA ','65','91','','8'),(728,'7','67','ESCOLA HANANERA ','SERINGAL FAZENDA CALIFÓRNIA  ALTO RIO ENVIRA ','65','151','','8'),(729,'7','68','ESCOLA JOSE FERREIRA FILHO ','SERINGAL CANADÁ  ALTO RIO ENVIRA ','65','126','','8'),(730,'7','69','ESCOLA HANANERA ','SERINGAL FAZENDA CALIFÓRNIA  ALTO RIO ENVIRA ','65','150','','8'),(731,'7','7','GINÁSIO IMACULADA CONCEIÇÃO','RUA GETÚLIO VARGAS, 78 ','17','254','-8.168139, -70.356146','8'),(732,'7','70','ESCOLA TAKEHAYNE SHANENAWA ','ALDEIA MORADA NOVA  RIO ENVIRA ','65','129','','8'),(733,'7','71','ESCOLA KAXINAWA HUNIKU SIA ','ALDEIA PAROÁ  BAIXO RIO ENVIRA ','65','144','','8'),(734,'7','72','ESCOLA MUNICIPAL DE EDUCAÇÃO INFANTIL MENINO JESUS ','RUA 21 DE DEZEMBRO ','227','296','-8.179861, -70.353993','8'),(735,'7','73','ESCOLA IVO NEVES ','RAMAL BOM FUTURO, QUATRO BOCAS, PA ENVIRA ','65','81','','8'),(736,'7','74','ESCOLA TAKEHAYNE SHANENAWA ','ALDEIA MORADA NOVA  RIO ENVIRA ','65','131','','8'),(737,'7','75','ESCOLA KAXINAWA HUNIKU SIA ','ALDEIA PAROÁ  BAIXO RIO ENVIRA ','65','115','','8'),(738,'7','76','ESCOLA JOSE FERREIRA FILHO ','SERINGAL CANADÁ  ALTO RIO ENVIRA ','65','129','','8'),(739,'7','77','ESCOLA IVO NEVES ','RAMAL BOM FUTURO, QUATRO BOCAS, PA ENVIRA ','65','48','','8'),(740,'7','78','ESCOLA DE ENSINO FUNDAMENTAL SEVERINO CORDEIRO ','AVENIDA ASSIS DE VASCONCELOS, 516 ','225','289','-8.167069, -70.344315','8'),(741,'7','79','ESCOLA MUNICIPAL ARLETE ALMEIDA ','SERINGAL BOM PRINCÍPIO  COLÓNIA BOCA DO RECREIO ','65','88','','8'),(742,'7','8','GINÁSIO IMACULADA CONCEIÇÃO','RUA GETÚLIO VARGAS, 78 ','17','253','-8.168139, -70.356146','8'),(743,'7','80','ESCOLA VICENTE CELSO BRANDÃO ','TRAVESSA PEDRO ALEXANDRINO','11','289','-8.158898, -70.351734','8'),(744,'7','81','ESCOLA DE ENSINO FUNDAMENTAL SEVERINO CORDEIRO ','AVENIDA ASSIS DE VASCONCELOS, 516 ','225','294','-8.167069, -70.344315','8'),(745,'7','82','ESCOLA MUNICIPAL DE EDUCAÇÃO INFANTIL MENINO JESUS ','RUA 21 DE DEZEMBRO ','227','298','-8.179861, -70.353993','8'),(746,'7','83','ESCOLA NOVA OLINDA ','ALDEIA NOVA OLINDA - ALTO RIO ENVIRA ','65','186','','8'),(747,'7','84','ESCOLA VICENTE CELSO BRANDÃO ','TRAVESSA PEDRO ALEXANDRINO','11','290','-8.158898, -70.351734','8'),(748,'7','85','ESCOLA DE ENSINO FUNDAMENTAL SEVERINO CORDEIRO ','AVENIDA ASSIS DE VASCONCELOS, 516','225','299','-8.167069, -70.344315','8'),(749,'7','86','ESCOLA DE ENSINO FUNDAMENTAL DR. EIRALDO CARNEIRO DE FRANÇA ','RUA ERNANE MOREIRA BRAGA, 106 ','224','91','-8.178295, -70.358298','8'),(750,'7','9','GINÁSIO IMACULADA CONCEIÇÃO','RUA GETÚLIO VARGAS, 78 ','17','253','-8.168139, -70.356146','8'),(792,'5','100','ESCOLA DE ENS. FUND. ATALIBA XIMENES ARAGÃO ','RIO MURU-SERINGAL NOVO PORTO ','65','180','-8.956065, -71.570517','9'),(793,'5','112','ESCOLA MANOEL RODRIGUES DE FARIAS ','AVENIDA FRANCISCO DIAS, S/N','17','288','-9.431508, -71.886283','9'),(794,'5','113','ESCOLA DE ENS. FUND. CEL. FLORENCIO DA CUNHA ','RIO TARAUACÁ-SERINGAL ALAGOAS ','65','117','-9.193441, -71.949730','9'),(795,'5','118','PREFEITURA MUNICIPAL ','AVENIDA FRANCISCO DIAS, S/N','17','300','-9.431984, -71.886251','9'),(796,'5','122','CÂMARA MUNICIPAL','AVENIDA FRANCISCO DIAS, S/N','17','72','-9.430312, -71.886272','9'),(797,'5','123','ESCOLA MANOEL RODRIGUES DE FARIAS ','AVENIDA FRANCISCO DIAS, S/N','17','3','-9.431508, -71.886283','9'),(798,'5','125','ALDEIA INDÍGENA BOA VISTA ','RESERVA INDÍGENA, RIO JORDÃO','65','8','-9.582373, -72.153976','9'),(799,'5','126','PREFEITURA MUNICIPAL ','AVENIDA FRANCISCO DIAS, S/N','17','4','-9.431984, -71.886251','9'),(800,'5','27','ESCOLA MANOEL RODRIGUES DE FARIAS ','AVENIDA FRANCISCO DIAS, S/N','17','291','-9.431508, -71.886283','9'),(801,'5','28','PREFEITURA MUNICIPAL ','AVENIDA FRANCISCO DIAS, S/N','17','296','-9.431984, -71.886251','9'),(802,'5','32','ESCOLA MANOEL RODRIGUES DE FARIAS ','AVENIDA FRANCISCO DIAS, S/N','17','294','-9.431508, -71.886283','9'),(803,'5','37','ESCOLA MANOEL RODRIGUES DE FARIAS ','AVENIDA FRANCISCO DIAS, S/N','17','296','-9.431508, -71.886283','9'),(804,'5','45','ESCOLA MANOEL RODRIGUES DE FARIAS ','AVENIDA FRANCISCO DIAS, S/N','17','293','-9.431508, -71.886283','9'),(805,'5','46','ESCOLA MANOEL RODRIGUES DE FARIAS ','AVENIDA FRANCISCO DIAS, S/N','17','296','-9.431508, -71.886283','9'),(806,'5','52','CÂMARA MUNICIPAL','AVENIDA FRANCISCO DIAS, S/N','17','95','-9.430312, -71.886272','9'),(807,'5','56','ESCOLA DE ENS. FUND. CEL. FLORENCIO DA CUNHA ','RIO TARAUACÁ-SERINGAL ALAGOAS ','65','175','-9.193441, -71.949730','9'),(808,'5','57','ESCOLA DE ENS. FUND. ATALIBA XIMENES ARAGÃO ','RIO MURU-SERINGAL NOVO PORTO ','65','228','-8.956065, -71.570517','9'),(809,'5','62','ESCOLA DE ENS. FUND. CEL. FLORENCIO DA CUNHA ','RIO TARAUACÁ-SERINGAL ALAGOAS ','65','167','-9.193441, -71.949730','9'),(810,'5','65','ALDEIA INDÍGENA BOA VISTA ','RESERVA INDÍGENA, RIO JORDÃO','65','279','-9.582373, -72.153976','9'),(811,'5','66','ALDEIA INDÍGENA BOA VISTA ','RESERVA INDÍGENA, RIO JORDÃO','65','249','-9.582373, -72.153976','9'),(812,'5','67','PREFEITURA MUNICIPAL ','AVENIDA FRANCISCO DIAS, S/N','17','295','-9.431984, -71.886251','9'),(813,'5','75','PREFEITURA MUNICIPAL ','AVENIDA FRANCISCO DIAS, S/N','17','298','-9.431984, -71.886251','9'),(823,'4','101','ESCOLA FRANCISCO FREIRE DE CARVALHO ','COLONIA SÃO FRANCISCO ','53','376','-7.595726, -72.924838','10'),(824,'4','102','ESCOLA FRANCISCO FREIRE DE CARVALHO ','COLONIA SÃO FRANCISCO ','53','370','-7.595726, -72.924838','10'),(825,'4','103','ESCOLA BELARMINO DE MENDONÇA ','AVENIDA JAPIIM, S/N','17','326','-7.613778, -72.902143','10'),(826,'4','104','ESCOLA ARTUR LEBRE ','VILA GUARANI ','65','371','-7.625777, -72.880486','10'),(827,'4','116','ESCOLA PE. EDSON DE OLIVEIRA DANTAS ','RUA FRANCISCO ALVES FERREIRA, S/N','17','237','-7.608830, -72.909041','10'),(828,'4','122','ESCOLA PE. EDSON DE OLIVEIRA DANTAS ','RUA FRANCISCO ALVES FERREIRA, S/N','17','238','-7.608830, -72.909041','10'),(829,'4','127','ESCOLA PE. EDSON DE OLIVEIRA DANTAS ','RUA FRANCISCO ALVES FERREIRA, S/N','17','241','-7.608830, -72.909041','10'),(830,'4','151','ESCOLA PEDRO ANTONIO DE OLIVEIRA ','SERINGAL REPÚBLICA - RIO MOA','65','204','-7.452319, -73.439108','10'),(831,'4','153','ESCOLA ANTONIO DE OLIVEIRA DANTAS ','RUA DR. JOSÉ HASCHER, S/N','198','352','-7.614677, -72.908977','10'),(832,'4','172','ESCOLA PEDRO MORAES ','SERINGAL SÃO SALVADOR - RIO MOA','65','255','-7.417453, -73.223180','10'),(833,'4','177','ESCOLA JOÃO SABINO DA ROCHA ','COMUNIDADE BURITI, SGAL B. HOR. - RIO AZUL - AFL DO MOA','65','153','-7.710801, -73.321868','10'),(834,'4','180','ESCOLA FRANCISCO FREIRE DE CARVALHO ','COLONIA SÃO FRANCISCO ','53','365','-7.595726, -72.924838','10'),(835,'4','181','ESCOLA PEDRO ANTONIO DE OLIVEIRA ','SERINGAL REPÚBLICA - RIO MOA','65','201','-7.452319, -73.439108','10'),(836,'4','190','ESCOLA ARTUR LEBRE ','VILA GUARANI ','65','371','-7.625777, -72.880486','10'),(837,'4','216','ESCOLA FRANCISCO FREIRE DE CARVALHO ','COLONIA SÃO FRANCISCO ','53','377','-7.595726, -72.924838','10'),(838,'4','217','ESCOLA JOSEFA DE QUEIROZ ','BOCA DO ANIL - RIO MOA','65','190','-7.420339, -73.285918','10'),(839,'4','218','ESCOLA JOSE SENA ','COMUNIDADE BOM SOSSEGO - RIO AZUL ','65','279','-7.598879, -73.288917','10'),(840,'4','248','ESCOLA INFANTIL JOSE BERNARDO DE SOUZA ','TRAVESSA RAIMUNDO LEAL, S/N','17','176','-7.614552, -72.898169','10'),(841,'4','265','ESCOLA ARTUR LEBRE ','VILA GUARANI ','65','366','-7.625777, -72.880486','10'),(842,'4','267','ESCOLA FRANCISCO FREIRE DE CARVALHO ','COLONIA SÃO FRANCISCO ','53','366','-7.595726, -72.924838','10'),(843,'4','273','ESCOLA VENINA BATISTA SIRQUEIRA ','ALTO PARANA PENTENCOSTES ','65','294','-7.465127, -72.959761','10'),(844,'4','276','ESCOLA VENINA BATISTA SIRQUEIRA ','ALTO PARANA PENTENCOSTES ','65','286','-7.465127, -72.959761','10'),(845,'4','277, 369','ESCOLA IXUBAY RABUY PUYANAWA ','COMUNIDADE PUYANAUWA - BARÃO IPIRANGA ','65','374','-7.525997, -73.005450','10'),(846,'4','283','ESCOLA PEDRO MORAES ','SERINGAL SÃO SALVADOR - RIO MOA','65','215','-7.417453, -73.223180','10'),(847,'4','303','ESCOLA GLORIA SORIANO ROSAS ','COMUNIDADE BELO MONTE  ALTO PARANA PENTECOSTES ','65','216','-7.395048, -73.093397','10'),(848,'4','307','ESCOLA LUIZ DE FONTES ','COMUNIDADE SÃO DOMINGOS ','65','174','-7.558166, -72.979524','10'),(849,'4','310','ESCOLA JOAQUIM GENEROSO DE OLIVEIRA ','RUA FRANCISCO MENDES DA SILVA ','196','384','-7.589110, -72.936426','10'),(850,'4','335','ESCOLA ARTUR LEBRE ','VILA GUARANI ','65','297','-7.625777, -72.880486','10'),(851,'4','346','ESCOLA FRANCISCO FREIRE DE CARVALHO ','COLONIA SÃO FRANCISCO ','53','212','-7.595726, -72.924838','10'),(852,'4','364','ESCOLA PE. EDSON DE OLIVEIRA DANTAS ','RUA FRANCISCO ALVES FERREIRA, S/N','17','283','-7.608830, -72.909041','10'),(853,'4','366','ESCOLA BELARMINO DE MENDONÇA ','AVENIDA JAPIIM, S/N','17','169','-7.613778, -72.902143','10'),(854,'4','367','ESCOLA JOAQUIM GENEROSO DE OLIVEIRA ','RUA FRANCISCO MENDES DA SILVA ','196','99','-7.589110, -72.936426','10'),(855,'4','89','ESCOLA INFANTIL JOSE BERNARDO DE SOUZA ','TRAVESSA RAIMUNDO LEAL, S/N','17','266','-7.614552, -72.898169','10'),(856,'4','90','SECRETARIA DE AÇÃO SOCIAL ','AVENIDA JAPIIM, S/N','17','272','-7.610655, -72.904177','10'),(857,'4','91','ESCOLA PE. EDSON DE OLIVEIRA DANTAS ','RUA FRANCISCO ALVES FERREIRA, S/N','17','241','-7.608830, -72.909041','10'),(858,'4','92, 371','COORDENAÇÃO DE ENSINO ','RUA JOAQUIM GENEROSO DE OLIVEIRA, S/N','17','712','-7.608332, -72.903607','10'),(859,'4','93','ESCOLA ANTONIO DE OLIVEIRA DANTAS ','RUA DR. JOSÉ HASCHER, S/N','198','364','-7.614677, -72.908977','10'),(860,'4','94, 264','CÂMARA MUNICIPAL ','RUA ALBERTO GADELHA DE OLIVEIRA , S/N','17','330','-7.611206, -72.903915','10'),(861,'4','95','ESCOLA ANTONIO DE OLIVEIRA DANTAS ','RUA DR. JOSÉ HASCHER, S/N','198','330','-7.614677, -72.908977','10'),(862,'4','96, 98','SECRETARIA DE AÇÃO SOCIAL ','AVENIDA JAPIIM, S/N','17','332','-7.610655, -72.904177','10'),(863,'4','97','ESCOLA BELARMINO DE MENDONÇA ','AVENIDA JAPIIM, S/N','17','330','-7.613778, -72.902143','10'),(864,'4','99, 100','PREFEITURA MUNICIPAL ','RUA MINOSA SA, N 21','17','339','-7.607894, -72.906388','10'),(886,'3','100','ESCOLA SANTA FELINA','ALDEIA BUAÇU - RIO PURUS','65','','-8.833133, -69.253426','11'),(887,'3','102','ESCOLA MUNICIPAL LUIZ PLÁCIDO FERNANDES','SERINGAL ITAÚBA - RIO PURUS','65','','-8.849636, -69.256847','11'),(888,'3','107','ESCOLA ANTONIA MENDES','RUA PRESIDENTE CASTELO BRANCO','53','','-8.833554, -69.259279','11'),(889,'3','111, 132','ESCOLA NAZIRA ANUTE DE LIMA','RUA VALERIO CALDAS DE MAGALHÃES','17','','-8.838702, -69.263098','11'),(890,'3','126','ESCOLA MENINO JESUS','RUA MANOEL BATISTA','131','','-8.841120, -69.262537','11'),(891,'3','130','ESCOLA MENINO JESUS','RUA MANOEL BATISTA','131','','-8.841120, -69.262537','11'),(892,'3','41','ESCOLA DOM PRÓSPERO BERNARD','RUA VALERIO CALDAS DE MAGALHÃES','17','','-8.837493, -69.261367','11'),(893,'3','42','ESCOLA DOM PRÓSPERO BERNARD','RUA VALERIO CALDAS DE MAGALHÃES','17','','-8.837493, -69.261367','11'),(894,'3','43','CENTRO DE FLORESTANIA','RUA VALÉRIO CALDAS DE MAGALHÃES','17','','-8.836645, -69.260367','11'),(895,'3','44','ESCOLA NAZIRA ANUTE DE LIMA','RUA VALERIO CALDAS DE MAGALHÃES','17','','-8.838702, -69.263098','11'),(896,'3','45','ESCOLA NAZIRA ANUTE DE LIMA','RUA VALERIO CALDAS DE MAGALHÃES','17','','-8.838702, -69.263098','11'),(897,'3','46','ESCOLA NAZIRA ANUTE DE LIMA','RUA VALERIO CALDAS DE MAGALHÃES','17','','-8.838702, -69.263098','11'),(898,'3','47','ESCOLA ANTONIA MENDES','RUA PRESIDENTE CASTELO BRANCO','53','','-8.833554, -69.259279','11'),(899,'3','48','ESCOLA ANTONIA MENDES','RUA PRESIDENTE CASTELO BRANCO','53','','-8.833554, -69.259279','11'),(900,'3','49','ESCOLA MARIA DAS GRAÇAS ALVES DA ROCHA','RUA FRANCISCO FERREIRA MENDES','53','','-8.832613, -69.266259','11'),(901,'3','50','ESCOLA MARIA DAS GRAÇAS ALVES DA ROCHA','RUA FRANCISCO FERREIRA MENDES','53','','-8.832613, -69.266259','11'),(902,'3','51','CRECHE IÊDA ARAÚJO','RUA CHAGAS SABINO','131','','-8.838150, -69.263940','11'),(903,'3','52','CRECHE IÊDA ARAÚJO','RUA CHAGAS SABINO','131','','-8.838150, -69.263940','11'),(904,'3','59','CENTRO DE FLORESTANIA','RUA VALÉRIO CALDAS DE MAGALHÃES','17','','-8.836645, -69.260367','11'),(905,'3','89','ESCOLA ANTONIA MENDES','RUA PRESIDENTE CASTELO BRANCO','53','','-8.833554, -69.259279','11'),(917,'4','114','ESCOLA ELVIRA FERREIRA GOMES','RUA MÁRIO LOBíO','17','348','-8.949702, -72.790056','12'),(918,'4','140','CÂMARA MUNICIPAL','PRAÇA ODON FERREIRA DO VALE, S/N','17','379','-8.949299, -72.787632','12'),(919,'4','141','ESCOLA JUSTINIANO DE SERPA','PRAÇA ODON FERREIRA DO VALE, S/N','17','295','-8.949640, -72.787336','12'),(920,'4','142','ESCOLA MANOEL RODRIGUES DE ARAÚJO','RUA FERNANDO GUAPINDAIA','17','333','-8.946144, -72.785708','12'),(921,'4','143','ESCOLA ZILA VASCONCELOS','SERINGAL RESTAURAÇÃO - RIO TEJO','65','379','-8.941813, -72.577513','12'),(922,'4','160','ESCOLA SÃO RAIMUNDO','SERINGAL CAIPORA, FAZENDA NATAL - RIO JURUÁ','65','195','-9.276216, -72.683075','12'),(923,'4','161, 375','ESCOLA JOÃO LAURINDO FERREIRA DO VALE','SERINGAL JARDIM DA PALMA - RIO JURUÁ','65','430','-9.028037, -72.725623','12'),(924,'4','162','ESCOLA JOÃO PRAXEDES','FOZ DO BAGÉ - RIO TEJO','65','280','-9.059770, -72.248142','12'),(925,'4','163','ESCOLA MARNÍZIA CRUZ','SERINGAL TRIUNFO - RIO JURUÁ','65','279','-8.763502, -72.821947','12'),(926,'4','182','ESCOLA ERNESTINA RODRIGUES FERREIRA','FOZ DO BREU - RIO JURUÁ','65','209','-9.411069, -72.714796','12'),(927,'4','196, 337','ESCOLA ZILA VASCONCELOS','SERINGAL RESTAURAÇÃO - RIO TEJO','65','423','-8.941813, -72.577513','12'),(928,'4','201','ESCOLA JOÃO PRAXEDES','FOZ DO BAGÉ - RIO TEJO','65','277','-9.059770, -72.248142','12'),(929,'4','203','ESCOLA MARNÍZIA CRUZ','SERINGAL TRIUNFO - RIO JURUÁ','65','280','-8.763502, -72.821947','12'),(930,'4','223','ESCOLA JOSÉ PINTO PEREIRA','COMUNIDADE BELFORT - RIO JURUÁ','65','275','-9.122847, -72.698330','12'),(931,'4','230','ESCOLA ERNESTINA RODRIGUES FERREIRA','FOZ DO BREU - MARGEM DIREITA DO RIO JURUÁ','65','207','-9.411069, -72.714796','12'),(932,'4','236','ESCOLA CRIANÇA FELIZ','COMUNIDADE TETÄU - RIO AMÔNIA','65','342','-9.173327, -72.912027','12'),(933,'4','237','ESCOLA LAURA SALES DE MELO','COMUNIDADE REMANSO - RIO BAGÉ','65','323','-8.658656, -72.881096','12'),(934,'4','251','ESCOLA ELVIRA FERREIRA GOMES','RUA MÁRIO LOBíO','17','322','-8.949702, -72.790056','12'),(935,'4','279','ESCOLA JUSTINIANO DE SERPA','PRAÇA ODON FERREIRA DO VALE, S/N','17','286','-8.949640, -72.787336','12'),(936,'4','284','CÂMARA MUNICIPAL','PRAÇA ODON FERREIRA DO VALE, S/N','17','361','-8.949299, -72.787632','12'),(937,'4','289','ESCOLA SÃO RAIMUNDO','SERINGAL CAIPORA, FAZENDA NATAL - RIO JURUÁ','65','125','-9.276216, -72.683075','12'),(938,'4','294','ESCOLA JOSÉ PINTO PEREIRA','COMUNIDADE BELFORT - RIO JURUÁ','65','182','-9.122847, -72.698330','12'),(939,'4','318','ESCOLA PRAXEDES BRANDÃO','COMUNIDADE ORIENTE - RIO JURUÁ','65','225','-9.077669, -72.680945','12'),(940,'4','324','ESCOLA ANTÔNIO RUBENS PINHEIRO','FAZENDA CACHOEIRA _ RIO JURUÁ','65','165','-9.236036, -72.699009','12'),(941,'4','326','CENTRO CULTURAL CUPICHAU','ALDEIA CRUZEIRINHO - RIO BREU','65','228','-9.443570, -72.650034','12'),(942,'4','327','ESCOLA MANOEL RODRIGUES DE ARAÚJO','RUA FERNANDO GUAPINDAIA','17','328','-8.946144, -72.785708','12'),(943,'4','331','ESCOLA ELVIRA FERREIRA GOMES','RUA MÁRIO LOBíO','17','281','-8.949702, -72.790056','12'),(944,'4','347','ESCOLA MANOEL RODRIGUES DE ARAÚJO','RUA FERNANDO GUAPINDAIA','17','132','-8.946144, -72.785708','12'),(945,'4','359','ESCOLA JUSTINIANO DE SERPA','PRAÇA ODON FERREIRA DO VALE, S/N','17','304','-8.949640, -72.787336','12'),(946,'4','73','ESCOLA ELVIRA FERREIRA GOMES','RUA MÁRIO LOBíO','17','362','-8.949702, -72.790056','12'),(947,'4','74','ESCOLA JUSTINIANO DE SERPA','PRAÇA ODON FERREIRA DO VALE, S/N','17','320','-8.949640, -72.787336','12'),(948,'4','75','ESCOLA JUSTINIANO DE SERPA','PRAÇA ODON FERREIRA DO VALE, S/N','17','319','-8.949640, -72.787336','12'),(949,'4','76','ESCOLA MANOEL RODRIGUES DE ARAÚJO','RUA FERNANDO GUAPINDAIA','17','335','-8.946144, -72.785708','12'),(980,'8','1, 216, 228','CRAS','RUA EPITACIO PESSOA S/N','17','225','-10.335008, -67.185030','13'),(981,'8','10, 253','ESCOLA ELIAS MANSOUR SIMÃO FILHO','RUA CEL FONTENELE DE CASTRO','17','339','-10.334103, -67.184631','13'),(982,'8','11','ESCOLA JOSE VALMIR','RUA OLIMPIO DA SILVA GOMES','17','288','-10.327301, -67.184087','13'),(983,'8','112','ESCOLA JOSE VALMIR','RUA OLIMPIO DA SILVA GOMES','17','294','-10.327301, -67.184087','13'),(984,'8','113','ESCOLA JOSE FRANCISCO DA SILVA','RUA DOMINGOS GALDINO S/N','17','246','-10.329393, -67.178945','13'),(985,'8','114','ESCOLA FRANKLIN ROOSEVELT','AV. JUVENAL ANTUNES','17','287','-10.335233, -67.186308','13'),(986,'8','121','ESCOLA MUN JOÃO BATISTA LOPES DE LIMA ','RUA CARIJOS 1.130','123','213','-10.072571, -67.294302','13'),(987,'8','128','ESCOLA JOSE FRANCISCO DA SILVA','RUA DOMINGOS GALDINO S/N','122','246','-10.329393, -67.178945','13'),(988,'8','13','ESCOLA SÃO LUIZ GONZAGA','BR364 KM 60 PAD PEDRO PEIXOTO','123','278','-10.063165, -67.294692','13'),(989,'8','137','ESCOLA ELIAS MANSOUR SIMÃO FILHO','RUA CEL FONTENELE DE CASTRO','17','291','-10.334103, -67.184631','13'),(990,'8','138','ESCOLA FRANKLIN ROOSEVELT','AV. JUVENAL ANTUNES','17','287','-10.335233, -67.186308','13'),(991,'8','14','ESCOLA SÃO LUIZ GONZAGA','BR364 KM 60 PAD PEDRO PEIXOTO','123','279','-10.063165, -67.294692','13'),(992,'8','144, 184','CENTRO DIFUSÃO TECNOLÓGICA ','RUA EPITÁCIO PESSOA','17','217','-10.327705, -67.185516','13'),(993,'8','15','ESCOLA SÃO LUIZ GONZAGA','BR364 KM 60 PAD PEDRO PEIXOTO','123','292','-10.063165, -67.294692','13'),(994,'8','151, 234','ESCOLA MANOEL DE BARROS','RAMAL NOVO HORIZONTE KM 20','65','346','-10.273595, -67.134971','13'),(995,'8','155','ESCOLA FLÁVIA BARROS PIMENTEL','AC 40 KM 75','65','292','-10.332057, -67.408139','13'),(996,'8','156','UNIDADE DE SAUDE MARIO GOMES ','AC 40 KM 58','65','231','-10.331857, -67.521277','13'),(997,'8','16','ESCOLA FRANKLIN ROOSEVELT','AV. JUVENAL ANTUNES','17','292','-10.335233, -67.186308','13'),(998,'8','165, 236','ESCOLA CARLOS JOSE DOS SANTOS','AC 475 KM 14','65','275','-10.197938, -67.164468','13'),(999,'8','17','ESCOLA FRANKLIN ROOSEVELT','AV. JUVENAL ANTUNES','17','277','-10.335233, -67.186308','13'),(1000,'8','173, 252','ESCOLA MUN JOÃO BATISTA LOPES DE LIMA ','RUA CARIJOS 1.130','123','306','-10.072571, -67.294302','13'),(1001,'8','18','ESCOLA JOSE FRANCISCO DA SILVA','RUA DOMINGOS GALDINO S/N','17','252','-10.329393, -67.178945','13'),(1002,'8','183','CENTRO DE FLORESTANIA','RUA EPAMINONDAS JACOME','17','169','-10.336822, -67.185528','13'),(1003,'8','2','ESCOLA JOSE FRANCISCO DA SILVA','RUA DOMINGOS GALDINO S/N','17','246','-10.329393, -67.178945','13'),(1004,'8','201','ESCOLA FLÁVIA BARROS PIMENTEL','AC 40 KM 75','65','219','-10.332057, -67.408139','13'),(1005,'8','202','ESCOLA SÃO LUIZ GONZAGA','BR364 KM 60 PAD PEDRO PEIXOTO','123','280','-10.063165, -67.294692','13'),(1006,'8','203','UNIDADE DE SAUDE MARIO GOMES ','AC 40 KM 58','65','169','-10.331857, -67.521277','13'),(1007,'8','211','ESCOLA CASTRO ALVES','AC 40 KM 58 RML MONTE ALEGRE KM 14','65','100','-10.217248, -67.418028','13'),(1008,'8','23','ESCOLA JOÃO RICARDO - COLEGIO AGRICOLA','ROD AC 40 KM 03 S/N','65','304','-10.311110, -67.197978','13'),(1009,'8','24','ESCOLA SÃO LUIZ GONZAGA','BR364 KM 60 PAD PEDRO PEIXOTO','123','278','-10.063165, -67.294692','13'),(1010,'8','3','CÂMARA MUNICIPAL','RUA EPITACIO PESSOA S/N','17','294','-10.333824, -67.184903','13'),(1011,'8','4','CÂMARA MUNICIPAL','RUA EPITACIO PESSOA S/N','17','288','-10.333824, -67.184903','13'),(1012,'8','42, 141','ESCOLA CASINHA DO SABER','RUA CEL FONTENELE DE CASTRO','17','342','-10.334076, -67.184138','13'),(1013,'8','43','ESCOLA LIGIA CARVALHO DA SILVA','ROD. AC 40 - KM 01 S/N','17','232','-10.321584, -67.189173','13'),(1014,'8','45','ESCOLA ELIAS MANSOUR SIMÃO FILHO','RUA CEL FONTENELE DE CASTRO','17','293','-10.334103, -67.184631','13'),(1015,'8','46','ESCOLA MUN INFANTIL CENIRA DOS SANTOS ','RUA CAETES','123','247','-10.067293, -67.298256','13'),(1016,'8','5','ESCOLA CARMELIA ALVES','RUA EPITACIO PESSOA S/N','17','294','-10.322420, -67.186487','13'),(1017,'8','51','CENTRO DIFUSÃO TECNOLÓGICA ','RUA EPITACIO PESSOA S/N','17','181','-10.327705, -67.185516','13'),(1018,'8','52','ESCOLA JOSE VALMIR','RUA OLIMPIO DA SILVA GOMES','17','296','-10.327301, -67.184087','13'),(1019,'8','54','CENTRO DE FLORESTANIA','RUA EPAMINONDAS JACOME','17','187','-10.336822, -67.185528','13'),(1020,'8','55','ESCOLA JOSE FRANCISCO DA SILVA','RUA DOMINGOS GALDINO S/N','17','249','-10.329393, -67.178945','13'),(1021,'8','6','ESCOLA ELIAS MANSOUR SIMÃO FILHO','RUA CEL FONTENELE DE CASTRO','17','209','-10.334148, -67.184298','13'),(1022,'8','61','ESCOLA LIGIA CARVALHO DA SILVA','ROD. AC 40 KM 01 S/N','17','233','-10.321584, -67.189173','13'),(1023,'8','66','ESCOLA MUN INFANTIL CENIRA DOS SANTOS ','RUA CAETES','123','292','-10.063367, -67.296164','13'),(1024,'8','7','ESCOLA CASINHA DO SABER','RUA CEL FONTENELE DE CASTRO','17','200','-10.334076, -67.184138','13'),(1025,'8','75','ESCOLA JOSE VALMIR','RUA OLIMPIO DA SILVA GOMES','17','287','-10.327301, -67.184087','13'),(1026,'8','76','ESCOLA JOSE FRANCISCO DA SILVA','RUA DOMINGOS GALDINO S/N','17','245','-10.329393, -67.178945','13'),(1027,'8','80, 189','ESCOLA CARMELIA ALVES','RUA EPITACIO PESSOA S/N','17','332','-10.322420, -67.186487','13'),(1028,'8','81','ESCOLA JOSE FRANCISCO DA SILVA','RUA DOMINGOS GALDINO S/N','17','241','-10.329393, -67.178945','13'),(1029,'8','86','ESCOLA FRANKLIN ROOSEVELT','AV. JUVENAL ANTUNES','17','287','-10.335233, -67.186308','13'),(1030,'8','87, 111','CENTRO DE FLORESTANIA','RUA EPAMINONDAS JACOME','17','330','-10.336822, -67.185528','13'),(1031,'8','96','ESCOLA MUN JOÃO BATISTA LOPES DE LIMA ','RUA CARIJOS, 1.130','123','209','-10.072571, -67.294302','13'),(1043,'10','1','ESCOLA MAJOR VENCESLAU SALINAS - PAVILHÃO II','CENTRO - PORTO ACRE','17','238','-9.588842, -67.533108','14'),(1044,'10','10','CENTRO DE SAÚDE DE PORTO ACRE','PROJETO HUMAITÁ','115','239','-9.726983, -67.698586','14'),(1045,'10','11, 12','ESCOLA PÚBLICA JADER SARAIVA MACHADO','VILA DO V, KM 37, S/N','117','362','-9.678169, -67.744668','14'),(1046,'10','112','ESCOLA JOSÉ PLÁCIDO DE CASTRO','RUA DEPUTADO RAIMUNDO HERMÍNIO DE MELO, S/N','17','249','-9.590191, -67.537332','14'),(1047,'10','113','ESCOLA EDMUNDO PINTO DE ALMEIDA','RODOVIA AC 10, KM 29, S/N - PROJETO HUMAITÁ','115','235','-9.729465, -67.700391','14'),(1048,'10','114','SECRETARIA EXECUTIVA DE ASSISTÊNCIA TÉCNICA E GARANTIA DE PRODUÇÃO - SEATER-GP','PROJETO HUMAITÁ, LINHA II, RAMAL DO V','115','253','-9.679807, -67.742083','14'),(1049,'10','123','ESCOLA MAJOR VENCESLAU SALINAS - PAVILHÃO II','CENTRO - PORTO ACRE','17','238','-9.588842, -67.533108','14'),(1050,'10','124, 229','ESCOLA MUNICIPAL NOVO HORIZONTE','RUA IPÊ ROXO, S/N','116','392','-9.728723, -67.700858','14'),(1051,'10','127','SECRETARIA EXECUTIVA DE ASSISTÊNCIA TÉCNICA E GARANTIA DE PRODUÇÃO - SEATER-GP','PROJETO HUMAITÁ, LINHA II, RAMAL DO V','115','248','-9.679807, -67.742083','14'),(1052,'10','128','ESCOLA MUNICIPAL NOVO HORIZONTE','RUA IPÊ ROXO, S/N','116','219','-9.728723, -67.700858','14'),(1053,'10','129','ESCOLA MUNICIPAL JOAQUIM FALCÃO MACEDO','PROJETO DE ASSENTAMENTO CAQUETÁ, BR 317, KM 82, RAMAL LINHA 09, LOTE 300','65','173','-9.685704, -67.376052','14'),(1054,'10','13','ESCOLA PÚBLICA JADER SARAIVA MACHADO','VILA DO V, KM 37, S/N','117','205','-9.678169, -67.744668','14'),(1055,'10','131, 151','ESCOLA PÚBLICA JADER SARAIVA MACHADO','VILA DO V, KM 37, S/N','117','354','-9.678169, -67.744668','14'),(1056,'10','134','CENTRO DE SAÚDE DE PORTO ACRE','PROJETO HUMAITÁ','115','236','-9.726983, -67.698586','14'),(1057,'10','14, 296','ESCOLA NOSSA SENHORA AUXILIADORA','ESTRADA DE PORTO ACRE, KM 27, S/N, RAMAL DO CANIND','65','265','-9.630764, -67.685974','14'),(1058,'10','158, 267','ESCOLA JOSÉ PLÁCIDO DE CASTRO','RUA DEPUTADO RAIMUNDO HERMÍNIO DE MELO, S/N','17','255','-9.590191, -67.537332','14'),(1059,'10','160','ESCOLA EDMUNDO PINTO DE ALMEIDA','RODOVIA AC 10, KM 29, S/N - PROJETO HUMAITÁ','115','243','-9.729465, -67.700391','14'),(1060,'10','162','ESCOLA SÃO RAIMUNDO NONATO','PIK DO MEIO, PROJETO TOCANTINS','65','153','-9.438198, -67.869325','14'),(1061,'10','178, 290','ESCOLA MUNICIPAL JOAQUIM FALCÃO MACEDO','PROJETO DE ASSENTAMENTO CAQUETÁ, BR 317, KM 82, RAMAL LINHA 09, LOTE 300','65','224','-9.685704, -67.376052','14'),(1062,'10','191, 226','ESCOLA PÚBLICA JADER SARAIVA MACHADO','VILA DO V, KM 37, S/N','117','366','-9.678169, -67.744668','14'),(1063,'10','196','ESCOLA EDMUNDO PINTO DE ALMEIDA','RODOVIA AC 10, KM 29, S/N - PROJETO HUMAITÁ','115','243','-9.729465, -67.700391','14'),(1064,'10','198','ESCOLA JOSÉ PLÁCIDO DE CASTRO','RUA DEPUTADO RAIMUNDO HERMÍNIO DE MELO, S/N','17','271','-9.590191, -67.537332','14'),(1065,'10','2','ESCOLA MAJOR VENCESLAU SALINAS - PAVILHÃO II','CENTRO - PORTO ACRE','17','242','-9.588842, -67.533108','14'),(1066,'10','200','ESCOLA CRISTO REI','BR 317, KM 72, PROJETO CAQUETÁ','65','228','-9.755932, -67.357919','14'),(1067,'10','204','ESCOLA MUNICIPAL DE ENSINO FUNDAMENTAL VITÓRIA','LINHA 01, PROJETO CAQUETÁ, PORTO ALONSO','65','149','-9.884965, -67.441165','14'),(1068,'10','215','ESCOLA JOSÉ PLÁCIDO DE CASTRO','RUA DEPUTADO RAIMUNDO HERMÍNIO DE MELO, S/N','17','249','-9.590191, -67.537332','14'),(1069,'10','217','ESCOLA CRISTO REI','BR 317, KM 72, PROJETO CAQUETÁ','65','228','-9.755932, -67.357919','14'),(1070,'10','231','ESCOLA SÃO RAIMUNDO NONATO','PIK DO MEIO, PROJETO TOCANTINS','65','151','-9.438198, -67.869325','14'),(1071,'10','279','ESCOLA ESTADUAL UNIÃO E PROGRESSO ','BR 317, KM 72, PROJETO CAQUETÁ','65','294','-9.752309, -67.353385','14'),(1072,'10','281','IFAC - PORTO ACRE ','RUA DAS AROEIRAS, S/N - PROJETO HUMAITÁ','115','298','-9.726865, -67.697627','14'),(1073,'10','282, 299','ESCOLA MUNICIPAL PEQUENO PRÍNCIPE ','RUA MARIA ANGEÊLICA, S/N, VILA DO V','115','356','-9.728596, -67.699242','14'),(1074,'10','285','ESCOLA MUNICIPAL NILCE MACHADO DA ROCHA ','RUA LUIZ GALVEZ, N 1162','17','179','-9.591126, -67.541461','14'),(1075,'10','287','ESCOLA MUNICIPAL NOVO HORIZONTE','PIK DO MEIO, PROJETO TOCANTINS','65','0','-9.438198, -67.869325','14'),(1076,'10','288','UNIDADE DE SAUÚDE DA FAMILIA ÁLVARO ARAÚJO NOBRE ','PROJETO TOCATINS, RAMAL DOS PAULISTAS, KM 20 - 4 BOCAS','65','300','-9.522663, -67.775480','14'),(1077,'10','289','ESCOLA CRISTO REI','BR 317, KM 72, PROJETO CAQUETÁ','65','224','-9.755932, -67.357919','14'),(1078,'10','292','CÂMARA MUNICIPAL DE PORTO ACRE ','RODOVIA AC 10, KM 56, CENTRO ','17','197','-9.593316, -67.542590','14'),(1079,'10','293','IFAC - PORTO ACRE ','RUA DAS AROEIRAS, S/N - PROJETO HUMAITÁ','115','298','-9.726865, -67.697627','14'),(1080,'10','294','ESCOLA MUNICIPAL PEQUENO PRÍNCIPE ','RUA MARIA ANGÊLICA, S/N, VILA DO V','115','300','-9.728596, -67.699242','14'),(1081,'10','295','IFAC - PORTO ACRE ','RUA DAS AROEIRAS, S/N - PROJETO HUMAITÁ','115','297','-9.726865, -67.697627','14'),(1082,'10','297','UNIDADE DE SAUÚDE DA FAMILIA ÁLVARO ARAÚJO NOBRE ','PROJETO TOCATINS, RAMAL DOS PAULISTAS, KM 20 - 4 BOCAS','65','123','-9.522663, -67.775480','14'),(1083,'10','3','ESCOLA JOSÉ PLÁCIDO DE CASTRO','RUA DEPUTADO RAIMUNDO HERMÍNIO DE MELO, S/N','17','243','-9.590191, -67.537332','14'),(1084,'10','4','ESCOLA JOSÉ PLÁCIDO DE CASTRO','RUA DEPUTADO RAIMUNDO HERMÍNIO DE MELO, S/N','17','245','-9.590191, -67.537332','14'),(1085,'10','5, 6','ESCOLA MUNICIPAL NOVO HORIZONTE','RUA IPÊ ROXO, S/N','116','395','-9.728723, -67.700858','14'),(1086,'10','7','ESCOLA EDMUNDO PINTO DE ALMEIDA','RODOVIA AC 10, KM 29, S/N','115','219','-9.729465, -67.700391','14'),(1087,'10','8','ESCOLA EDMUNDO PINTO DE ALMEIDA','RODOVIA AC 10, KM 29, S/N','115','221','-9.729465, -67.700391','14'),(1088,'10','9','ESCOLA EDMUNDO PINTO DE ALMEIDA','RODOVIA AC 10, KM 29, S/N','115','234','-9.729465, -67.700391','14'),(1106,'4','115','ESCOLA BORGES DE AQUINO','RUA BEIRA RIO, S/N','17','365','-8.268301, -72.742113','15'),(1107,'4','132','ESCOLA SEBASTIÃO CORREIA LIMA','RUA JOSÉ ESTEPHAN BARBARY, S/N','17','365','-8.265944, -72.746740','15'),(1108,'4','144','ESCOLA MANOEL MOREIRA PINHEIRO','RUA MAMED CAMELI, S/N','17','368','-8.263648, -72.743808','15'),(1109,'4','145','ESCOLA BORGES DE AQUINO','RUA BEIRA RIO, S/N','17','364','-8.268301, -72.742113','15'),(1110,'4','146','ESCOLA ISAURA AMORIM DE LIMA','RUA ALFREDO SALES, S/N','17','370','-8.267131, -72.742519','15'),(1111,'4','164','ESCOLA SÃO JOSÉ','COMUNIDADE MORORî Ð RIO CRUZEIRO DO VALE','65','205','-8.250016, -72.719212','15'),(1112,'4','166','ESCOLA NOSSA SENHORA APARECIDA','SERINGAL REFORMA - RIO JURUÁ','65','135','-8.468750, -72.864365','15'),(1113,'4','202','ESCOLA NOSSA SENHORA APARECIDA','SERINGAL REFORMA - RIO JURUÁ','65','129','-8.468750, -72.864365','15'),(1114,'4','245','ESCOLA SÃO JOSÉ','COMUNIDADE MORORî Ð RIO CRUZEIRO DO VALE','65','203','-8.250016, -72.719212','15'),(1115,'4','286','ESCOLA NOSSA SENHORA APARECIDA','SERINGAL REFORMA - RIO JURUÁ','65','112','-8.468750, -72.864365','15'),(1116,'4','311','ESCOLA LIMA DO VALE','ALDEIA RAIMUNDO DO VALE - RIO CRUZEIRO DO VALE','65','212','-8.249557, -72.727749','15'),(1117,'4','313','ESCOLA FRANCISCO DAS CHAGAS','RIO OURO PRETO - COMUNIDADE IRACEMA','65','100','-8.416426, -72.881830','15'),(1118,'4','314','ESCOLA CHATEAUBRIAND BEZERRA','ESTIRÃO AZUL -RIO CRUZEIRO DO VALE','65','101','-8.255079, -72.720602','15'),(1119,'4','316','ESCOLA VENCESLAU BRÁZ','COMUNIDADE VITîRIA RIO JURUÁ','65','207','-8.349340, -72.759450','15'),(1120,'4','320','ESCOLA ALFREDO SALES','RIO GRAJAÚ - GRAJAÚ','65','271','-8.539043, -72.804222','15'),(1121,'4','321','ESCOLA JOSÉ DE MELO BARRETO','COMUNIDADE 3 BOCAS Ð RIO DAS MINAS','65','131','-8.516756, -72.846277','15'),(1122,'4','325','ESCOLA CASTELO BRANCO','COMUNIDADE FORMIGUEIRO Ð IGARAPÉ CUMPRIDO','65','173','-8.213446, -72.955471','15'),(1123,'4','338','ESCOLA MANOEL MOREIRA PINHEIRO','RUA MAMED CAMELI, S/N','17','170','-8.263648, -72.743808','15'),(1124,'4','361','ESCOLA BORGES DE AQUINO','RUA BEIRA RIO, S/N','17','153','-8.268301, -72.742113','15'),(1125,'4','372','ESCOLA ISAURA AMORIM DE LIMA','RUA ALFREDO SALES, S/N','17','140','-8.267131, -72.742519','15'),(1126,'4','373','ESCOLA SEBASTIÃO CORREIA LIMA','RUA JOSÉ ESTEPHAN BARBARY, S/N','17','128','-8.265944, -72.746740','15'),(1127,'4','77','ESCOLA BORGES DE AQUINO','RUA BEIRA RIO, S/N','17','360','-8.268301, -72.742113','15'),(1128,'4','78','ESCOLA MANOEL MOREIRA PINHEIRO','RUA MAMED CAMELI, S/N','17','378','-8.263648, -72.743808','15'),(1129,'4','79','ESCOLA MANOEL MOREIRA PINHEIRO','RUA MAMED CAMELI, S/N','17','364','-8.263648, -72.743808','15'),(1130,'4','80','ESCOLA ISAURA AMORIM DE LIMA','RUA ALFREDO SALES, S/N','17','380','-8.267131, -72.742519','15'),(1137,'4','148','ESCOLA FRANCISCO BRAGA DE SOUZA ','RUA TARAUACÁ, S/N','17','347','-7.737781, -72.653825','17'),(1138,'4','149','ESCOLA CUNHA VASCONCELOS ','RUA TARAUACÁ, S/N','17','287','-7.737606, -72.649336','17'),(1139,'4','150','ESCOLA PEDRO MELO CORREIA ','AVENIDA PRESIDENTE VARGAS, S/N ','17','292','-7.736623, -72.648136','17'),(1140,'4','169','ESCOLA FRANCISCO BRAGA DE SOUZA ','RUA TARAUACÁ, S/N','17','370','-7.737781, -72.653825','17'),(1141,'4','170','ESCOLA CUNHA VASCONCELOS ','RUA TARAUACÁ, S/N','17','294','-7.737606, -72.649336','17'),(1142,'4','171','ESCOLA PEDRO MELO CORREIA ','AVENIDA PRESIDENTE VARGAS, S/N ','17','296','-7.736623, -72.648136','17'),(1143,'4','174','POLO AGROFLORESTAL ','PROJETO ASSENTAMENTO BATOQUE ','65','184','-7.806636, -72.637674','17'),(1144,'4','176','ESCOLA CUNHA VASCONCELOS ','RUA TARAUACÁ, S/N','17','293','-7.737606, -72.649336','17'),(1145,'4','193','ESCOLA FRANCISCO BRAGA DE SOUZA ','RUA TARAUACÁ, S/N','17','350','-7.737781, -72.653825','17'),(1146,'4','197','ESCOLA MARIA LIGIA DE MATOS DA SILVA ','AVENIDA MARECHAL THAUMATURGO','17','294','-7.737873, -72.648901','17'),(1147,'4','209','ESCOLA INENCI MORORO DE OLIVEIRA ','FOZ DO PARANÁ DOS MOURAS - RIO JURUÁ','65','350','-7.879951, -72.759884','17'),(1148,'4','212','ESCOLA PADRE RAIMUNDO AGNALDO PEREIRA TRINDADE ','RUA CRUZEIRO DO SUL','17','300','-7.730314, -72.649326','17'),(1149,'4','215','ESCOLA MARIA LIGIA DE MATOS DA SILVA ','AVENIDA MARECHAL THAUMATURGO','17','293','-7.737873, -72.648901','17'),(1150,'4','221','POLO AGROFLORESTAL ','PROJETO ASSENTAMENTO BATOQUE ','65','182','-7.806636, -72.637674','17'),(1151,'4','225, 349','ESCOLA INENCI MORORO DE OLIVEIRA ','FOZ DO PARANÁ DOS MOURAS - RIO JURUÁ','65','413','-7.879951, -72.759884','17'),(1152,'4','226','ESCOLA PADRE RAIMUNDO AGNALDO PEREIRA TRINDADE ','RUA CRUZEIRO DO SUL','17','297','-7.730314, -72.649326','17'),(1153,'4','231','ESCOLA SANTA CLARA ','COMUNIDADE NOVA CINTRA - RIO JURUÁ','65','371','-7.834865, -72.690558','17'),(1154,'4','232','ESCOLA JOSE SARAIVA DE FREITAS ','COMUNIDADE PROFETA DO 13 DE MAIO - RIO JURUÁ','65','297','-7.772902, -72.646258','17'),(1155,'4','233, 368','ESCOLA MARECHAL RONDON ','AGROVILA DO RAMAL BANANEIRA - PROJETO SÃO PEDRO ','65','360','-7.821480, -72.665024','17'),(1156,'4','234','ESCOLA MARGARIDA PEDREIRA ','PARANÁ DOS MOURAS ','65','278','-7.756876, -72.851729','17'),(1157,'4','241','ESCOLA MARGARIDA PEDREIRA ','PARANÁ DOS MOURAS ','65','272','-7.756876, -72.851729','17'),(1158,'4','250','ESCOLA SANTA CLARA ','COMUNIDADE NOVA CINTRA - RIO JURUÁ','65','369','-7.834865, -72.690558','17'),(1159,'4','272','ESCOLA DE 1º GRAU RAIMUNDO DA COSTA ','SERINGAL PARANÁ DOS MOURAS - COMUNIDADE 3 BOCAS ','65','204','-7.873396, -73.055319','17'),(1160,'4','274','ESCOLA DE 1º GRAU FRANCISCO DAS CHAGAS SILVA ','SERINGAL PARANÁ DOS MOURAS - APUÍ - COMUNIDADE CÍCERO ','65','300','-7.920089, -72.879039','17'),(1161,'4','281','ESCOLA ILDEBRANDO FABRICIO ANGELO ','RAMAL DA UNIÃO - PROJETO SÃO PEDRO ','65','290','-7.824678, -72.658473','17'),(1162,'4','290','ESCOLA FRANCISCO ENEIAS CORREIA ','SERINGAL PARANÁ DOS MOURAS - FORTALEZA ','65','145','-7.908815, -73.202077','17'),(1163,'4','292','ESCOLA EDSOM MOURA ','SERINGAL PARANÁ DOS MOURAS - TORRE DA LUA ','65','229','-7.877480, -72.906177','17'),(1164,'4','298, 380','ESCOLA JOSE SARAIVA DE FREITAS ','COMUNIDADE PROFETA DO 13 DE MAIO - RIO JURUÁ','65','326','-7.772902, -72.646258','17'),(1165,'4','299','ESCOLA BOM JESUS ','PROJETO PARANÁ DOS MOURAS  RAMAL HAVAÍ','65','225','-7.858219, -72.932863','17'),(1166,'4','302','ESCOLA SÃO JOSE II ','RAMAL DA MARIANA II ','65','180','-7.697606, -72.841059','17'),(1167,'4','304','ESCOLA FRANCISCO COSTA BEZERRA ','RAMAL ARCO ÍRIS - PROJETO SÃO PEDRO','65','208','-7.781849, -72.637517','17'),(1168,'4','309','ESCOLA GODOFREDO SAMPAIO ','AGROVILA DO MUJÚ','65','236','-7.713283, -72.696761','17'),(1169,'4','317','ESCOLA NUNES CORREIA ','RIO JURUÁ  PUCALPA II ','65','274','-7.853231, -72.734221','17'),(1170,'4','351','ESCOLA FRANCISCO BRAGA DE SOUZA ','RUA TARAUACÁ, S/N','17','300','-7.737781, -72.653825','17'),(1171,'4','357','ESCOLA SANTA CLARA ','COMUNIDADE NOVA CINTRA - RIO JURUÁ','65','104','-7.834865, -72.690558','17'),(1172,'4','377','ESCOLA PADRE RAIMUNDO AGNALDO PEREIRA TRINDADE ','RUA CRUZEIRO DO SUL','17','301','-7.730314, -72.649326','17'),(1173,'4','82','ESCOLA FRANCISCO BRAGA DE SOUZA ','RUA TARAUACÁ, S/N','17','361','-7.737781, -72.653825','17'),(1174,'4','83','ESCOLA CUNHA VASCONCELOS ','RUA TARAUACÁ, S/N','17','294','-7.737606, -72.649336','17'),(1175,'4','84','ESCOLA PEDRO MELO CORREIA ','AVENIDA PRESIDENTE VARGAS, S/N ','17','296','-7.736623, -72.648136','17'),(1207,'3','58','ESCOLA ANTÔNIA FERNANDES DE MOURA','RUA PROFIRO DE MOURA','17','','-9.430172, -70.492974','18'),(1208,'3','60','ESCOLA PADRE PAOLINO MARIA BALDASSARI','RUA DJALMA BATISTA DO NASCIMENTO','20','','-9.439052, -70.491054','18'),(1209,'3','65','ESCOLA PADRE PAOLINO MARIA BALDASSARI','RUA DJALMA BATISTA DO NASCIMENTO','20','','-9.439052, -70.491054','18'),(1210,'3','72, 122','ESCOLA FRANCISCO RABELO SÁ','RUA 28 DE ABRIL','20','','-9.446907, -70.484363','18'),(1211,'3','76','ESCOLA PADRE PAOLINO MARIA BALDASSARI','RUA DJALMA BATISTA DO NASCIMENTO','20','','-9.439052, -70.491054','18'),(1212,'3','77','ESCOLA NOVA FRONTEIRA','RUA ALDEIA NOVA FRONTEIRA','65','','-9.446915, -70.490859','18'),(1213,'3','87','ESCOLA NOVA FRONTEIRA','RUA ALDEIA NOVA FRONTEIRA','65','','-9.446915, -70.490859','18'),(1214,'3','88, 125','ESCOLA ANTÔNIA FERNANDES DE MOURA','RUA PROFIRO DE MOURA','17','','-9.430172, -70.492974','18'),(1215,'3','95','ESCOLA SOBRAL','ALDEIA SOBRAL','65','','-9.444017, -70.495167','18'),(1216,'3','96, 124','ESCOLA NOVO MARINHO','ALDEIA NOVO MARINHO','65','','-9.457243, -70.481993','18'),(1222,'3','1','ESCOLA MESSIAS RODRIGUES','RUA VIRGULINO DE ALENCAR ESQUINA COM AVENIDA  GUANABARA','96','','-9.073680, -68.654990','19'),(1223,'3','10','EEE MÉDIO DOM JÚLIO MATTIOLI','AVENIDA BRASIL C/ RUA CUNHA VASCONCELOS','17','','-9.068711, -68.659737','19'),(1224,'3','101, 129','ESCOLA RECIFE 02','SERINGAL RECIFE  RIO IÁCO','65','','-9.866151, -68.876785','19'),(1225,'3','103','ESCOLA ENSINO FUNDAMENTAL JOSÉ JOAQUIM DE MATOS','ESTRADA MÁRIO LOBÃO, KM 45  PROJETO JOAQUIM DE MATOS','65','','-9.084255, -68.629952','19'),(1226,'3','104','ESCOLA MARIA DE FÁTIMA SOUZA CHAVES','RUA ANTÔNIO NICÁCIO TEIXEIRA','99','','-9.074546, -68.654507','19'),(1227,'3','105','ESCOLA MESSIAS RODRIGUES','RUA VIRGULINO DE ALENCAR ESQUINA COM AVENIDA  GUANABARA','96','','-9.073680, -68.654990','19'),(1228,'3','106','EEEF INSTITUTO SANTA JULIANA','AVENIDA AVELINO CHAVES','17','','-9.068475, -68.656896','19'),(1229,'3','108','ESCOLA WALFREDO GUEDES MONTEIRO','EUGÊNIO AUGUSTO AREAL','6','','-9.085062, -68.676118','19'),(1230,'3','109','COMUNIDADE LUA NOVA','COMUNIDADE LUA NOVA  RIO MACAUÃ','65','','-9.349014, -68.869512','19'),(1231,'3','11','EEE MÉDIO DOM JÚLIO MATTIOLI','AVENIDA BRASIL C/ RUA CUNHA VASCONCELOS','17','','-9.068711, -68.659737','19'),(1232,'3','112, 116','CRECHE CRIANÇA FELIZ','RUA MANOEL GONÇALVES','14','','-9.072089, -68.660867','19'),(1233,'3','113','ESCOLA EUCLIDES FEITOSA CAVALCANTE','RUA ORLEIR CAMELI ','169','','-9.068422, -68.671413','19'),(1234,'3','115','UNIDADE BÁSICA DE SAÚDE LAURO FONTES','RUA MARANHÃO','20','','-9.059597, -68.660723','19'),(1235,'3','117','UNIDADE BÁSICA DE SAÚDE FLORENTINO FLORIANO','RUA JOSÉ FÉLIX','89','','-9.056844, -68.664234','19'),(1236,'3','118, 110','TRT - VARA DE SENA MADUREIRA','RUA VIRGULINO DE ALENCAR, N 235','17','','-9.069547, -68.654639','19'),(1237,'3','119, 131','INSTITUTO FEDERAL DO ACRE - NÚCLEO DE SENA MADUREIRA','RUA CUNHA VASCONCELOS','17','','-9.067097, -68.659228','19'),(1238,'3','12','EEE MÉDIO DOM JÚLIO MATTIOLI','AVENIDA BRASIL C/ RUA CUNHA VASCONCELOS','17','','-9.068711, -68.659737','19'),(1239,'3','120, 121','SECRETARIA MUNICIPAL DE SAÚDE','AVENIDA AVELINO CHAVES, 818','17','','-9.067275, -68.656612','19'),(1240,'3','13','COPERYACO','AVENIDA BRASIL, S/N','17','','-9.068827, -68.661620','19'),(1241,'3','133','UPEM  UNIDADE PENITENCIÁRIA DOUTOR EVARISTO DE MORAES','BR 364, KM 01  SENTIDO SENA MADUREIRA/RIO BRANCO','65','','-9.079866, -68.670235','19'),(1242,'3','134','INSTITUTO SÓCIO-EDUCATIVO - ISE','ESTRADA XIBUREMA KM 02','6','','-9.084722, -68.674124','19'),(1243,'3','14','ESCOLA FONTENELE DE CASTRO','AVENIDA PADRE EGÍDIO, S/N','17','','-9.068903, -68.655749','19'),(1244,'3','15','ESCOLA FONTENELE DE CASTRO','AVENIDA PADRE EGÍDIO, S/N','17','','-9.068903, -68.655749','19'),(1245,'3','16','ESCOLA FONTENELE DE CASTRO','AVENIDA PADRE EGÍDIO, S/N','17','','-9.068903, -68.655749','19'),(1246,'3','17','IDAF','AVENIDA BRASIL, S/N','17','','-9.068816, -68.661522','19'),(1247,'3','18','IDAF','AVENIDA BRASIL, S/N','17','','-9.068816, -68.661522','19'),(1248,'3','19','EEFM ELIZIÁRIO TÁVORA','AVENIDA AVELINO CHAVES, S/N','17','','-9.068397, -68.656412','19'),(1249,'3','2','EEEF INSTITUTO SANTA JULIANA','AVENIDA AVELINO CHAVES','17','','-9.068475, -68.656896','19'),(1250,'3','20','EEFM ELIZIÁRIO TÁVORA','AVENIDA AVELINO CHAVES, S/N','17','','-9.068397, -68.656412','19'),(1251,'3','21','EEFM ELIZIÁRIO TÁVORA','AVENIDA AVELINO CHAVES, S/N','17','','-9.068397, -68.656412','19'),(1252,'3','22','EEF GUTEMBERG MODESTO DA COSTA','RUA CUNHA VASCONCELOS','14','','-9.074587, -68.660358','19'),(1253,'3','23','EEF SIQUEIRA DE MENEZES','RUA AUGUSTO VASCONCELOS','98','','-9.060468, -68.657403','19'),(1254,'3','24','EEF SIQUEIRA DE MENEZES','RUA AUGUSTO VASCONCELOS','98','','-9.060468, -68.657403','19'),(1255,'3','25','ESCOLA EUGÊNIO AREAL','RUA PIAUI  CIDADE NOVA','20','','-9.058151, -68.658916','19'),(1256,'3','26','ESCOLA EUGÊNIO AREAL','RUA PIAUI  CIDADE NOVA','20','','-9.058151, -68.658916','19'),(1257,'3','27','INCRA','AVENIDA AVELINO CHAVES, N. 1.732','14','','-9.071640, -68.657236','19'),(1258,'3','28','INCRA','AVENIDA AVELINO CHAVES, N. 1.732','14','','-9.071640, -68.657236','19'),(1259,'3','29','ESCOLA RAIMUNDO HERMÍNIO DE MELO','AVENIDA BRASIL, S/N','97','','-9.076740, -68.670207','19'),(1260,'3','3','EEEF INSTITUTO SANTA JULIANA','AVENIDA AVELINO CHAVES','17','','-9.068475, -68.656896','19'),(1261,'3','30','ESCOLA RAIMUNDO HERMÍNIO DE MELO','AVENIDA BRASIL, S/N','97','','-9.076740, -68.670207','19'),(1262,'3','31','EEEF INSTITUTO SANTA JULIANA','AVENIDA AVELINO CHAVES','17','','-9.068475, -68.656896','19'),(1263,'3','32','EEI CHAPEUZINHO VERMELHO','RUA DOM JÚLIO MATTIOLI','17','','-9.068437, -68.655664','19'),(1264,'3','33','EEI CHAPEUZINHO VERMELHO','RUA DOM JÚLIO MATTIOLI','17','','-9.068437, -68.655664','19'),(1265,'3','34','ESCOLA EUCLIDES FEITOSA CAVALCANTE','RUA ORLEIR CAMELI ','169','','-9.068422, -68.671413','19'),(1266,'3','35','ESCOLA EUCLIDES FEITOSA CAVALCANTE','RUA ORLEIR CAMELI ','169','','-9.068422, -68.671413','19'),(1267,'3','36','ESCOLA EUCLIDES FEITOSA CAVALCANTE','RUA ORLEIR CAMELI ','169','','-9.068422, -68.671413','19'),(1268,'3','37','PROJOVEM','AVENIDA AVELINO CHAVES, S/N','17','','-9.070453, -68.657085','19'),(1269,'3','38','PROJOVEM','AVENIDA AVELINO CHAVES, S/N','17','','-9.070453, -68.657085','19'),(1270,'3','39','ESCOLA MESSIAS RODRIGUES','RUA VIRGULINO DE ALENCAR ESQUINA COM AVENIDA  GUANABARA','96','','-9.073680, -68.654990','19'),(1271,'3','4','EEEF INSTITUTO SANTA JULIANA','AVENIDA AVELINO CHAVES','17','','-9.068475, -68.656896','19'),(1272,'3','40','ESCOLA MESSIAS RODRIGUES','RUA VIRGULINO DE ALENCAR ESQUINA COM AVENIDA  GUANABARA','96','','-9.073680, -68.654990','19'),(1273,'3','5','ESCOLA ASSIS VASCONCELOS','ESTRADA BOM SUCESSO','89','','-9.058896, -68.664710','19'),(1274,'3','53','EEF GUTEMBERG MODESTO DA COSTA','RUA CUNHA VASCONCELOS, S/N','14','','-9.074587, -68.660358','19'),(1275,'3','54','ESCOLA RAIMUNDO HERMÍNIO DE MELO','AVENIDA BRASIL, S/N','97','','-9.076740, -68.670207','19'),(1276,'3','55','PRÉ-ESCOLA IRACEMA MODESTO DA COSTA','RUA CUNHA VASCONCELOS C/ MONSENHOR TÁVORA','17','','-9.066302, -68.659067','19'),(1277,'3','56','PRÉ-ESCOLA IRACEMA MODESTO DA COSTA','RUA CUNHA VASCONCELOS C/ MONSENHOR TÁVORA','17','','-9.066302, -68.659067','19'),(1278,'3','57','EEF SIQUEIRA DE MENEZES','RUA AUGUSTO VASCONCELOS','98','','-9.060468, -68.657403','19'),(1279,'3','6','ESCOLA ASSIS VASCONCELOS','ESTRADA BOM SUCESSO','89','','-9.058896, -68.664710','19'),(1280,'3','61','ESCOLA MESSIAS RODRIGUES','RUA VIRGULINO DE ALENCAR ESQUINA COM AVENIDA  GUANABARA','96','','-9.073680, -68.654990','19'),(1281,'3','62','IDAF','AVENIDA BRASIL, S/N','17','','-9.068816, -68.661522','19'),(1282,'3','63','COMPLEXO ESCOLAR FRANCISCO PAULA BEZERRA','MONSENHOR TAVORA','17','','-9.066343, -68.659052','19'),(1283,'3','64','PRÉ-ESCOLA IRACEMA MODESTO DA COSTA','RUA CUNHA VASCONCELOS C/ MONSENHOR TÁVORA','17','','-9.066302, -68.659067','19'),(1284,'3','66','EEF GUTEMBERG MODESTO DA COSTA','RUA CUNHA VASCONCELOS, S/N','14','','-9.074587, -68.660358','19'),(1285,'3','67','COMPLEXO ESCOLAR FRANCISCO PAULA BEZERRA','MONSENHOR TAVORA','17','','-9.066343, -68.659052','19'),(1286,'3','68','EEE MÉDIO DOM JÚLIO MATTIOLI','AVENIDA BRASIL C/ RUA CUNHA VASCONCELOS','17','','-9.068711, -68.659737','19'),(1287,'3','69','CEDUP  CENTRO ESTADUAL DE EDUCAÇÃO PERMANENTE','RUA JOÃO MARÇAL, 231','94','','-9.075036, -68.662212','19'),(1288,'3','7','CENTRO DA JUVENTUDE','RUA MARANHÃO, S/Nº','94','','-9.075563, -68.662751','19'),(1289,'3','70','ESCOLA ASSIS VASCONCELOS','ESTRADA BOM SUCESSO','89','','-9.058896, -68.664710','19'),(1290,'3','71','ESCOLA MESSIAS RODRIGUES','RUA VIRGULINO DE ALENCAR ESQUINA COM AVENIDA  GUANABARA','96','','-9.073680, -68.654990','19'),(1291,'3','73','EEE MÉDIO DOM JÚLIO MATTIOLI','AVENIDA BRASIL C/ RUA CUNHA VASCONCELOS','17','','-9.068711, -68.659737','19'),(1292,'3','74','EEF GUTEMBERG MODESTO DA COSTA','RUA CUNHA VASCONCELOS, S/N','14','','-9.074587, -68.660358','19'),(1293,'3','75','COMPLEXO ESCOLAR FRANCISCO PAULA BEZERRA','MONSENHOR TAVORA','17','','-9.066343, -68.659052','19'),(1294,'3','78','EEF SIQUEIRA DE MENEZES','RUA AUGUSTO VASCONCELOS','98','','-9.060468, -68.657403','19'),(1295,'3','79','EEFM ELIZIÁRIO TÁVORA','AVENIDA AVELINO CHAVES, S/N','17','','-9.068397, -68.656412','19'),(1296,'3','8','CENTRO DA JUVENTUDE','RUA MARANHÃO, S/Nº','94','','-9.075563, -68.662751','19'),(1297,'3','80','EEF GUTEMBERG MODESTO DA COSTA','RUA CUNHA VASCONCELOS, S/N','14','','-9.074587, -68.660358','19'),(1298,'3','81','EEEF INSTITUTO SANTA JULIANA','AVENIDA AVELINO CHAVES','17','','-9.068475, -68.656896','19'),(1299,'3','82','ESCOLA MESSIAS RODRIGUES','RUA VIRGULINO DE ALENCAR ESQUINA COM AVENIDA  GUANABARA','96','','-9.073680, -68.654990','19'),(1300,'3','83','ESCOLA VICENTE BALBINO DA COSTA','RUA HERMANO ALVES COSTA ','93','','-9.076947, -68.666166','19'),(1301,'3','84','ESCOLA MESSIAS RODRIGUES','RUA VIRGULINO DE ALENCAR ESQUINA COM AVENIDA  GUANABARA','96','','-9.073680, -68.654990','19'),(1302,'3','85','ESCOLA DE ENSINO FUNDAMENTAL CAZUMBÁ','COMUNIDADE CAZUMBÁ, RIO CAETÉ  ZONA RURAL','65','','-9.109615, -68.992055','19'),(1303,'3','86','ESCOLA DE ENSINO FUNDAMENTAL RAIMUNDO MAGALHÃES','RUA SÉRGIO FERREIRA DA SILVA, Nº 2183','95','','-9.065213, -68.652870','19'),(1304,'3','9','SECRETARIA MUNICIPAL DE EDUCAÇÃO - SEME','RUA MAJOR JOÃO CÂNCIO','17','','-9.063209, -68.656704','19'),(1305,'3','90','COMPLEXO ESCOLAR FRANCISCO PAULA BEZERRA','MONSENHOR TAVORA','17','','-9.066343, -68.659052','19'),(1306,'3','91','ESCOLA VICENTE BALBINO DA COSTA','RUA HERMANO ALVES COSTA ','93','','-9.076947, -68.666166','19'),(1307,'3','92','ESCOLA MARIA DE FÁTIMA SOUZA CHAVES','RUA ANTÔNIO NICÁCIO TEIXEIRA','99','','-9.074546, -68.654507','19'),(1308,'3','93','ESCOLA RAIMUNDO HERMÍNIO DE MELO','AVENIDA BRASIL, S/N','97','','-9.076740, -68.670207','19'),(1309,'3','94, 114','CEDUP  CENTRO ESTADUAL DE EDUCAÇÃO PERMANENTE','RUA JOÃO MARÇAL, 231','94','','-9.075036, -68.662212','19'),(1310,'3','97, 127, 128','ESCOLA WALFREDO GUEDES MONTEIRO','EUGÊNIO AUGUSTO AREAL','6','','-9.085062, -68.676118','19'),(1311,'3','98','SERINGAL NOVA OLINDA','RIO IÁCO','65','','-10.100049, -69.205637','19'),(1312,'3','99','ESCOLA DE ENSINO FUNDAMENTAL RAIMUNDO MAGALHÃES','RUA SÉRGIO FERREIRA DA SILVA, Nº 2183','95','','-9.065213, -68.652870','19'),(1349,'8','100','ESCOLA PADRE CARLOS CASAVECCHIA ','BR 364 KM 32 RAMAL NOVA ALDEIA KM 01','65','200','-10.088385, -67.530503','20'),(1350,'8','104','ESCOLA DE ENSINO INFANTIL MONTEIRO LOBATO ','RUA BRASILIANO CÂNCIO','208','185','-10.147478, -67.737576','20'),(1351,'8','116','ESCOLA MUNICIPAL ALBERTO ZAIRE ','RUA JOSÉ DE BARROS','53','214','-10.152216, -67.731259','20'),(1352,'8','118','COLEGIO SANTO IZIDORO ','RUA CLETO REINALDO RAMOS ','17','203','-10.154584, -67.735481','20'),(1353,'8','119','ESCOLA BRIGADEIRO EDUARDO GOMES ','AVENIDA CASTELO BRANCO ','17','222','-10.157907, -67.736198','20'),(1354,'8','126, 249','ESCOLA MARIA AUXILIADORA QUEIROZ ','BR 364 KM 80 RAMAL NABOR JUNIOR KM 8 ','65','221','-9.913662, -67.169418','20'),(1355,'8','127, 213','CENTRO DE ATENDIMENTO A CRIANCA E ADOLESCENTE - CEMAIA ','RUA TRES DE MAIO','17','243','-10.158331, -67.737105','20'),(1356,'8','130, 214','CENTRO DE REFERÊNCIA ASSISTENCIA SOCIAL - CRAS ','RUA VISCONDE DE MAUA, 250','17','143','-10.153475, -67.735764','20'),(1357,'8','131','ESCOLA MUNICIPAL ALBERTO ZAIRE ','RUA JOSÉ DE BARROS','53','205','-10.152216, -67.731259','20'),(1358,'8','134','ESCOLA CARLOS ALBERTO PEREIRA DO NASCIMENTO ','RUA GERSON PEREIRA DO NASCIMENTO','204','246','-10.166333, -67.720738','20'),(1359,'8','149','ESCOLA BOM DESTINO  PSDA BONAL ','BR 364 KM 76 RAMAL BONAL KM 1,5 ','65','250','-9.975826, -67.177109','20'),(1360,'8','152','ESCOLA RICARDO HERMINIO DE MELO II ','BR 364 KM 32 RAMAL NOVA ALDEIA KM 15','65','274','-10.192958, -67.548285','20'),(1361,'8','153, 207','ESCOLA LUIZ QUEIROZ NOGUEIRA','BR 317 KM 75 RAMAL PROGRESSO KM 23 ','65','243','-9.678568, -67.146009','20'),(1362,'8','154','ESCOLA MUNICIPAL ORLANDO DE SOUZA VIANA ','RUA JAMIL BESTENE','206','217','-10.142524, -67.732809','20'),(1363,'8','161','ESCOLA MARIA JOSE BEZERRA DOS REIS ','BR 364 KM 39 BEIRA DA BR ','65','162','-10.113577, -67.471962','20'),(1364,'8','166, 251','SESC  UNIDADE DE SENADOR GUIOMARD ','RUA RIO BRANCO','17','130','-10.150799, -67.734152','20'),(1365,'8','167, 248','ESCOLA SÃO FRANCISCO DE ASSIS','BR 317 KM 52 VILA PIA ','65','241','-9.889465, -67.441425','20'),(1366,'8','168','PREDIO DA SEATER ','BR 317 KM 70 BOCA RAMAL AREIA BRANCA ','65','160','-9.774051, -67.362079','20'),(1367,'8','172','ESCOLA NUBIA MARIA FERNANDES ','RUA JOSÉ DE BARROS','53','241','-10.148609, -67.731405','20'),(1368,'8','187, 250','ESCOLA MANOEL GONZAGA  1º CADERNINHO ','RUA 3 DE MAIO, ESQ. RUA COSTA E SILVA ','17','288','-10.150995, -67.740199','20'),(1369,'8','200','ESCOLA MUNICIPAL ORLANDO DE SOUZA VIANA ','RUA JAMIL BESTENE','206','230','-10.142524, -67.732809','20'),(1370,'8','204','ESCOLA VEIGA CABRAL ','RUA TRES DE MAIO ','17','247','-10.153559, -67.739137','20'),(1371,'8','208','ESCOLA DE ENSINO INFANTIL MONTEIRO LOBATO ','RUA BRASILIANO CÂNCIO','208','219','-10.147478, -67.737576','20'),(1372,'8','210','ESCOLA ESTADUAL BOA VISTA  TOP 15 ','RODOVIA AC 40 KM 15 RAMAL NOVO HORIZONTE KM 01 ','65','217','-10.079986, -67.759086','20'),(1373,'8','219','COLEGIO 15 DE JUNHO ','RUA FELINTO MULLER','208','297','-10.145831, -67.739181','20'),(1374,'8','220','ESCOLA CARLOS ALBERTO PEREIRA DO NASCIMENTO ','RUA GERSON PEREIRA DO NASCIMENTO','204','266','-10.166333, -67.720738','20'),(1375,'8','221','ESCOLA BOM DESTINO  PSDA BONAL ','BR 364 KM 76 RAMAL BONAL KM 1,5 ','65','206','-9.975826, -67.177109','20'),(1376,'8','222','ESCOLA MUNICIPAL ORLANDO DE SOUZA VIANA ','RUA JAMIL BESTENE','206','298','-10.142524, -67.732809','20'),(1377,'8','223','ESCOLA RICARDO HERMINIO DE MELO II ','BR 364 KM 32 RAMAL NOVA ALDEIA KM 15','65','124','-10.192958, -67.548285','20'),(1378,'8','225','ESCOLA NUBIA MARIA FERNANDES ','RUA JOSÉ DE BARROS','53','182','-10.148609, -67.731405','20'),(1379,'8','226','ESCOLA MUNICIPAL ALBERTO ZAIRE ','RUA JOSÉ DE BARROS','53','266','-10.152216, -67.731259','20'),(1380,'8','227','ESCOLA BRIGADEIRO EDUARDO GOMES ','AVENIDA CASTELO BRANCO','17','295','-10.157907, -67.736198','20'),(1381,'8','239','ESCOLA PADRE CARLOS CASAVECCHIA ','BR 364 KM 32 RAMAL NOVA ALDEIA KM 01 ','65','119','-10.088385, -67.530503','20'),(1382,'8','241','ESCOLA DIVA PEREIRA DE SOUZA ','CONJUNTO QUINARI ','203','245','-10.157351, -67.730886','20'),(1383,'8','242','SESC  UNIDADE DE SENADOR GUIOMARD ','RUA RIO BRANCO','17','350','-10.150799, -67.734152','20'),(1384,'8','243, 246','POSTO DE SAUDE MAXIMO DAMASCENO WASCONCELOS ','BR 317 SENTIDO BOCA DO ACRE KM 16','65','133','-10.100984, -67.614278','20'),(1385,'8','244','ESCOLA MUNICIPAL ORLANDO DE SOUZA VIANA ','RUA JAMIL BESTENE','206','181','-10.142524, -67.732809','20'),(1386,'8','25','CÂMARA MUNICIPAL ','RUA TRES DE MAIO, 569','17','221','-10.155480, -67.738047','20'),(1387,'8','26, 192','IDAF  (ANTIGA PRONASA) ','RUA CLETO REINALDO RAMOS, S/N','17','148','-10.155138, -67.736550','20'),(1388,'8','27, 188','ESCOLA LUPICINIO ALEXENDRE NUNES ','RUA SAO PAULO','17','264','-10.157596, -67.736844','20'),(1389,'8','28','COLEGIO 15 DE JUNHO ','RUA FELINTO MULLER','208','236','-10.145831, -67.739181','20'),(1390,'8','29','ESCOLA MUNICIPAL FENELON MANOEL ','RUA CLETO REINALDO RAMOS ','17','214','-10.155286, -67.736289','20'),(1391,'8','30','COLEGIO 15 DE JUNHO ','RUA FELINTO MULLER','208','230','-10.145831, -67.739181','20'),(1392,'8','31','ESCOLA MUNICIPAL ALBERTO ZAIRE ','RUA JOSÉ DE BARROS','53','218','-10.152216, -67.731259','20'),(1393,'8','32','COLEGIO SANTO IZIDORO ','RUA CLETO REINALDO RAMOS ','17','207','-10.154584, -67.735481','20'),(1394,'8','33','ESCOLA VEIGA CABRAL ','RUA TRES DE MAIO ','17','217','-10.153559, -67.739137','20'),(1395,'8','34','ESCOLA VEIGA CABRAL ','RUA TRES DE MAIO ','17','232','-10.153559, -67.739137','20'),(1396,'8','35, 247','ESCOLA BRIGADEIRO EDUARDO GOMES ','AVENIDA CASTELO BRANCO ','17','335','-10.157907, -67.736198','20'),(1397,'8','36','ESCOLA BRIGADEIRO EDUARDO GOMES ','AVENIDA CASTELO BRANCO ','17','212','-10.157907, -67.736198','20'),(1398,'8','39','COLEGIO 15 DE JUNHO ','RUA FELINTO MULLER','208','239','-10.145831, -67.739181','20'),(1399,'8','40','COLEGIO SANTO IZIDORO ','RUA CLETO REINALDO RAMOS ','17','199','-10.154584, -67.735481','20'),(1400,'8','41','ESCOLA VEIGA CABRAL ','RUA TRES DE MAIO ','17','230','-10.153559, -67.739137','20'),(1401,'8','44','COLEGIO 15 DE JUNHO ','RUA FELINTO MULLER','208','235','-10.145831, -67.739181','20'),(1402,'8','49','ESCOLA MANOEL GONZAGA  1º CADERNINHO ','RUA 3 DE MAIO, ESQ. RUA COSTA E SILVA ','17','232','-10.150995, -67.740199','20'),(1403,'8','50','ESCOLA SÃO JOSE IV ','BR 364 KM 53 RAMAL GLEBA','65','169','-9.974791, -67.357986','20'),(1404,'8','53, 229','ESCOLA MUNICIPAL FENELON MANOEL ','RUA CLETO REINALDO RAMOS ','17','286','-10.155286, -67.736289','20'),(1405,'8','56, 206','ESCOLA LUPICINIO ALEXENDRE NUNES ','RUA SAO PAULO ','17','235','-10.157596, -67.736844','20'),(1406,'8','57','COLEGIO SANTO IZIDORO ','RUA CLETO REINALDO RAMOS ','17','200','-10.154584, -67.735481','20'),(1407,'8','62','COLEGIO 15 DE JUNHO ','RUA FELINTO MULLER','208','236','-10.145831, -67.739181','20'),(1408,'8','63','COLEGIO SANTO IZIDORO ','RUA CLETO REINALDO RAMOS ','17','203','-10.154584, -67.735481','20'),(1409,'8','67','ESCOLA DIVA PEREIRA DE SOUZA ','AVENIDA EDUARDO ASMAR ','203','227','-10.157351, -67.730886','20'),(1410,'8','68','COLEGIO SANTO IZIDORO ','RUA CLETO REINALDO RAMOS ','17','204','-10.154584, -67.735481','20'),(1411,'8','69','ESCOLA PADRE CARLOS CASAVECCHIA ','BR 364 KM 32 RAMAL NOVA ALDEIA KM 01 ','65','189','-10.088385, -67.530503','20'),(1412,'8','70, 175','ESCOLA MANOEL DA COSTA SOBRINHO ','BR 364 KM 70 RAMAL STA. MARIA KM 15 ','65','279','-9.941705, -67.295394','20'),(1413,'8','73','ESCOLA DIVA PEREIRA DE SOUZA ','AVENIDA EDUARDO ASMAR ','203','230','-10.157351, -67.730886','20'),(1414,'8','78, 174','ESCOLA ROSALINA DA SILVEIRA ','RODOVIA AC 40 KM 18 VILA PARAISO ','65','124','-10.103501, -67.754449','20'),(1415,'8','79','ESCOLA JOELMA DE OLIVEIRA ','BR 364 KM 83 RAMAL OCO DO MUNDO KM 25 ','65','67','-9.845953, -67.155066','20'),(1416,'8','82','ESCOLA DIVA PEREIRA DE SOUZA ','AVENIDA EDUARDO ASMAR ','203','231','-10.157351, -67.730886','20'),(1417,'8','90','ESCOLA DIVA PEREIRA DE SOUZA ','AVENIDA EDUARDO ASMAR ','203','227','-10.157351, -67.730886','20'),(1418,'8','91','ESCOLA DIVA PEREIRA DE SOUZA ','AVENIDA EDUARDO ASMAR ','203','154','-10.157351, -67.730886','20'),(1419,'8','92, 212','SOCIEDADE EDUCACIONAL DO QUINARI  ESCOLA MODELO ','AVENIDA GUIOMAR VIEIRA, 341','205','174','-10.156629, -67.732615','20'),(1420,'8','97','COLEGIO 15 DE JUNHO ','RUA FELINTO MULLER','208','244','-10.145831, -67.739181','20'),(1421,'8','98','ESCOLA MARIA AUXILIADORA QUEIROZ ','BR 364 KM 80 RAMAL NABOR JUNIOR KM 8 ','65','206','-9.913662, -67.169418','20'),(1476,'5','1','ESCOLA DE PRIMEIRO GRAU JOÃO RIBEIRO','AVENIDA ANTONIO FROTA','17','302','-8.159338, -70.765597','21'),(1477,'5','10','ESCOLA PLÁCIDO DE CASTRO','AVENIDA ANTONIO FROTA','17','326','-8.159781, -70.768228','21'),(1478,'5','101','INSPETORIA DE ENSINO','RUA CORONEL JUVENCIO DE MENEZES, S/N','17','12','-8.159992, -70.764148','21'),(1479,'5','102','ESCOLA ESTADUAL DE 1º GRAU NOSSA SENHORA DE FÁTIMA','ALDEIA INDÍGENA PRAIA DO CARAPANÃ','65','90','-8.268001, -70.752078','21'),(1480,'5','103','ESCOLA MUNICIPAL SÃO JOSÉ','ALDEIA SÃO VICENTE, RIO HUMAITÁ','65','133','-8.657893, -72.219883','21'),(1481,'5','104','ESCOLA ESTIRÃO DO CAUCHO','ALDEIA CAUCHO, RIO MURÚ','65','272','-8.245486, -70.754548','21'),(1482,'5','105','ESCOLA SÃO SEBASTIÃO','SERINGAL MACEIÓ, COMUNIDADE DO JOACIR, RIO TARAUACÁ','65','123','-8.016899, -70.691051','21'),(1483,'5','106','ESCOLA JOSE AUGUSTO DE ARAÚJO','AVENIDA ANTONIO FROTA','17','257','-8.159812, -70.771018','21'),(1484,'5','107','PENITENCIÁRIA MOACIR PRADO','BR 364 TRECHO TARAUACÁ/CRUZEIRO DO SUL','65','2','-8.139186, -70.823741','21'),(1485,'5','108','ESCOLA DE ENSINO FUNDAMENTAL PROF. RILZA MARIA DANIEL DO NASCIMENTO','RUA BENJAMIN CONSTANT, S/N','106','289','-8.166491, -70.766344','21'),(1486,'5','109','ESCOLA SANTA TEREZINA, ANEXO IV','SERINGAL INDEPENDENCIA - SAUDADE, RIO ACURAUA','65','75','-7.791357, -70.830945','21'),(1487,'5','11','ESCOLA PLÁCIDO DE CASTRO','AVENIDA ANTONIO FROTA','17','314','-8.159781, -70.768228','21'),(1488,'5','110','ESCOLA DE ENSINO MÉDIO DR. FRANCISCO DJALMA DA CUNHA BATISTA','AVENIDA EPAMINONDAS JACOME S/N','104','110','-8.158031, -70.778108','21'),(1489,'5','111','ESCOLA MUNICIPAL ADELMAR DE OLIVEIRA','RUA NILO FREIRE DE ALBUQUERQUE, S/N','170','170','-8.152580, -70.775422','21'),(1490,'5','114','ESCOLA DE ENSINO FUNDAMENTAL GOVERNADOR EDMUNDO PINTO DE ALMEIDA','BR 364 KM 03 TRECHO TARAUACA/FEIJO','105','98','-8.152089, -70.733176','21'),(1491,'5','115','ESCOLA DE ENSINO FUNDAMENTAL PEDRO ZUMBA DA SILVA','BR 364 KM 102 TRECHO TARAUACA/CRUZEIRO','65','123','-7.953674, -71.481055','21'),(1492,'5','116','ESCOLA DE PRIMEIRO GRAU JOÃO RIBEIRO','AVENIDA ANTONIO FROTA','17','248','-8.159338, -70.765597','21'),(1493,'5','117','ESCOLA DE ENSINO FUNDAMENTAL PROF. RILZA MARIA DANIEL DO NASCIMENTO','RUA BENJAMIN CONSTANT, S/N','106','265','-8.166491, -70.766344','21'),(1494,'5','119','ESCOLA ESTADUAL INSTITUTO SÃO JOSÉ','RUA BENJAMIN CONSTANT, 1325 ','17','300','-8.158868, -70.766661','21'),(1495,'5','12','ESCOLA JOSE AUGUSTO DE ARAÚJO','AVENIDA ANTONIO FROTA','17','304','-8.159812, -70.771018','21'),(1496,'5','120','ESCOLA MUNICIPAL ADELMAR DE OLIVEIRA','RUA NILO FREIRE DE ALBUQUERQUE, S/N','170','72','-8.152580, -70.775422','21'),(1497,'5','121','ESCOLA DE ENSINO FUNDAMENTAL PEDRO ZUMBA DA SILVA','BR 364 Km 102 TRECHO TARAUACA/CRUZEIRO ','65','95','-8.099865, -71.060992','21'),(1498,'5','124','ESCOLA ESTADUAL INSTITUTO SÃO JOSÉ','RUA BENJAMIN CONSTANT, 1325 ','17','91','-8.158868, -70.766661','21'),(1499,'5','13','ESCOLA TUPANIR GAUDENCIO DA COSTA','CAPITAO HIPOLITO','17','312','-8.150788, -70.757474','21'),(1500,'5','14','ESCOLA ROSAURA MOURÃO DA ROCHA','JOAO DE PAIVA','106','308','-8.164688, -70.765088','21'),(1501,'5','15','ESCOLA DE ENSINO FUNDAMENTAL DELZUÍTE BARROSO BRAGA DE ARAÚJO','AVENIDA EPAMINONDAS JACOME S/N','104','260','-8.149881, -70.782432','21'),(1502,'5','16','NÚCLEO DA UFAC DE TARAUACÁ','BENJAMIN CONSTANT','17','236','-8.158663, -70.766339','21'),(1503,'5','17','ESCOLA DONIZETE MOTA','CAPITAO HIPOLITO','97','297','-8.156441, -70.758652','21'),(1504,'5','18','NÚCLEO DA UFAC DE TARAUACÁ','BENJAMIN CONSTANT','17','237','-8.158663, -70.766339','21'),(1505,'5','19','SECRETARIA MUNICIPAL DE EDUCACAO E CULTURA - SEMEC','CORONEL JUVENCIO DE MENEZES, S/N','17','306','-8.160338, -70.764279','21'),(1506,'5','2','ESCOLA DE PRIMEIRO GRAU JOÃO RIBEIRO','AVENIDA ANTONIO FROTA','17','292','-8.159338, -70.765597','21'),(1507,'5','20','NÚCLEO DA UFAC DE TARAUACÁ','BENJAMIN CONSTANT','17','251','-8.158663, -70.766339','21'),(1508,'5','21','ESCOLA TUPANIR GAUDENCIO DA COSTA','CAPITAO HIPOLITO','17','315','-8.150788, -70.757474','21'),(1509,'5','22','ESCOLA DONIZETE MOTA','CAPITAO HIPOLITO','97','281','-8.156441, -70.758652','21'),(1510,'5','23','ESCOLA ESTADUAL INSTITUTO SÃO JOSÉ','RUA BENJAMIN CONSTANT, 1325','17','277','-8.158868, -70.766661','21'),(1511,'5','24','ESCOLA ROSAURA MOURÃO DA ROCHA','JOAO DE PAIVA','106','292','-8.164688, -70.765088','21'),(1512,'5','25','ESCOLA PLÁCIDO DE CASTRO','AVENIDA ANTONIO FROTA','17','295','-8.159781, -70.768228','21'),(1513,'5','26','ESCOLA PLÁCIDO DE CASTRO','AVENIDA ANTONIO FROTA','17','313','-8.159781, -70.768228','21'),(1514,'5','29','PREDIO DO INCRA','AVENIDA ANTONIO FROTA','17','274','-8.159781, -70.767608','21'),(1515,'5','3','ESCOLA DE PRIMEIRO GRAU JOÃO RIBEIRO','AVENIDA ANTONIO FROTA','17','293','-8.159338, -70.765597','21'),(1516,'5','30','ESCOLA DE ENSINO FUNDAMENTAL DELZUÍTE BARROSO BRAGA DE ARAÚJO','AVENIDA EPAMINONDAS JACOME S/N','104','262','-8.149881, -70.782432','21'),(1517,'5','31','ESCOLA DE ENSINO MÉDIO DR. FRANCISCO DJALMA DA CUNHA BATISTA','AVENIDA EPAMINONDAS JACOME S/N','104','270','-8.158031, -70.778108','21'),(1518,'5','33','ESCOLA DE ENSINO MÉDIO DR. FRANCISCO DJALMA DA CUNHA BATISTA','AVENIDA EPAMINONDAS JACOME S/N','104','301','-8.158031, -70.778108','21'),(1519,'5','34','ESCOLA JOSE AUGUSTO DE ARAÚJO','AVENIDA ANTONIO FROTA','17','281','-8.159812, -70.771018','21'),(1520,'5','35','INSPETORIA DE ENSINO','RUA CORONEL JUVENCIO DE MENEZES, S/N','17','267','-8.159992, -70.764148','21'),(1521,'5','36','ESCOLA TUPANIR GAUDENCIO DA COSTA','CAPITAO HIPOLITO','17','287','-8.150788, -70.757474','21'),(1522,'5','38','ESCOLA ROSAURA MOURÃO DA ROCHA','JOAO DE PAIVA','106','292','-8.164688, -70.765088','21'),(1523,'5','39','ESCOLA TUPANIR GAUDENCIO DA COSTA','CAPITAO HIPOLITO','17','286','-8.150788, -70.757474','21'),(1524,'5','4','ESCOLA JOSE AUGUSTO DE ARAÚJO','AVENIDA ANTONIO FROTA','17','297','-8.159812, -70.771018','21'),(1525,'5','40','ESCOLA TUPANIR GAUDENCIO DA COSTA','CAPITAO HIPOLITO','17','283','-8.150788, -70.757474','21'),(1526,'5','41','ESCOLA JOSE AUGUSTO DE ARAÚJO','AVENIDA ANTONIO FROTA','17','291','-8.159812, -70.771018','21'),(1527,'5','42','ESCOLA DE ENSINO FUNDAMENTAL PROF. RILZA MARIA DANIEL DO NASCIMENTO','RUA BENJAMIN CONSTANT, S/N','106','289','-8.166491, -70.766344','21'),(1528,'5','43','ESCOLA DE ENSINO FUNDAMENTAL DELZUÍTE BARROSO BRAGA DE ARAÚJO','AVENIDA EPAMINONDAS JACOME S/N','104','258','-8.149881, -70.782432','21'),(1529,'5','44','NÚCLEO DA UFAC DE TARAUACÁ','BENJAMIN CONSTANT','17','232','-8.158663, -70.766339','21'),(1530,'5','47','ESCOLA ESTADUAL INSTITUTO SÃO JOSÉ','RUA BENJAMIN CONSTANT, 1325','17','247','-8.158868, -70.766661','21'),(1531,'5','48','SECRETARIA DE ESTADO DE PRODUCAO - SEPRO','FLORIANO PEIXOTO, N. 0110','17','263','-8.160701, -70.764857','21'),(1532,'5','49','SECRETARIA MUNICIPAL DE PRODUCAO E MEIO AMBIENTE - SEMEIA','RUA DR. SANSAO GOMES, N. 091','17','251','-8.158163, -70.759543','21'),(1533,'5','5','CÂMARA MUNICIPAL','RUA CORONEL JUVENCIO DE MENEZES, S/N','17','306','-8.159715, -70.764337','21'),(1534,'5','50','ESCOLA PLÁCIDO DE CASTRO','AVENIDA ANTONIO FROTA','17','293','-8.159781, -70.768228','21'),(1535,'5','51','ESCOLA DE PRIMEIRO GRAU JOÃO RIBEIRO','AVENIDA ANTONIO FROTA','17','271','-8.159338, -70.765597','21'),(1536,'5','53','ESCOLA DE ENSINO MÉDIO DR. FRANCISCO DJALMA DA CUNHA BATISTA','AVENIDA EPAMINONDAS JACOME S/N','104','254','-8.158031, -70.778108','21'),(1537,'5','54','ESCOLA DE ENSINO FUNDAMENTAL PEDRO ZUMBA DA SILVA','BR 364 KM 102 TRECHO TARAUACA/CRUZEIRO','65','258','-7.953674, -71.481055','21'),(1538,'5','55','ESCOLA DE ENSINO FUNDAMENTAL GOVERNADOR EDMUNDO PINTO DE ALMEIDA','BR 364 KM 03 TRECHO TARAUACA/FEIJO','105','271','-8.152089, -70.733176','21'),(1539,'5','58','ACAMPAMENTO DO DERACRE- ZONA RURAL RIOZINHO DA LIBERDADE','BR 364 KM 157 TRECHO TARAUACA/CRUZEIRO DO SUL','65','182','-7.798244, -72.024533','21'),(1540,'5','59','ESCOLA DE ENSINO MÉDIO DR. FRANCISCO DJALMA DA CUNHA BATISTA','AVENIDA EPAMINONDAS JACOME S/N','104','243','-8.158031, -70.778108','21'),(1541,'5','6','ESCOLA JOSE AUGUSTO DE ARAÚJO','AVENIDA ANTONIO FROTA','17','275','-8.159812, -70.771018','21'),(1542,'5','60','ACAMPAMENTO DO DERACRE- ZONA RURAL RIOZINHO DA LIBERDADE','BR 364 KM 157 TRECHO TARAUACA/CRUZEIRO DO SUL','65','181','-7.798244, -72.024533','21'),(1543,'5','61','ESCOLA DE ENSINO FUNDAMENTAL PEDRO ZUMBA DA SILVA','BR 364 KM 102 TRECHO TARAUACA/CRUZEIRO','65','249','-7.953674, -71.481055','21'),(1544,'5','63','ESCOLA DE ENSINO FUNDAMENTAL CEL JOSE MARQUES DE ALBUQUERQUE','SERINGAL PARAÍSO','65','173','-8.787301, -71.182351','21'),(1545,'5','64','ESCOLA DE ENSINO FUNDAMENTAL GOVERNADOR EDMUNDO PINTO DE ALMEIDA','BR 364 KM 03 TRECHO TARAUACA/FEIJO','105','270','-8.152089, -70.733176','21'),(1546,'5','68','ESCOLA DE PRIMEIRO GRAU JOÃO RIBEIRO','AVENIDA ANTONIO FROTA','17','270','-8.159338, -70.765597','21'),(1547,'5','69','ESCOLA DE PRIMEIRO GRAU JOÃO RIBEIRO','AVENIDA ANTONIO FROTA','17','275','-8.159338, -70.765597','21'),(1548,'5','7','ESCOLA ROSAURA MOURÃO DA ROCHA','JOAO DE PAIVA','106','311','-8.164688, -70.765088','21'),(1549,'5','71','ESCOLA DE ENSINO FUNDAMENTAL PROF. RILZA MARIA DANIEL DO NASCIMENTO','RUA BENJAMIN CONSTANT, S/N','106','296','-8.166491, -70.766344','21'),(1550,'5','72','SECRETARIA MUNICIPAL DE EDUCACAO E CULTURA - SEMEC','CORONEL JUVENCIO DE MENEZES, S/N','17','266','-8.160338, -70.764279','21'),(1551,'5','73','ESCOLA ESTADUAL DE 1º GRAU NOSSA SENHORA DE FÁTIMA','ALDEIA INDÍGENA PRAIA DO CARAPANÃ','65','200','-8.268001, -70.752078','21'),(1552,'5','74','ESCOLA ESTADUAL DE 1º GRAU IVAN STTIHU','ALDEIA INDÍGENA NOVA ESPERANÇA','65','210','-8.390899, -71.774981','21'),(1553,'5','76','ESCOLA DE ENSINO MÉDIO DR. FRANCISCO DJALMA DA CUNHA BATISTA','AVENIDA EPAMINONDAS JACOME S/N','104','107','-8.158031, -70.778108','21'),(1554,'5','77','ESCOLA PLÁCIDO DE CASTRO','AVENIDA ANTONIO FROTA','17','299','-8.159781, -70.768228','21'),(1555,'5','78','ESCOLA DE ENSINO FUNDAMENTAL DELZUÍTE BARROSO BRAGA DE ARAÚJO','AVENIDA EPAMINONDAS JACOME S/N','104','261','-8.149881, -70.782432','21'),(1556,'5','79','ESCOLA DE ENSINO FUNDAMENTAL PEDRO ZUMBA DA SILVA','BR 364 KM 102 TRECHO TARAUACA/CRUZEIRO','65','230','-7.953674, -71.481055','21'),(1557,'5','8','ESCOLA ROSAURA MOURÃO DA ROCHA','JOAO DE PAIVA','106','300','-8.164688, -70.765088','21'),(1558,'5','80','ESCOLA TUPANIR GAUDENCIO DA COSTA','CAPITAO HIPOLITO','17','285','-8.150788, -70.757474','21'),(1559,'5','81','SECRETARIA MUNICIPAL DE PRODUCAO E MEIO AMBIENTE - SEMEIA','RUA DR. SANSAO GOMES, N. 091','17','28','-8.158163, -70.759543','21'),(1560,'5','82','ESCOLA DE ENSINO FUNDAMENTAL PROF. RILZA MARIA DANIEL DO NASCIMENTO','RUA BENJAMIN CONSTANT, S/N','106','291','-8.166491, -70.766344','21'),(1561,'5','83','ESCOLA PLÁCIDO DE CASTRO','AVENIDA ANTONIO FROTA','17','297','-8.159781, -70.768228','21'),(1562,'5','84','ESCOLA TUPANIR GAUDENCIO DA COSTA','CAPITAO HIPOLITO','17','285','-8.150788, -70.757474','21'),(1563,'5','85','ESCOLA DONIZETE MOTA','CAPITAO HIPOLITO','97','52','-8.156441, -70.758652','21'),(1564,'5','86','SECRETARIA MUNICIPAL DE EDUCACAO E CULTURA - SEMEC','CORONEL JUVENCIO DE MENEZES, S/N','17','22','-8.160338, -70.764279','21'),(1565,'5','87','ESCOLA DONIZETE MOTA','CAPITAO HIPOLITO','97','50','-8.156441, -70.758652','21'),(1566,'5','88','ESCOLA DE PRIMEIRO GRAU JOÃO RIBEIRO','AVENIDA ANTONIO FROTA','17','268','-8.159338, -70.765597','21'),(1567,'5','89','ESCOLA DE ENSINO MÉDIO DR. FRANCISCO DJALMA DA CUNHA BATISTA','AVENIDA EPAMINONDAS JACOME S/N','104','106','-8.158031, -70.778108','21'),(1568,'5','9','ESCOLA PLÁCIDO DE CASTRO','AVENIDA ANTONIO FROTA','17','319','-8.159781, -70.768228','21'),(1569,'5','91','ESCOLA ROSAURA MOURÃO DA ROCHA','JOAO DE PAIVA','106','212','-8.164688, -70.765088','21'),(1570,'5','92','ESCOLA DE ENSINO FUNDAMENTAL CEL JOSE MARQUES DE ALBUQUERQUE','SERINGAL PARAÍSO','65','133','-8.787301, -71.182351','21'),(1571,'5','93','SECRETARIA DE ESTADO DE PRODUCAO - SEPRO','FLORIANO PEIXOTO, N. 0110','17','61','-8.160701, -70.764857','21'),(1572,'5','94','ESCOLA DE ENSINO FUNDAMENTAL PROF. RILZA MARIA DANIEL DO NASCIMENTO','RUA BENJAMIN CONSTANT, S/N','106','289','-8.166491, -70.766344','21'),(1573,'5','95','ESCOLA ESTADUAL INSTITUTO SÃO JOSÉ','RUA BENJAMIN CONSTANT, 1325','17','196','-8.158868, -70.766661','21'),(1574,'5','96','ESCOLA DE ENSINO MÉDIO DR. FRANCISCO DJALMA DA CUNHA BATISTA','AVENIDA EPAMINONDAS JACOME S/N','104','109','-8.158031, -70.778108','21'),(1575,'5','97','PREDIO DO INCRA','AVENIDA ANTONIO FROTA','17','57','-8.159781, -70.767608','21'),(1576,'5','98','ESCOLA ROSAURA MOURÃO DA ROCHA','JOAO DE PAIVA','106','213','-8.164688, -70.765088','21'),(1577,'5','99','SECRETARIA MUNICIPAL DE EDUCACAO E CULTURA - SEMEC','CORONEL JUVENCIO DE MENEZES, S/N','17','21','-8.160338, -70.764279','21'),(1603,'2','1, 20','GINASIO ANTHERO SOARES BEZERRA','RUA CORONEL BRANDÃO','17','429','-10.653923, -68.505295','22'),(1604,'2','10, 49','ESCOLA LATIFE ZAINE KALUME','RUA FLORIANO PEIXOTO, 276','17','247','-10.651434, -68.505431','22'),(1605,'2','12, 59','CENTRO EDUCACIONAL SESC XAPURI','ESTRADA DA VARIANTE VARIANTE','65','260','-10.654222, -68.491925','22'),(1606,'2','13, 43','ESCOLA PLÁCIDO DE CASTRO','RUA FLORIANO PEIXOTO','17','266','-10.651863, -68.505411','22'),(1607,'2','14, 30','ESCOLA PLÁCIDO DE CASTRO','RUA FLORIANO PEIXOTO','17','323','-10.651863, -68.505411','22'),(1608,'2','15, 63','ESCOLA PLÁCIDO DE CASTRO','RUA FLORIANO PEIXOTO','17','265','-10.651863, -68.505411','22'),(1609,'2','16, 19','FÓRUM DE XAPURI','RUA FLORIANO PEIXOTO, 62','17','','-10.653455, -68.505670','22'),(1610,'2','2, 17','GINASIO ANTHERO SOARES BEZERRA','RUA CORONEL BRANDÃO','17','415','-10.653923, -68.505295','22'),(1611,'2','21, 56','ESCOLA LATIFE ZAINE KALUME','RUA FLORIANO PEIXOTO, 276','17','234','-10.651434, -68.505431','22'),(1612,'2','23, 24, 47','NÚCLEO DA UFAC','RUA CORONEL BRANDÃO','17','383','-10.654651, -68.502988','22'),(1613,'2','25, 54','IFAC - CAMPUS XAPURI','RUA CORONEL BRANDÃO 1622','17','414','-10.660761, -68.494153','22'),(1614,'2','26, 53','IFAC - CAMPUS XAPURI','RUA CORONEL BRANDÃO 1622','17','416','-10.660761, -68.494153','22'),(1615,'2','27, 41','IFAC - CAMPUS XAPURI','RUA CORONEL BRANDÃO 1622','17','411','-10.660761, -68.494153','22'),(1616,'2','28, 48','CENTRO EDUCACIONAL SESC XAPURI','ESTRADA DA VARIANTE VARIANTE','65','252','-10.654222, -68.491925','22'),(1617,'2','29, 31','IFAC - CAMPUS XAPURI','RUA CORONEL BRANDÃO 1622','17','411','-10.660761, -68.494153','22'),(1618,'2','3, 4','GINASIO ANTHERO SOARES BEZERRA','RUA CORONEL BRANDÃO','17','429','-10.653923, -68.505295','22'),(1619,'2','32, 40','ESCOLA ESTADUAL PADRE JÓSIMO','SERINGAL FLORESTA - COMUNIDADE SÃO JOÃO DO GUARANI','65','195','-10.443719, -68.602017','22'),(1620,'2','33, 44','ESCOLA 5 DE DEZEMBRO','SERINGAL FLORESTA - COMUNIDADE NOVA VIDA','65','172','-10.495938, -68.631717','22'),(1621,'2','34','ESCOLA MUNICIPAL RURAL','SERINGAL DOIS IRMÃOS','65','','-10.584674, -68.263931','22'),(1622,'2','35, 39','ESCOLA ESPERANÇA DO POVO','SERINGAL CACHOEIRA - RESERVA EXTRATIVISTA - FAZENDINHA','65','369','-10.793266, -68.372359','22'),(1623,'2','36','ESCOLA ESTADUAL BÁRBARA VIEIRA DE SANTANA','SERINGAL SÃO JOSÉ - COLOCAÇÃO VAI QUEM QUER','65','','-10.759444, -68.314882','22'),(1624,'2','37, 38','ESCOLA BELO JARDIM','ASSENTAMENTO TUPÁ','65','208','-10.527625, -68.737889','22'),(1625,'2','45, 58','ESCOLA ESTADUAL MADRE GABRIELA NARDI','RUA PETROPOLIS 185','212','','-10.648146, -68.506935','22'),(1626,'2','46, 57','ESCOLA MUNICIPAL ALCIMAR NUNES LEITÃO','RUA MARIA COSMA ROSA DE DEUS, 53','211','','-10.663453, -68.489540','22'),(1627,'2','5, 22','ESCOLA LATIFE ZAINE KALUME','RUA FLORIANO PEIXOTO, 276','17','251','-10.651434, -68.505431','22'),(1628,'2','50, 52','CEDUP - CENTRO ESTADUAL DE EDUCACAO PERMANENTE','RUA BENJAMIN CONSTANT','17','','-10.652920, -68.503919','22'),(1629,'2','51, 64','ESCOLA MUNICIPAL CAMINHO DO SABER','RUA MONTE LIBANO CONSTANTINO MELO SARKIS','17','332','-10.650269, -68.494521','22'),(1630,'2','55, 60','ESCOLA ESTADUAL MADRE GABRIELA NARDI','RUA PETROPOLIS 185','212','','-10.648146, -68.506935','22'),(1631,'2','6, 18','COLÉGIO DIVINA PROVIDÊNCIA','RUA BENJAMIN CONSTANT','17','353','-10.653212, -68.503585','22'),(1632,'2','61','IFAC - CAMPUS XAPURI','RUA CORONEL BRANDÃO 1622','17','','-10.660761, -68.494153','22'),(1633,'2','7, 42','COLÉGIO DIVINA PROVIDÊNCIA','RUA BENJAMIN CONSTANT','17','353','-10.653212, -68.503585','22'),(1634,'2','8, 11','COLÉGIO DIVINA PROVIDÊNCIA','RUA BENJAMIN CONSTANT','17','365','-10.653212, -68.503585','22'),(1635,'2','9, 62','COLÉGIO DIVINA PROVIDÊNCIA','RUA BENJAMIN CONSTANT','17','356','-10.653212, -68.503585','22'),(3909,'1','192, 193','AGÊNCIA DO INSS CENTRO ','AVENIDA GETÚLIO VARGAS, 647 ','17','','-9.971471, -67.811101','16'),(3910,'1','7','ASSEMBLÉIA LEGISLATIVA ','RUA ARLINDO PORTO LEAL, 240 ','17','','-9.975821, -67.809569','16'),(3911,'9','149','ASSOCIACAO PAIS E AMIGOS DOS EXCEPCIONAIS - APAE','RUA EUCLIDES DA CUNHA','39','334','-9.972902, -67.835162','16'),(3912,'9','285','ASSOCIACAO PAIS E AMIGOS DOS EXCEPCIONAIS - APAE','RUA EUCLIDES DA CUNHA','39','235','-9.972902, -67.835162','16'),(3913,'1','477','BIBLIOTECA PÚBLICA ESTADUAL ','AVENIDA GETÚLIO VARGAS ','17','','-9.973612, -67.810163','16'),(3914,'1','95','CÂMARA MUNICIPAL DE RIO BRANCO ','RUA 24 DE JANEIRO, 53 ','52','','-9.979444, -67.806882','16'),(3915,'1','96','CÂMARA MUNICIPAL DE RIO BRANCO ','RUA 24 DE JANEIRO, 53 ','52','','-9.979444, -67.806882','16'),(3916,'10','303','CASEF (ANTIGO CENTO SOCIOEDUCATIVO DO ACRE) ','RUA AMNITE, N. 481','5','92','-9.923828, -67.816408','16'),(3917,'10','269, 273','CEJA  MONTANHÊS','ALAMEDA ANTONIO PESSOA JUCÁ, N. 100','55','309','-9.922074, -67.833432','16'),(3918,'1','28','CENTRAL DE ARTICULAÇÃO DAS ENTIDADES DA SAÚDE - CADES ','AVENIDA GETÚLIO VARGAS, SN ','17','','-9.971976, -67.810892','16'),(3919,'1','248, 264','CENTRAL DE ARTICULAÇÃO DAS ENTIDADES DA SAÚDE - CADES ','AVENIDA GETÚLIO VARGAS, SN ','17','','-9.971976, -67.810892','16'),(3920,'9','79','CENTRO CULTURA E SOCIAL LYDIA HAMMES (ANTIGO INPA)','RUA RIO GRANDE DO SUL, 3251','2','339','-9.988945, -67.818408','16'),(3921,'9','80','CENTRO CULTURA E SOCIAL LYDIA HAMMES (ANTIGO INPA)','RUA RIO GRANDE DO SUL, 3251','2','332','-9.988945, -67.818408','16'),(3922,'10','125','CENTRO CULTURAL THAUMATURGO FILHO','RUA LUIZ R DA SILVA, 499','35','359','-9.9544908, -67.832076','16'),(3923,'10','139','CENTRO CULTURAL THAUMATURGO FILHO','RUA LUIZ R DA SILVA, 499','35','356','-9.9544908, -67.832076','16'),(3924,'10','193','CENTRO DA JUVENTUDE SAO FRANCISCO - CEJA','ESTRADA DO SAO FRANCISCO','53','331','-9.951620, -67.795004','16'),(3925,'10','252','CENTRO DA JUVENTUDE SAO FRANCISCO - CEJA','ESTRADA DO SAO FRANCISCO','53','336','-9.951620, -67.795004','16'),(3926,'1','14, 24','CENTRO DE EDUCAÇÃO DE JOVENS E ADULTOS - CEJA','AVENIDA EPAMINONDAS JÁCOME, 3047 ','17','','-9.977291, -67.809520','16'),(3927,'1','43, 273','CENTRO DE EDUCAÇÃO DE JOVENS E ADULTOS - CEJA ','AVENIDA EPAMINONDAS JÁCOME, 3047 ','17','','-9.977291, -67.809520','16'),(3928,'1','525, 528, 529, 541','CENTRO DE ESPORTES UNIFICADO - CEU','RUA NOVO ANDIRÁ C/ RUA UIRAPURU, S/N - PRACA DA JUVENTUDE','20','','-9.981283, -67.816809','16'),(3929,'9','54, 178, 227','CENTRO DE REFERENCIA DA REGIONAL VI','RUA OSVALD DE ANDRADE, S/N','2','169','-9.9838827, -67.8251081','16'),(3930,'10','224','CENTRO DE REFERENCIA DE ASSISTENCIA SOCIAL - CRAS','RUA ANTONIO PESSOA, 810','55','347','-9.9282782, -67.8329864','16'),(3931,'1','3','CENTRO DE REFERÊNCIAS E INOVAÇÕES PARA EDUCAÇÃO - CRIE ','RUA RUI BARBOSA, 325 ','17','','-9.972152, -67.809527','16'),(3932,'1','46','CENTRO DE REFERÊNCIAS E INOVAÇÕES PARA EDUCAÇÃO - CRIE ','RUA RUI BARBOSA, 325 ','17','','-9.972152, -67.809527','16'),(3933,'1','77','CENTRO DE REFERÊNCIAS E INOVAÇÕES PARA EDUCAÇÃO - CRIE ','RUA RUI BARBOSA, 325 ','17','','-9.972152, -67.809527','16'),(3934,'1','275','CENTRO DE REFERÊNCIAS E INOVAÇÕES PARA EDUCAÇÃO - CRIE ','RUA RUI BARBOSA, 325 ','17','','-9.972152, -67.809527','16'),(3935,'1','507','CENTRO DE SAUDE CLÁUDIA VITORINO ','RUA BAGUARI, 40 ','56','','-9.996418, -67.807857','16'),(3936,'1','495','CENTRO DE SAÚDE CLÁUDIA VITORINO ','RUA BAGUARI, 40 ','56','','-9.996418, -67.807857','16'),(3937,'1','47','CENTRO DE SAUDE SOUZA ARAÚJO ','BR 364, KM 12  ESTRADA DE PORTO VELHO ','47','','-10.008335, -67.703514','16'),(3938,'10','270','CENTRO DE SAÚDE VILA IVONETE ','AVENIDA ANTONIO DA ROCHA VIANA, 2910 ','62','100','-9.950101, -67.824378','16'),(3939,'9','155','CENTRO DE TECNOLOGIA DA MADEIRA E DO MOBILIARIO (SESI)','RODOVIA AC-10 KM 03','24','338','-9.944084, -67.870897','16'),(3940,'9','70, 293','CENTRO DE TECNOLOGIA DA MADEIRA E DO MOBILIARIO (SESI)','RODOVIA AC-10 KM 03','24','338','-9.944084, -67.870897','16'),(3941,'9','42','CENTRO DIA PARA IDOSOS','RUA OMAR SABINO DE PAULA, 673','25','342','-9.9667088, -67.830987','16'),(3942,'9','267, 282','CENTRO DIA PARA IDOSOS','RUA OMAR SABINO DE PAULA, 673','25','105','-9.9667088, -67.830987','16'),(3943,'10','107','CENTRO EDUCACIONA LATU-SENSU (ANTIGO COLEGIO SANTA MARIA)','RUA DAS PALMEIRAS, 16 Q/7','58','344','-9.960364, -67.795334','16'),(3944,'10','130','CENTRO EDUCACIONA LATU-SENSU (ANTIGO COLEGIO SANTA MARIA)','RUA DAS PALMEIRAS, 16 Q/7','58','351','-9.960364, -67.795334','16'),(3945,'10','136','CENTRO EDUCACIONA LATU-SENSU (ANTIGO COLEGIO SANTA MARIA)','RUA DAS PALMEIRAS, 16 Q/7','58','351','-9.960364, -67.795334','16'),(3946,'10','170','CENTRO EDUCACIONA LATU-SENSU (ANTIGO COLEGIO SANTA MARIA)','RUA DAS PALMEIRAS, 16 Q/7','58','354','-9.960364, -67.795334','16'),(3947,'9','32','CENTRO ESTADUAL DE ATENDIMENTO AO DEFICIENTE VISUAL','RUA OMAR SABINO DE PAULA, 650','25','219','-9.967210, -67.830810','16'),(3948,'9','34','CENTRO ESTADUAL DE ATENDIMENTO AO DEFICIENTE VISUAL','RUA OMAR SABINO DE PAULA, 650','25','223','-9.967210, -67.830810','16'),(3949,'1','4','COLÉGIO ACREANO ','RUA BENJAMIN CONSTANT, SN ','17','','-9.974209, -67.806062','16'),(3950,'1','36','COLÉGIO ACREANO ','RUA BENJAMIN CONSTANT, SN ','17','','-9.974209, -67.806062','16'),(3951,'1','37','COLÉGIO ACREANO ','RUA BENJAMIN CONSTANT, SN ','17','','-9.974209, -67.806062','16'),(3952,'1','38','COLÉGIO ACREANO ','RUA BENJAMIN CONSTANT, SN ','17','','-9.974209, -67.806062','16'),(3953,'1','271','COLÉGIO ACREANO ','RUA BENJAMIN CONSTANT, SN ','17','','-9.974209, -67.806062','16'),(3954,'9','20','COLEGIO ALTERNATIVO','AVENIDA GENERAL VIEIRA DE MELO, 183','26','450','-9.973603, -67.834531','16'),(3955,'9','150','COLEGIO ALTERNATIVO','AVENIDA GENERAL VIEIRA DE MELO, 183','26','438','-9.973603, -67.834531','16'),(3956,'9','207','COLEGIO ALTERNATIVO','AVENIDA GENERAL VIEIRA DE MELO, 183','26','444','-9.973603, -67.834531','16'),(3957,'9','291','COLEGIO ALTERNATIVO','AVENIDA GENERAL VIEIRA DE MELO, 183','26','317','-9.973603, -67.834531','16'),(3958,'1','5','COLÉGIO BARÃO DO RIO BRANCO ','AVENIDA GETÚLIO VARGAS, 232 ','17','','-9.973036, -67.810605','16'),(3959,'1','6','COLÉGIO BARÃO DO RIO BRANCO ','AVENIDA GETÚLIO VARGAS, 232 ','17','','-9.973036, -67.810605','16'),(3960,'1','8','COLÉGIO BARÃO DO RIO BRANCO ','AVENIDA GETÚLIO VARGAS, 232 ','17','','-9.973036, -67.810605','16'),(3961,'1','25','COLÉGIO BARÃO DO RIO BRANCO ','AVENIDA GETÚLIO VARGAS, 232 ','17','','-9.973036, -67.810605','16'),(3962,'1','27','COLÉGIO BARÃO DO RIO BRANCO ','AVENIDA GETÚLIO VARGAS, 232 ','17','','-9.973036, -67.810605','16'),(3963,'1','272','COLÉGIO BARÃO DO RIO BRANCO ','AVENIDA GETÚLIO VARGAS, 232 ','17','','-9.973036, -67.810605','16'),(3964,'1','45','COLÉGIO DE APLICAÇÃO DA UFAC ','AVENIDA GETÚLIO VARGAS, 654 ','17','','-9.971108, -67.810635','16'),(3965,'1','189','COLÉGIO DE APLICAÇÃO DA UFAC ','AVENIDA GETÚLIO VARGAS, 654 ','17','','-9.971108, -67.810635','16'),(3966,'1','190','COLÉGIO DE APLICAÇÃO DA UFAC ','AVENIDA GETÚLIO VARGAS, 654 ','17','','-9.971108, -67.810635','16'),(3967,'1','191','COLÉGIO DE APLICAÇÃO DA UFAC ','AVENIDA GETÚLIO VARGAS, 654 ','17','','-9.971108, -67.810635','16'),(3968,'1','381','COLÉGIO DE APLICAÇÃO DA UFAC ','AVENIDA GETÚLIO VARGAS, 654 ','17','','-9.971108, -67.810635','16'),(3969,'9','60','COLEGIO META III','RUA RUBENS CARNEIRO, 536','1','388','-9.970717, -67.826112','16'),(3970,'9','61','COLEGIO META III','RUA RUBENS CARNEIRO, 536','1','388','-9.970717, -67.826112','16'),(3971,'9','62','COLEGIO META III','RUA RUBENS CARNEIRO, 536','1','385','-9.970717, -67.826112','16'),(3972,'9','146','COLEGIO META III','RUA RUBENS CARNEIRO, 536','1','352','-9.970717, -67.826112','16'),(3973,'9','294','COLEGIO META III','RUA RUBENS CARNEIRO, 536','1','181','-9.970717, -67.826112','16'),(3974,'10','149, 280','COLEGIO VITÓRIA','CONJUNTO GUIOMARD SANTO I, S/N','14','448','-9.958568, -67.807222','16'),(3975,'10','70','COMPANHIA DE ELETRICIDADE DO ACRE  ELETROACRE ','RUA VALERIO MAGALAES, 266','14','382','-9.960128, -67.810909','16'),(3976,'10','71','COMPANHIA DE ELETRICIDADE DO ACRE  ELETROACRE ','RUA VALERIO MAGALAES, 266','14','375','-9.960128, -67.810909','16'),(3977,'10','72','COMPANHIA DE ELETRICIDADE DO ACRE  ELETROACRE ','RUA VALERIO MAGALAES, 266','14','379','-9.960128, -67.810909','16'),(3978,'10','75','CONAB - SUP. MUNICIPAL DE TRANSPORTE E TRÂNSITO','TRAVESSA ICO, 180','25','270','-9.965063, -67.830494','16'),(3979,'10','76','CONAB - SUP. MUNICIPAL DE TRANSPORTE E TRÂNSITO','TRAVESSA ICO, 180','25','270','-9.965063, -67.830494','16'),(3980,'10','152','CONAB - SUP. MUNICIPAL DE TRANSPORTE E TRÂNSITO','TRAVESSA ICO, 180','25','273','-9.965063, -67.830494','16'),(3981,'1','169, 170','CONSELHO REGIONAL DE ENFERMAGEM DO ACRE - COREN','RUA FLORIANO PEIXOTO, 1.101 ','17','','-9.971211, -67.813322','16'),(3982,'1','326, 349','CONSELHO REGIONAL DE ENFERMAGEM DO ACRE - COREN','RUA FLORIANO PEIXOTO, 1.101 ','17','','-9.971211, -67.813322','16'),(3983,'1','164, 188','CORREIOS ','AVENIDA EPAMINONDAS JÁCOME, 2858 ','17','','-9.976462, -67.807978','16'),(3984,'1','524','CRAS SANTA INÊS - CENTRO DE REFERÊNCIA DE ASSISTÊNCIA SOCIAL ','RUA DA SANACRE, 1327 ','48','','-10.009415, -67.798627','16'),(3985,'9','239','CRECHE HILDA BRAGA','CONJ. WALDEMAR MACIEL CALAFATE RUA 13 QUADRA E','16','369','-9.979301, -67.871141','16'),(3986,'9','248, 300','CRECHE MUNICIPAL GUMERCINDO BESSA','AVENIDA MARIA JOSE DE OLIVEIRA, 375','22','298','-9.945424, -67.875942','16'),(3987,'10','116','CRECHE MUNICIPAL JAIRO JUNIOR','RUA LUIZ MORAES, 15','55','411','-9.9292478, -67.8325','16'),(3988,'1','13, 297','DELEGACIA DO MINISTÉRIO DO TRABALHO ','RUA MARECHAL DEODORO, 257 ','17','','-9.973729, -67.807778','16'),(3989,'10','50, 51','DEPARTAMENTO DE PRODUÇÃO ANIMAL DA SECRETARIA DE DES. AGRÁRIO','RUA DO AVIARIO, 315','7','393','-9.9669132, -67.803137','16'),(3990,'10','52, 104','DEPARTAMENTO DE PRODUÇÃO ANIMAL DA SECRETARIA DE DES. AGRÁRIO','RUA DO AVIARIO, 315','7','393','-9.9669132, -67.803137','16'),(3991,'9','59, 156, 225','DEPARTAMENTO DE VIGILÂNCIA SANITARIA','AVENIDA CEARA','26','133','-9.968831, -67.825165','16'),(3992,'1','50','DERACRE ','VIA CHICO MENDES, KM 01 ','51','','-9.984068, -67.806609','16'),(3993,'1','51','DERACRE ','VIA CHICO MENDES, KM 01 ','51','','-9.984068, -67.806609','16'),(3994,'1','347','DERACRE ','VIA CHICO MENDES, KM 01 ','51','','-9.984068, -67.806609','16'),(3995,'1','374','DERACRE ','VIA CHICO MENDES, KM 01 ','51','','-9.984068, -67.806609','16'),(3996,'9','48','DETRAN - LOCAL DE VISTORIAS','AVENIDA NACÕES UNIDAS','25','180','-9.967706, -67.823136','16'),(3997,'9','40, 49','DETRAN - LOCAL DE VISTORIAS','AVENIDA NACÕES UNIDAS','25','175','-9.967706, -67.823136','16'),(3998,'9','29','DETRAN-AC','AVENIDA CEARA, S/N - (EM FRENTE A AGENCIA DO BANCO DO BRASIL ESTILO)','25','288','-9.969251, -67.823869','16'),(3999,'9','147','DETRAN-AC','AVENIDA CEARA, S/N - (EM FRENTE A AGENCIA DO BANCO DO BRASIL ESTILO)','25','288','-9.966393, -67.830689','16'),(4000,'9','215','DETRAN-AC','AVENIDA CEARA, S/N - (EM FRENTE A AGENCIA DO BANCO DO BRASIL ESTILO)','25','286','-9.966393, -67.830689','16'),(4001,'9','11','EMURB - EMPRESA MUNICIPAL DE URBANIZACAO DE RIO BRANCO','RUA CAP. PEDRO FILHO','11','217','-9.974415, -67.828506','16'),(4002,'9','12','EMURB - EMPRESA MUNICIPAL DE URBANIZACAO DE RIO BRANCO','RUA CAP. PEDRO FILHO','11','215','-9.974415, -67.828506','16'),(4003,'9','153','EMURB - EMPRESA MUNICIPAL DE URBANIZACAO DE RIO BRANCO','RUA CAP. PEDRO FILHO','11','215','-9.974415, -67.828506','16'),(4004,'9','164','EMURB - EMPRESA MUNICIPAL DE URBANIZACAO DE RIO BRANCO','RUA CAP. PEDRO FILHO','11','221','-9.974415, -67.828506','16'),(4005,'9','160','ESCOLA ACREANA DE MUSICA (ANT CENTRO CULTURAL)','AVENIDA CENTRAL, CONJUNTO TUCUMA II','217','353','-9.9494118, -67.858794','16'),(4006,'9','203','ESCOLA ACREANA DE MUSICA (ANT CENTRO CULTURAL)','AVENIDA CENTRAL, CONJUNTO TUCUMA II','217','394','-9.9494118, -67.858794','16'),(4007,'9','219','ESCOLA ACREANA DE MUSICA (ANT CENTRO CULTURAL)','AVENIDA CENTRAL, CONJUNTO TUCUMA II','217','383','-9.9494118, -67.858794','16'),(4008,'9','232','ESCOLA ACREANA DE MUSICA (ANT CENTRO CULTURAL)','AVENIDA CENTRAL, CONJUNTO TUCUMA II','217','369','-9.9494118, -67.858794','16'),(4009,'9','181, 302','ESCOLA ACREANA DE MUSICA (ANT CENTRO CULTURAL)','AVENIDA CENTRAL, CONJUNTO TUCUMA II','217','347','-9.9494118, -67.858794','16'),(4010,'1','308','ESCOLA ALEXANDRE DOS SANTOS LEITÃO ','AVENIDA EPAMINONDAS JÁCOME, 332 ','17','','-9.977317, -67.809420','16'),(4011,'9','289','ESCOLA ALMADA BRITO','RUA MARIA JOSE DOMINGOS, Q/03 - LOTE/06','16','119','-9.976526, -67.884057','16'),(4012,'9','173','ESCOLA ALMADA BRITO','RUA MARIA JOSE DOMINGOS, Q/03 - LOTE/07','16','375','-9.976526, -67.884057','16'),(4013,'9','184','ESCOLA ALMADA BRITO','RUA MARIA JOSE DOMINGOS, Q/03 - LOTE/08','16','378','-9.976526, -67.884057','16'),(4014,'9','209','ESCOLA ALMADA BRITO','RUA MARIA JOSE DOMINGOS, Q/03 - LOTE/09','16','385','-9.976526, -67.884057','16'),(4015,'9','221','ESCOLA ALMADA BRITO','RUA MARIA JOSE DOMINGOS, Q/03 - LOTE/10','16','385','-9.976526, -67.884057','16'),(4016,'10','63','ESCOLA AME - ASSOCIACAO MODERNA DE ENSINO','RUA ANTONIO PINHEIRO','50','351','-9.948205, -67.825801','16'),(4017,'10','121','ESCOLA AME - ASSOCIACAO MODERNA DE ENSINO','RUA ANTONIO PINHEIRO','50','361','-9.948205, -67.825801','16'),(4018,'10','135','ESCOLA AME - ASSOCIACAO MODERNA DE ENSINO','RUA ANTONIO PINHEIRO','50','365','-9.948205, -67.825801','16'),(4019,'10','175','ESCOLA AME - ASSOCIACAO MODERNA DE ENSINO','RUA ANTONIO PINHEIRO','50','361','-9.948205, -67.825801','16'),(4020,'1','87','ESCOLA ANA TURAN MACHADO FALCÃO ','RUA NOSSA SENHORA DA CONCEIÇÃO, 464. CIDADE NOVA ','20','','-9.982252, -67.815823','16'),(4021,'1','88','ESCOLA ANA TURAN MACHADO FALCÃO ','RUA NOSSA SENHORA DA CONCEIÇÃO, 464. CIDADE NOVA ','20','','-9.982252, -67.815823','16'),(4022,'1','89','ESCOLA ANA TURAN MACHADO FALCÃO ','RUA NOSSA SENHORA DA CONCEIÇÃO, 464. CIDADE NOVA ','20','','-9.982252, -67.815823','16'),(4023,'1','90','ESCOLA ANA TURAN MACHADO FALCÃO ','RUA NOSSA SENHORA DA CONCEIÇÃO, 464. CIDADE NOVA ','20','','-9.982252, -67.815823','16'),(4024,'1','129','ESCOLA ANITA GARIBALDI ','RUA ADOLFO BARBOSA LEITE, 411 ','57','','-9.979444, -67.806882','16'),(4025,'1','130','ESCOLA ANITA GARIBALDI ','RUA ADOLFO BARBOSA LEITE, 411 ','57','','-9.979444, -67.806882','16'),(4026,'1','400','ESCOLA ANITA GARIBALDI ','RUA ADOLFO BARBOSA LEITE, 411 ','57','','-9.979444, -67.806882','16'),(4027,'1','416','ESCOLA ANTÔNIA FERNANDES DE FREITAS ','RUA EDMUNDO PINTO, 477 ','48','','-10.007462, -67.794561','16'),(4028,'1','438','ESCOLA ANTÔNIA FERNANDES DE FREITAS ','RUA EDMUNDO PINTO, 477 ','48','','-10.007462, -67.794561','16'),(4029,'1','448','ESCOLA ANTÔNIA FERNANDES DE FREITAS ','RUA EDMUNDO PINTO, 477 ','48','','-10.007462, -67.794561','16'),(4030,'1','475','ESCOLA ANTÔNIA FERNANDES DE FREITAS ','RUA EDMUNDO PINTO, 477 ','48','','-10.007462, -67.794561','16'),(4031,'9','198','ESCOLA AYRTON SENA','TRAVESSA JUTAI','8','358','-10.000334, -67.825646','16'),(4032,'9','254','ESCOLA AYRTON SENA','TRAVESSA JUTAI','8','430','-10.000334, -67.825646','16'),(4033,'9','276','ESCOLA AYRTON SENA','TRAVESSA JUTAI','8','340','-10.000334, -67.825646','16'),(4034,'1','486','ESCOLA BELO JARDIM ','BR 364, KM 2, RAMAL DA ZEZÉ, SN ','12','','-10.008975, -67.775467','16'),(4035,'1','513','ESCOLA BELO JARDIM ','BR 364, KM 2, RAMAL DA ZEZÉ, SN ','12','','-10.008975, -67.775467','16'),(4036,'1','459','ESCOLA BENFICA ','ROD. AC-40, KM 08 RAMAL BENFICA ','59','','-10.046955, -67.791092','16'),(4037,'1','468','ESCOLA BENFICA ','ROD. AC-40, KM 08 RAMAL BENFICA ','59','','-10.046955, -67.791092','16'),(4038,'1','484','ESCOLA BENFICA ','ROD. AC-40, KM 08 RAMAL BENFICA ','59','','-10.046955, -67.791092','16'),(4039,'9','284','ESCOLA BOA UNIAO','RUA 3 DE AGOSTO, 38','13','344','-9.997565, -67.832032','16'),(4040,'9','216','ESCOLA BOA UNIAO','RUA 3 DE AGOSTO, 38 BOA UNIAO SOBRAL','54','346','-9.997585, -67.832053','16'),(4041,'9','269','ESCOLA BOA UNIAO','RUA 3 DE AGOSTO, 38 BOA UNIAO SOBRAL','54','378','-9.997585, -67.832053','16'),(4042,'9','277','ESCOLA BOA UNIAO','RUA 3 DE AGOSTO, 38 BOA UNIAO SOBRAL','54','373','-9.997585, -67.832053','16'),(4043,'1','204, 206','ESCOLA CAPITÃO EDGAR CERQUEIRA FILHO','BR-317 KM 35 ZONA RURAL(BAIXA VERDE) ','65','','-10.013875, -67.673216','16'),(4044,'1','205, 455','ESCOLA CAPITÃO EDGAR CERQUEIRA FILHO','BR-317 KM 35 ZONA RURAL(BAIXA VERDE) ','65','','-10.013875, -67.673216','16'),(4045,'10','19','ESCOLA CASTELO BRANCO','ESTRADA DO AVIARIO S/N','7','365','-9.967618, -67.803049','16'),(4046,'10','20','ESCOLA CASTELO BRANCO','ESTRADA DO AVIARIO S/N','7','367','-9.967618, -67.803049','16'),(4047,'10','21','ESCOLA CASTELO BRANCO','ESTRADA DO AVIARIO S/N','7','380','-9.967618, -67.803049','16'),(4048,'10','109','ESCOLA CASTELO BRANCO','ESTRADA DO AVIARIO S/N','7','363','-9.967618, -67.803049','16'),(4049,'1','435','ESCOLA CHICO MENDES ','RUA ROMILDO MAGALHAES, 468 ','48','','-10.010912, -67.798059','16'),(4050,'1','451','ESCOLA CHICO MENDES ','RUA ROMILDO MAGALHAES, 468 ','48','','-10.010912, -67.798059','16'),(4051,'1','492','ESCOLA CHICO MENDES ','RUA ROMILDO MAGALHAES, 468 ','48','','-10.010912, -67.798059','16'),(4052,'10','225, 298','ESCOLA CHRIZARUBINA LEITAO ABRAAO','RUA TENENTE ADERBAL BRASIL, 289','35','431','-9.955958, -67.833943','16'),(4053,'1','457','ESCOLA CLARICE FECURY ','RUA DA SANACRE, 1292 ','48','','-10.009143, -67.798925','16'),(4054,'1','462','ESCOLA CLARICE FECURY ','RUA DA SANACRE, 1292 ','48','','-10.009143, -67.798925','16'),(4055,'1','474','ESCOLA CLARICE FECURY ','RUA DA SANACRE, 1292 ','48','','-10.009143, -67.798925','16'),(4056,'9','98','ESCOLA CLINIO BRANDAO','ESTRADA DA FLORESTA KM 03','26','404','-9.9897941, -67.8479808','16'),(4057,'9','127','ESCOLA CLINIO BRANDAO','ESTRADA DA FLORESTA KM 03','26','402','-9.9897941, -67.8479808','16'),(4058,'9','214','ESCOLA CLINIO BRANDAO','ESTRADA DA FLORESTA KM 03','26','401','-9.9897941, -67.8479808','16'),(4059,'9','92','ESCOLA DARCY VARGAS','NOVA AVENIDA CEARA, 1207 - DIAS MARTINS','31','361','-9.960962, -67.853205','16'),(4060,'9','118','ESCOLA DARCY VARGAS','NOVA AVENIDA CEARA, 1207 - DIAS MARTINS','31','358','-9.960962, -67.853205','16'),(4061,'9','187','ESCOLA DARCY VARGAS','NOVA AVENIDA CEARA, 1207 - DIAS MARTINS','31','358','-9.960962, -67.853205','16'),(4062,'9','223','ESCOLA DE EDUCACAO INFANTIL FREI PELEGRINO','RUA ACRE, 309','2','337','-9.991271, -67.819916','16'),(4063,'9','217','ESCOLA DE ENSINO FUNDAMENTA ARACY CERQUEIRA','ESTRADA DO AEROPORTO DE RIO BRANCO, SENTIDO BUJARI','22','357','-9.906705, -67.891207','16'),(4064,'9','278','ESCOLA DE ENSINO FUNDAMENTA ARACY CERQUEIRA','ESTRADA DO AEROPORTO DE RIO BRANCO, SENTIDO BUJARI','22','204','-9.906705, -67.891207','16'),(4065,'1','503','ESCOLA CLARICE FECURY ','RUA DA SANACRE, 1292 ','48','','-10.009143, -67.798925','16'),(4066,'10','106','ESCOLA DE ENSINO FUNDAMENTAL DO SERVIÇO SOCIAL DA INDÚSTRIA  SESI ','RUA ISURA PARENTE, 2.710','25','354','-9.961738, -67.838449','16'),(4067,'10','203','ESCOLA DE ENSINO FUNDAMENTAL DO SERVIÇO SOCIAL DA INDÚSTRIA  SESI ','RUA ISURA PARENTE, 2.710','25','361','-9.961738, -67.838449','16'),(4068,'10','260','ESCOLA DE ENSINO FUNDAMENTAL DO SERVIÇO SOCIAL DA INDÚSTRIA  SESI ','RUA ISURA PARENTE, 2.710','25','319','-9.961738, -67.838449','16'),(4069,'10','172','ESCOLA DE ENSINO MEDIO GLORIA PEREZ','AVENIDA BRASIL, 85','63','435','-9.938989, -67.813727','16'),(4070,'10','179','ESCOLA DE ENSINO MEDIO GLORIA PEREZ','AVENIDA BRASIL, 85','63','437','-9.938989, -67.813727','16'),(4071,'10','185','ESCOLA DE ENSINO MEDIO GLORIA PEREZ','AVENIDA BRASIL, 85','63','426','-9.938989, -67.813727','16'),(4072,'10','199','ESCOLA DE ENSINO MEDIO GLORIA PEREZ','AVENIDA BRASIL, 85','63','429','-9.938989, -67.813727','16'),(4073,'10','212','ESCOLA DE ENSINO MEDIO GLORIA PEREZ','AVENIDA BRASIL, 85','63','426','-9.938989, -67.813727','16'),(4074,'10','221','ESCOLA DE ENSINO MEDIO GLORIA PEREZ','AVENIDA BRASIL, 85','63','419','-9.938989, -67.813727','16'),(4075,'10','32','ESCOLA DE FORMACAO PROFISSIONAL - CAMPOS PEREIRA ','TRAVESSA RIACHUELO, 138','34','207','-9.965869, -67.808433','16'),(4076,'10','31, 261','ESCOLA DE FORMACAO PROFISSIONAL - CAMPOS PEREIRA ','TRAVESSA RIACHUELO, 138','34','205','-9.965869, -67.808433','16'),(4077,'1','270','ESCOLA DEP. RAIMUNDO HERMÍNIO DE MELO ','BR. 364, KM 09, 848, VILA SANTA CECÍLIA ','47','','-10.014973, -67.717485','16'),(4078,'1','445','ESCOLA DEP. RAIMUNDO HERMÍNIO DE MELO ','BR. 364, KM 09, 848, VILA SANTA CECÍLIA ','47','','-10.014973, -67.717485','16'),(4079,'1','508','ESCOLA DEP. RAIMUNDO HERMÍNIO DE MELO ','BR. 364, KM 09, 848, VILA SANTA CECÍLIA ','47','','-10.014973, -67.717485','16'),(4080,'10','22','ESCOLA DOM GIOCONDO MARIA GROTTI','CONJUNTO GUIOMARD SANTO I, S/N','14','342','-9.959751, -67.808824','16'),(4081,'10','23','ESCOLA DOM GIOCONDO MARIA GROTTI','CONJUNTO GUIOMARD SANTO I, S/N','14','345','-9.959751, -67.808824','16'),(4082,'10','24','ESCOLA DOM GIOCONDO MARIA GROTTI','CONJUNTO GUIOMARD SANTO I, S/N','14','345','-9.959751, -67.808824','16'),(4083,'10','94','ESCOLA DOUTOR JOAO AGUIAR','RUA ADERBAL BRASIL, 310 - CONJUNTO MANOEL JULIAO','25','419','-9.955945, -67.833713','16'),(4084,'10','95','ESCOLA DOUTOR JOAO AGUIAR','RUA ADERBAL BRASIL, 310 - CONJUNTO MANOEL JULIAO','25','429','-9.955945, -67.833713','16'),(4085,'10','148','ESCOLA DOUTOR JOAO AGUIAR','RUA ADERBAL BRASIL, 310 - CONJUNTO MANOEL JULIAO','25','419','-9.955945, -67.833713','16'),(4086,'10','164','ESCOLA DOUTOR JOAO AGUIAR','RUA ADERBAL BRASIL, 310 - CONJUNTO MANOEL JULIAO','25','422','-9.955945, -67.833713','16'),(4087,'10','177','ESCOLA DOUTOR JOAO AGUIAR','RUA ADERBAL BRASIL, 310 - CONJUNTO MANOEL JULIAO','25','426','-9.955945, -67.833713','16'),(4088,'1','487','ESCOLA DOUTOR JOSÉ CARVALHO ','RODOVIA AC 40, KM. 9, RAMAL DA PALHEIRA, KM 1 ','59','','-10.062769, -67.780261','16'),(4089,'9','262, 275','ESCOLA DOUTOR SANTIAGO DANTAS','ROD. AC 90 KM 14','65','245','-10.031125, -67.954792','16'),(4090,'1','249','ESCOLA DR. CARLOS VASCONCELOS ','RUA BOULEVARD AUGUSTO MONTEIRO, 884 ','43','','-9.989833, -67.811152','16'),(4091,'1','62','ESCOLA DR. CARLOS VASCONCELOS ','RUA BOULEVARD AUGUSTO MONTEIRO, 884 ','43','','-9.989833, -67.811152','16'),(4092,'1','63','ESCOLA DR. CARLOS VASCONCELOS ','RUA BOULEVARD AUGUSTO MONTEIRO, 884 ','43','','-9.989833, -67.811152','16'),(4093,'1','64','ESCOLA DR. CARLOS VASCONCELOS ','RUA BOULEVARD AUGUSTO MONTEIRO, 884 ','43','','-9.989833, -67.811152','16'),(4094,'1','65','ESCOLA DR. CARLOS VASCONCELOS ','RUA BOULEVARD AUGUSTO MONTEIRO, 884 ','43','','-9.989833, -67.811152','16'),(4095,'1','67','ESCOLA DR. CARLOS VASCONCELOS ','RUA BOULEVARD AUGUSTO MONTEIRO, 884 ','43','','-9.989833, -67.811152','16'),(4096,'1','517','ESCOLA DR. JOSÉ CARVALHO ','RODOVIA AC 40 KM 09, RAMAL DA PALHEIRAl, KM 01 ','59','','-10.062744, -67.780306','16'),(4097,'10','25','ESCOLA DR. MARIO DE OLIVEIRA','TRAVESSA GUAPORE, 103','18','342','-9.971261, -67.804056','16'),(4098,'10','26','ESCOLA DR. MARIO DE OLIVEIRA','TRAVESSA GUAPORE, 103','18','343','-9.971261, -67.804056','16'),(4099,'10','27','ESCOLA DR. MARIO DE OLIVEIRA','TRAVESSA GUAPORE, 103','18','342','-9.971261, -67.804056','16'),(4100,'10','28','ESCOLA DR. MARIO DE OLIVEIRA','TRAVESSA GUAPORE, 103','18','337','-9.971261, -67.804056','16'),(4101,'10','214','ESCOLA DR. MARIO DE OLIVEIRA','TRAVESSA GUAPORE, 103','18','349','-9.971261, -67.804056','16'),(4102,'1','505','ESCOLA DUQUE DE CAXIAS ','BR-364, KM 04','12','','-10.011807, -67.774263','16'),(4103,'1','463','ESCOLA DUQUE DE CAXIAS ','BR-364, KM 04 ','12','','-10.011807, -67.774263','16'),(4104,'1','469','ESCOLA DUQUE DE CAXIAS ','BR-364, KM 04 ','12','','-10.011807, -67.774263','16'),(4105,'1','472','ESCOLA DUQUE DE CAXIAS ','BR-364, KM 04 ','12','','-10.011807, -67.774263','16'),(4106,'1','316, 511','ESCOLA ERCÍLIA FEITOSA GOMES ','BR-364, KM 14 LIBERDADE (COMUNIDADE DOM MOACIR) ','65','','-10.013875, -67.673216','16'),(4107,'9','204','ESCOLA ESTADUAL ARMANDO NOGEUIRA','ESTRADA DIAS MARTINS, S/N°','24','398','-9.960460, -67.855662','16'),(4108,'9','226','ESCOLA ESTADUAL ARMANDO NOGEUIRA','ESTRADA DIAS MARTINS, S/N°','24','379','-9.960460, -67.855662','16'),(4109,'9','253','ESCOLA ESTADUAL ARMANDO NOGEUIRA','ESTRADA DIAS MARTINS, S/N°','24','417','-9.960460, -67.855662','16'),(4110,'9','283','ESCOLA ESTADUAL ARMANDO NOGEUIRA','ESTRADA DIAS MARTINS, S/N°','24','323','-9.960460, -67.855662','16'),(4111,'10','146','ESCOLA ESTADUAL DJALMA TELES GALDINO','CONJ. HABITACIONAL JORGE LAVOCAT, 111','33','374','-9.929281, -67.842242','16'),(4112,'10','171','ESCOLA ESTADUAL DJALMA TELES GALDINO','CONJ. HABITACIONAL JORGE LAVOCAT, 111','33','379','-9.929281, -67.842242','16'),(4113,'10','195','ESCOLA ESTADUAL DJALMA TELES GALDINO','CONJ. HABITACIONAL JORGE LAVOCAT, 111','33','375','-9.929281, -67.842242','16'),(4114,'10','228','ESCOLA ESTADUAL DJALMA TELES GALDINO','CONJ. HABITACIONAL JORGE LAVOCAT, 111','33','401','-9.929281, -67.842242','16'),(4115,'9','261','ESCOLA ESTADUAL EDILSON FACANHA','RUA SANTA ROSA, 46 - LOTEAMENTO LUIS ISRAEL LIRA','16','374','-9.9803018, -67.8770516','16'),(4116,'9','287','ESCOLA ESTADUAL EDILSON FAÇANHA','RUA SANTA ROSA, 46 - LOTEAMENTO LUIS ISRAEL LIRA','16','293','-9.9803018, -67.8770516','16'),(4117,'9','228, 309','ESCOLA ESTADUAL ESPERANCA','RODOVIA AC 90 RAMAL DO RIOZINHO KM 13 RAMAL CAIPORA KM 54','65','346','-9.974164, -68.061999','16'),(4118,'9','263','ESCOLA ESTADUAL ILKA MARIA DE LIMA','RUA DA MALANCIA, 171 MOCINHA MAGALHAES','37','362','-9.943960, -67.857222','16'),(4119,'9','281','ESCOLA ESTADUAL ILKA MARIA DE LIMA','RUA DA MALANCIA, 171 MOCINHA MAGALHAES','37','313','-9.943960, -67.857222','16'),(4120,'10','174','ESCOLA ESTADUAL IZA MELLO','RUA AIRTON SENA, S/N','53','427','-9.946299, -67.799698','16'),(4121,'10','180','ESCOLA ESTADUAL IZA MELLO','RUA AIRTON SENA, S/N','53','437','-9.946299, -67.799698','16'),(4122,'9','279','ESCOLA ESTADUAL MAJOR JOAO CÂNCIO','ESTRADA DA TRANSACREANA ROD AC 90 KM 80','65','229','-9.809401, -68.480088','16'),(4123,'10','77','ESCOLA ESTADUAL MARIA CHALUB LEITE','RUA JAGUARI, 412','66','311','-9.959910, -67.829038','16'),(4124,'10','78','ESCOLA ESTADUAL MARIA CHALUB LEITE','RUA JAGUARI, 412','66','308','-9.959910, -67.829038','16'),(4125,'10','142','ESCOLA ESTADUAL MARIA CHALUB LEITE','RUA JAGUARI, 412','66','307','-9.959910, -67.829038','16'),(4126,'10','186','ESCOLA ESTADUAL MARIA CHALUB LEITE','RUA JAGUARI, 412','66','307','-9.959910, -67.829038','16'),(4127,'10','89','ESCOLA ESTADUAL PREOFESSORA ELOZIRA DOS SANTOS TOME','RODOVIA AC 10 (ESTRADA DE PORTO ACRE) KM 1','4','346','-9.931278, -67.826307','16'),(4128,'10','108','ESCOLA ESTADUAL PREOFESSORA ELOZIRA DOS SANTOS TOME','RODOVIA AC 10 (ESTRADA DE PORTO ACRE) KM 1','4','336','-9.931278, -67.826307','16'),(4129,'10','137','ESCOLA ESTADUAL PREOFESSORA ELOZIRA DOS SANTOS TOME','RODOVIA AC 10 (ESTRADA DE PORTO ACRE) KM 1','4','342','-9.931278, -67.826307','16'),(4130,'10','156','ESCOLA ESTADUAL PREOFESSORA ELOZIRA DOS SANTOS TOME','RODOVIA AC 10 (ESTRADA DE PORTO ACRE) KM 1','4','346','-9.931278, -67.826307','16'),(4131,'10','147','ESCOLA ESTADUAL PROFESSOR RAIMUNDO BORGES','RUA FRANCISCO ADEMAR, 188','19','366','-9.941253, -67.804471','16'),(4132,'10','161','ESCOLA ESTADUAL PROFESSOR RAIMUNDO BORGES','RUA FRANCISCO ADEMAR, 188','19','365','-9.941253, -67.804471','16'),(4133,'10','183','ESCOLA ESTADUAL PROFESSOR RAIMUNDO BORGES','RUA FRANCISCO ADEMAR, 188','19','376','-9.941253, -67.804471','16'),(4134,'1','498','ESCOLA ESTADUAL RURAL BEIJA-FLOR ','BR 364, KM 2, RAMAL DA ZEZÉ, 75','12','','-10.001199, -67.772035','16'),(4135,'9','265','ESCOLA ESTADUAL RURAL JORGE KALUME','ESTRADA DIAS MARTINS KM 12 BARRO VERMELHO','24','152','-9.9388342, -67.917262','16'),(4136,'1','527, 535, 538, 540','ESCOLA ESTADUAL RURAL MANOEL MACHADO ','BR 364 - KM 03, RAMAL SÃO JOSÉ','65','','-9.981266, -67.791265','16'),(4137,'1','502','ESCOLA ESTADUAL RURAL RUY AZEVEDO ','ESTRADA DO AMAPÁ, KM. 05, RAMAL DO GURGEL ','65','','-10.040163, -67.832960','16'),(4138,'1','510','ESCOLA SANTA MARIA II ','RODOVIA AC 40, KM. 10, RAMAL DA CASTANHEIRA ','49','','-10.0487195, -67.7712615','16'),(4139,'9','266','ESCOLA ESTADUAL TEREZINHA KALUME','RUA AMOTY PASCOAL, 44','46','345','-9.949184, -67.854009','16'),(4140,'1','542','ESCOLA ESTADUAL TUFIC ASSMAR ','RODOVIA AC 40 KM 13, RAMAL ITUCUMÃ KM 01 ','49','','-10.063147, -67.744020','16'),(4141,'10','173','ESCOLA EUFROSINA SILVA OLIVEIRA','RUA SETE DE SETEMBRO, 235','4','352','-9.926473, -67.827301','16'),(4142,'10','190','ESCOLA EUFROSINA SILVA OLIVEIRA','RUA SETE DE SETEMBRO, 235','4','350','-9.926473, -67.827301','16'),(4143,'10','246, 284','ESCOLA EUFROSINA SILVA OLIVEIRA','RUA SETE DE SETEMBRO, 235','4','404','-9.926473, -67.827301','16'),(4144,'9','106','ESCOLA FLAVIANO FLAVIO BAPTISTA','RUA RIO GRANDE DO SUL','2','381','-9.992750, -67.816343','16'),(4145,'9','107','ESCOLA FLAVIANO FLAVIO BAPTISTA','RUA RIO GRANDE DO SUL','2','381','-9.992750, -67.816343','16'),(4146,'9','108','ESCOLA FLAVIANO FLAVIO BAPTISTA','RUA RIO GRANDE DO SUL','2','379','-9.992750, -67.816343','16'),(4147,'9','139','ESCOLA FLAVIANO FLAVIO BAPTISTA','RUA RIO GRANDE DO SUL','2','379','-9.992750, -67.816343','16'),(4148,'9','23','ESCOLA FRANCISCO AUGUSTO BACURAU','RUA SENADOR CLEOMARO SANTOS, 480','36','393','-9.9801602, -67.8433531','16'),(4149,'9','24','ESCOLA FRANCISCO AUGUSTO BACURAU','RUA SENADOR CLEOMARO SANTOS, 480','36','382','-9.9801602, -67.8433531','16'),(4150,'9','151','ESCOLA FRANCISCO AUGUSTO BACURAU','RUA SENADOR CLEOMARO SANTOS, 480','36','386','-9.9801602, -67.8433531','16'),(4151,'9','199','ESCOLA FRANCISCO AUGUSTO BACURAU','RUA SENADOR CLEOMARO SANTOS, 480','36','399','-9.9801602, -67.8433531','16'),(4152,'9','63','ESCOLA FRANCISCO DE PAULA OITICICA','RUA PRIMAVERA, 15','10','344','-9.991660, -67.832197','16'),(4153,'9','126','ESCOLA FRANCISCO DE PAULA OITICICA','RUA PRIMAVERA, 15','10','346','-9.991660, -67.832197','16'),(4154,'9','132','ESCOLA FRANCISCO DE PAULA OITICICA','RUA PRIMAVERA, 15','10','348','-9.991660, -67.832197','16'),(4155,'9','145','ESCOLA FRANCISCO DE PAULA OITICICA','RUA PRIMAVERA, 15','10','330','-9.991660, -67.832197','16'),(4156,'9','18','ESCOLA FRANCISCO SALGADO FILHO','RUA OMAR SABINO DE PAULA , S/N°','26','376','-9.971183, -67.831903','16'),(4157,'9','19','ESCOLA FRANCISCO SALGADO FILHO','RUA OMAR SABINO DE PAULA , S/N°','26','385','-9.971183, -67.831903','16'),(4158,'9','169','ESCOLA FRANCISCO SALGADO FILHO','RUA OMAR SABINO DE PAULA , S/N°','26','368','-9.971183, -67.831903','16'),(4159,'9','104','ESCOLA FREI THIAGO MARIA MATIOLI','RUA MEM DE SA','9','429','-9.988062, -67.828036','16'),(4160,'9','105','ESCOLA FREI THIAGO MARIA MATIOLI','RUA MEM DE SA','9','434','-9.988062, -67.828036','16'),(4161,'9','140','ESCOLA FREI THIAGO MARIA MATIOLI','RUA MEM DE SA','9','421','-9.988062, -67.828036','16'),(4162,'9','241, 290','ESCOLA FREI THIAGO MARIA MATIOLI','RUA MEN DE SA','9','166','-9.988062, -67.828036','16'),(4163,'1','268','ESCOLA GEORGETE ELUAN KALUME ','AVENIDA EPAMINONDAS JÁCOME, 1.336 ','15','','-9.972130, -67.794743','16'),(4164,'1','436','ESCOLA GEORGETE ELUAN KALUME ','AVENIDA EPAMINONDAS JÁCOME, 1.336 ','15','','-9.972130, -67.794743','16'),(4165,'1','453','ESCOLA GEORGETE ELUAN KALUME ','AVENIDA EPAMINONDAS JÁCOME, 1.336 ','15','','-9.972130, -67.794743','16'),(4166,'1','501','ESCOLA GEORGETE ELUAN KALUME ','AVENIDA EPAMINONDAS JÁCOME, 1.336 ','15','','-9.972130, -67.794743','16'),(4167,'9','174','ESCOLA GOVERNADOR JOSE AUGUSTO','RUA 3 DE AGOSTO,37','13','248','-9.997333, -67.831628','16'),(4168,'9','194','ESCOLA GOVERNADOR JOSE AUGUSTO','RUA 3 DE AGOSTO,37','13','247','-9.997333, -67.831628','16'),(4169,'9','222','ESCOLA GOVERNADOR JOSE AUGUSTO','RUA 3 DE AGOSTO,37','13','298','-9.997333, -67.831628','16'),(4170,'9','260','ESCOLA GOVERNADOR JOSE AUGUSTO','RUA 3 DE AGOSTO,37','13','235','-9.997333, -67.831628','16'),(4171,'9','87','ESCOLA HENRIQUE LIMA','TRAVESSA LUIZ PEREIRA, S/N°','16','437','-9.976619, -67.885680','16'),(4172,'9','88','ESCOLA HENRIQUE LIMA','TRAVESSA LUIZ PEREIRA, S/N°','16','433','-9.976619, -67.885680','16'),(4173,'9','165','ESCOLA HENRIQUE LIMA','TRAVESSA LUIZ PEREIRA, S/N°','16','431','-9.976619, -67.885680','16'),(4174,'9','235','ESCOLA HENRIQUE LIMA','TRAVESSA LUIZ PEREIRA, S/N°','16','428','-9.976619, -67.885680','16'),(4175,'9','251','ESCOLA HENRIQUE LIMA','TRAVESSA LUIZ PEREIRA, S/N°','16','441','-9.976619, -67.885680','16'),(4176,'9','258','ESCOLA HENRIQUE LIMA','TRAVESSA LUIZ PEREIRA, S/N°','16','455','-9.976619, -67.885680','16'),(4177,'10','29','ESCOLA HUMBERTO SOARES ','TRAVESSA RIACHUELO, S/N','34','341','-9.965609, -67.808373','16'),(4178,'10','30','ESCOLA HUMBERTO SOARES ','TRAVESSA RIACHUELO, S/N','34','313','-9.965609, -67.808373','16'),(4179,'10','167','ESCOLA HUMBERTO SOARES ','TRAVESSA RIACHUELO, S/N','34','332','-9.965609, -67.808373','16'),(4180,'9','33','ESCOLA INFANTIL BEM-TI-VI','RUA EUCLIDES DA CUNHA','39','404','-9.972350, -67.835027','16'),(4181,'9','148','ESCOLA INFANTIL BEM-TI-VI','RUA EUCLIDES DA CUNHA','39','410','-9.972350, -67.835027','16'),(4182,'1','530','ESCOLA INFANTIL CARMELITA BARBOSA MONTENEGRO ','TRAVESSA SERINGUEIRA, 271 ','59','','-10.036147, -67.800068','16'),(4183,'9','14','ESCOLA INFANTIL MONTEIRO LOBATO','CONJUNTO BELA VISTA Q-20 C-102','26','340','-9.975135, -67.828449','16'),(4184,'9','15','ESCOLA INFANTIL MONTEIRO LOBATO','CONJUNTO BELA VISTA Q-20 C-102','26','343','-9.975135, -67.828449','16'),(4185,'9','157','ESCOLA INFANTIL MONTEIRO LOBATO','CONJUNTO BELA VISTA Q-20 C-102','26','348','-9.975135, -67.828449','16'),(4186,'1','66, 536','ESCOLA IRACEMA GOMES PEREIRA ','RUA ACRE, SN','43','','-9.986002, -67.812031','16'),(4187,'1','75','ESCOLA IRACEMA GOMES PEREIRA ','RUA ACRE, SN ','43','','-9.986002, -67.812031','16'),(4188,'1','76','ESCOLA IRACEMA GOMES PEREIRA ','RUA ACRE, SN ','43','','-9.986002, -67.812031','16'),(4189,'1','335','ESCOLA IRACEMA GOMES PEREIRA ','RUA ACRE, SN ','43','','-9.986002, -67.812031','16'),(4190,'9','162','ESCOLA IRMA MARIA GABRIELA SOARES','RUA RIO GRANDE DO SUL, 797','42','310','-9.971980, -67.815964','16'),(4191,'9','13, 273','ESCOLA IRMA MARIA GABRIELA SOARES','RUA RIO GRANDE DO SUL, 797','42','253','-9.971980, -67.815964','16'),(4192,'10','87','ESCOLA ISMAEL GOMES DE CARVALHO','RUA FRANCISCO MARINHEIRO, Q/46 N 12','55','358','-9.933274, -67.832145','16'),(4193,'10','88','ESCOLA ISMAEL GOMES DE CARVALHO','RUA FRANCISCO MARINHEIRO, Q/46 N 12','55','374','-9.933274, -67.832145','16'),(4194,'10','133','ESCOLA ISMAEL GOMES DE CARVALHO','RUA FRANCISCO MARINHEIRO, Q/46 N 12','55','377','-9.933274, -67.832145','16'),(4195,'10','159','ESCOLA ISMAEL GOMES DE CARVALHO','RUA FRANCISCO MARINHEIRO, Q/46 N 12','55','370','-9.933274, -67.832145','16'),(4196,'10','202','ESCOLA ISMAEL GOMES DE CARVALHO','RUA FRANCISCO MARINHEIRO, Q/46 N 12','55','371','-9.933274, -67.832145','16'),(4197,'10','168, 268','ESCOLA ISMAEL GOMES DE CARVALHO','RUA FRANCISCO MARINHEIRO, Q/46 N 12','55','367','-9.933274, -67.832145','16'),(4198,'9','220, 306','ESCOLA JOAO EDUARDO','TRAV. SANTA MARIA, S/N°','54','97','-9.9835768, -67.836868','16'),(4199,'1','261','ESCOLA JOÃO MARIANO ','RUA BAGUARI, 1.883 ','56','','-10.005564, -67.821792','16'),(4200,'1','321','ESCOLA JOÃO MARIANO ','RUA BAGUARI, 1.883 ','56','','-10.005564, -67.821792','16'),(4201,'1','337','ESCOLA JOÃO MARIANO ','RUA BAGUARI, 1.883 ','56','','-10.005564, -67.821792','16'),(4202,'1','480','ESCOLA JOÃO MARIANO ','RUA BAGUARI, 1.883 ','56','','-10.005564, -67.821792','16'),(4203,'9','93','ESCOLA JOAO PAULO I','RUA FRANCISCO, S/N°','32','391','-9.981096, -67.832786','16'),(4204,'9','94','ESCOLA JOAO PAULO I','RUA FRANCISCO, S/N°','32','386','-9.981096, -67.832786','16'),(4205,'9','95','ESCOLA JOAO PAULO I','RUA FRANCISCO, S/N°','32','390','-9.981096, -67.832786','16'),(4206,'9','171','ESCOLA JOAO PAULO I','RUA FRANCISCO, S/N°','32','388','-9.981096, -67.832786','16'),(4207,'9','206','ESCOLA JOAO PAULO I','RUA FRANCISCO, S/N°','32','379','-9.981096, -67.832786','16'),(4208,'9','99','ESCOLA JOAO PAULO II','RODOVIA AC 90 KM 03, 310','54','416','-10.0013174, -67.8335851','16'),(4209,'9','100','ESCOLA JOAO PAULO II','RODOVIA AC 90 KM 03, 310','54','413','-10.0013174, -67.8335851','16'),(4210,'9','161','ESCOLA JOAO PAULO II','RODOVIA AC 90 KM 03, 310','54','418','-10.0013174, -67.8335851','16'),(4211,'9','229','ESCOLA JOAO PAULO II','RODOVIA AC 90 KM 03, 310','54','421','-10.0013174, -67.8335851','16'),(4212,'9','256','ESCOLA JOAO PAULO II','RODOVIA AC 90 KM 03, 310','54','447','-10.0013174, -67.8335851','16'),(4213,'10','262','ESCOLA JOELMA OLIVEIRA DE LIMA','RUA ANTONIO JUCA, Q-69, - CONJUNTO MONTANHES','55','184','-9.922277, -67.833707','16'),(4214,'10','192','ESCOLA JOELMA OLIVEIRA DE LIMA','RUA ANTONIO JUCA, Q-69, CONJ. MONTANHES','55','349','-9.922277, -67.833707','16'),(4215,'10','216','ESCOLA JOELMA OLIVEIRA DE LIMA','RUA ANTONIO JUCA, Q-69, CONJ. MONTANHES','55','413','-9.922277, -67.833707','16'),(4216,'10','56','ESCOLA JORGE FELIX LAVOCAT','RUA ANTURIOS, 753 - TROPICAL I','58','343','-9.9584921, -67.7942298','16'),(4217,'10','57','ESCOLA JORGE FELIX LAVOCAT','RUA ANTURIOS, 753 - TROPICAL I','58','354','-9.9584921, -67.7942298','16'),(4218,'10','153','ESCOLA JORGE FELIX LAVOCAT','RUA ANTURIOS, 753 - TROPICAL I','58','342','-9.9584921, -67.7942298','16'),(4219,'10','209','ESCOLA JORGE FELIX LAVOCAT','RUA ANTURIOS, 753 - TROPICAL I','58','360','-9.9584921, -67.7942298','16'),(4220,'1','434','ESCOLA JORNALISTA JOSÉ CHALUB LEITE ','RUA EDMUNDO PINTO, 861 ','6','','-10.002795, -67.800838','16'),(4221,'1','449','ESCOLA JORNALISTA JOSÉ CHALUB LEITE ','RUA EDMUNDO PINTO, 861 ','6','','-10.002795, -67.800838','16'),(4222,'1','465','ESCOLA JORNALISTA JOSÉ CHALUB LEITE ','RUA EDMUNDO PINTO, 861 ','6','','-10.002795, -67.800838','16'),(4223,'9','16','ESCOLA JOSE RIBAMAR BATISTA','RUA RIO GRANDE DO SUL, 2.570','2','380','-9.9843835, -67.8226132','16'),(4224,'9','17','ESCOLA JOSE RIBAMAR BATISTA','RUA RIO GRANDE DO SUL, 2.570','2','380','-9.9843835, -67.8226132','16'),(4225,'9','78','ESCOLA JOSE RIBAMAR BATISTA','RUA RIO GRANDE DO SUL, 2.570','2','380','-9.9843835, -67.8226132','16'),(4226,'9','154','ESCOLA JOSE RIBAMAR BATISTA','RUA RIO GRANDE DO SUL, 2.570','2','368','-9.9843835, -67.8226132','16'),(4227,'9','195','ESCOLA JOSE RIBAMAR BATISTA','RUA RIO GRANDE DO SUL, 2.570','2','369','-9.9843835, -67.8226132','16'),(4228,'9','103','ESCOLA JOSE SALES DE ARAULO','AVENIDA PASTOR MUNIZ - CONJUNTO UNIVERSITARIO II','22','382','-9.9465181, -67.8820319','16'),(4229,'9','119','ESCOLA JOSE SALES DE ARAULO','AVENIDA PASTOR MUNIZ - CONJUNTO UNIVERSITARIO II','22','385','-9.9465181, -67.8820319','16'),(4230,'9','130','ESCOLA JOSE SALES DE ARAULO','AVENIDA PASTOR MUNIZ - CONJUNTO UNIVERSITARIO II','22','388','-9.9465181, -67.8820319','16'),(4231,'9','180','ESCOLA JOSE SALES DE ARAULO','AVENIDA PASTOR MUNIZ - CONJUNTO UNIVERSITARIO II','22','384','-9.9465181, -67.8820319','16'),(4232,'9','89','ESCOLA JUVENAL ANTUNES','CONJUNTO WALDEMAR MACIEL','16','435','-9.979587, -67.870773','16'),(4233,'9','122','ESCOLA JUVENAL ANTUNES','CONJUNTO WALDEMAR MACIEL','16','428','-9.979587, -67.870773','16'),(4234,'9','144','ESCOLA JUVENAL ANTUNES','CONJUNTO WALDEMAR MACIEL','16','440','-9.979587, -67.870773','16'),(4235,'9','183','ESCOLA JUVENAL ANTUNES','CONJUNTO WALDEMAR MACIEL','16','426','-9.979587, -67.870773','16'),(4236,'1','398','ESCOLA LEÔNCIO DE CARVALHO ','RODOVIA AC 40, KM. 08 ','59','','-10.047494, -67.791380','16'),(4237,'1','437','ESCOLA LEÔNCIO DE CARVALHO ','RODOVIA AC 40, KM. 08 ','59','','-10.047494, -67.791380','16'),(4238,'1','446','ESCOLA LEÔNCIO DE CARVALHO ','RODOVIA AC 40, KM. 08 ','59','','-10.047494, -67.791380','16'),(4239,'1','471','ESCOLA LEÔNCIO DE CARVALHO ','RODOVIA AC 40, KM. 08 ','59','','-10.047494, -67.791380','16'),(4240,'10','220','ESCOLA LINDAURA MARTINS LEITAO','RUA LOURENCO LOPES, 676','218','346','-9.938232, -67.802221','16'),(4241,'10','242','ESCOLA LINDAURA MARTINS LEITAO','RUA LOURENCO LOPES, 676','218','368','-9.938232, -67.802221','16'),(4242,'10','258','ESCOLA LINDAURA MARTINS LEITAO','RUA LOURENCO LOPES, 676','218','336','-9.938232, -67.802221','16'),(4243,'1','182','ESCOLA LOURIVAL PINHO ','RUA GUILHERMINO BASTOS, 348 ','57','','-9.987933, -67.809432','16'),(4244,'1','183','ESCOLA LOURIVAL PINHO ','RUA GUILHERMINO BASTOS, 348 ','57','','-9.987933, -67.809432','16'),(4245,'1','184','ESCOLA LOURIVAL PINHO ','RUA GUILHERMINO BASTOS, 348 ','57','','-9.987933, -67.809432','16'),(4246,'9','25','ESCOLA LOURIVAL SOMBRA','RUA SAO FRANCISCO, 480','25','401','-9.964113, -67.837965','16'),(4247,'9','26','ESCOLA LOURIVAL SOMBRA','RUA SAO FRANCISCO, 480','25','395','-9.964113, -67.837965','16'),(4248,'9','27','ESCOLA LOURIVAL SOMBRA','RUA SAO FRANCISCO, 480','25','399','-9.964113, -67.837965','16'),(4249,'9','210','ESCOLA LOURIVAL SOMBRA','RUA SAO FRANCISCO, 480','25','396','-9.964113, -67.837965','16'),(4250,'9','295, 301','ESCOLA LOURIVAL SOMBRA','RUA SAO FRANCISCO, 480','25','101','-9.964113, -67.837965','16'),(4251,'10','90','ESCOLA LUIZ DE CARVALHO FONTINELLE','RUA HERIQUE DE CARVALHO FONTINELLE S/N','3','412','-9.960605, -67.818970','16'),(4252,'10','255','ESCOLA LUIZ DE CARVALHO FONTINELLE','RUA HERIQUE DE CARVALHO FONTINELLE S/N','3','89','-9.960605, -67.818970','16'),(4253,'9','30','ESCOLA LUIZA BATISTA DE SOUZA','CONJUNTO ESPERANCA II Q13','26','429','-9.970713, -67.836383','16'),(4254,'9','31','ESCOLA LUIZA BATISTA DE SOUZA','CONJUNTO ESPERANCA II Q13','26','441','-9.970713, -67.836383','16'),(4255,'9','172','ESCOLA LUIZA BATISTA DE SOUZA','CONJUNTO ESPERANCA II Q13','26','441','-9.970713, -67.836383','16'),(4256,'9','211','ESCOLA LUIZA BATISTA DE SOUZA','CONJUNTO ESPERANCA II Q13','26','417','-9.970713, -67.836383','16'),(4257,'1','299','ESCOLA MADRE HILDEBRANDA DA PRÁ ','RUA DIAMANTINA, 14 ','20','','-9.981055, -67.814483','16'),(4258,'1','330','ESCOLA MADRE HILDEBRANDA DA PRÁ ','RUA DIAMANTINA, 14 ','20','','-9.981055, -67.814483','16'),(4259,'1','366','ESCOLA MADRE HILDEBRANDA DA PRÁ ','RUA DIAMANTINA, 14 ','20','','-9.981055, -67.814483','16'),(4260,'1','406','ESCOLA MADRE HILDEBRANDA DA PRÁ ','RUA DIAMANTINA, 14 ','20','','-9.981055, -67.814483','16'),(4261,'9','230','ESCOLA MANOEL TIAGO LINDOZO','RODOVIA AC 90, KM 13 - RAMAL DO RIOZINHO, KM 18 RAMAL UNIAO, KM 9','65','178','-10.145747, -67.986525','16'),(4262,'1','97','ESCOLA MARIA ANGÉLICA DE CASTRO ','RUA 24 DE JANEIRO, 125 ','52','','-9.980043, -67.807095','16'),(4263,'1','98','ESCOLA MARIA ANGÉLICA DE CASTRO ','RUA 24 DE JANEIRO, 125 ','52','','-9.980043, -67.807095','16'),(4264,'1','99','ESCOLA MARIA ANGÉLICA DE CASTRO ','RUA 24 DE JANEIRO, 125 ','52','','-9.980043, -67.807095','16'),(4265,'1','422','ESCOLA MARIA ANGÉLICA DE CASTRO ','RUA 24 DE JANEIRO, 125 ','52','','-9.980043, -67.807095','16'),(4266,'1','454','ESCOLA MARIA ANGÉLICA DE CASTRO ','RUA 24 DE JANEIRO, 125 ','52','','-9.980043, -67.807095','16'),(4267,'1','482','ESCOLA MARIA ANGÉLICA DE CASTRO ','RUA 24 DE JANEIRO, 125 ','52','','-9.980043, -67.807095','16'),(4268,'10','201','ESCOLA MARIA LÚCIA MOURA MARIN ','RUA MERCURIO, Q 05, S/N','38','371','-9.9632561, -67.794845','16'),(4269,'10','241','ESCOLA MARIA LÚCIA MOURA MARIN ','RUA MERCURIO, Q 05, S/N','38','374','-9.9632561, -67.794845','16'),(4270,'10','266','ESCOLA MARIA LÚCIA MOURA MARIN ','RUA MERCÚRIO, Q-05, S/N','38','183','-9.9632561, -67.794845','16'),(4271,'9','109','ESCOLA MARIA RAIMUNDA BALBINO DA SILVA','RUA RIO GRANDE DO SUL, 347','40','445','-9.984211, -67.827318','16'),(4272,'9','110','ESCOLA MARIA RAIMUNDA BALBINO DA SILVA','RUA RIO GRANDE DO SUL, 347','40','440','-9.984211, -67.827318','16'),(4273,'9','128','ESCOLA MARIA RAIMUNDA BALBINO DA SILVA','RUA RIO GRANDE DO SUL, 347','40','432','-9.984211, -67.827318','16'),(4274,'10','157','ESCOLA MARIANA DA SILVA OLIVEIRA (ANTIGA NAZARE DOURADO) ','RUA PADRE CARLOS CASAVECHIA, CONJ. VANDERLEI DANTAS','41','439','-9.941593, -67.812083','16'),(4275,'10','206, 210','ESCOLA MARIANA DA SILVA OLIVEIRA (ANTIGA NAZARE DOURADO) ','RUA PADRE CARLOS CASAVECHIA, CONJ. VANDERLEI DANTAS','41','290','-9.941593, -67.812083','16'),(4276,'9','96','ESCOLA MARILDA GOUVEIA VIANA','RUA CAMPO GRANDE, 940','32','350','-9.982349, -67.834742','16'),(4277,'9','97','ESCOLA MARILDA GOUVEIA VIANA','RUA CAMPO GRANDE, 940','32','353','-9.982349, -67.834742','16'),(4278,'9','123','ESCOLA MARILDA GOUVEIA VIANA','RUA CAMPO GRANDE, 940','32','350','-9.982349, -67.834742','16'),(4279,'9','142','ESCOLA MARILDA GOUVEIA VIANA','RUA CAMPO GRANDE, 940','32','332','-9.982349, -67.834742','16'),(4280,'9','185','ESCOLA MARILDA GOUVEIA VIANA','RUA CAMPO GRANDE, 940','32','338','-9.982349, -67.834742','16'),(4281,'9','298','ESCOLA MARINA VICENTE GOMES','RUA 26 DE JUNHO - BOA UNIAO','13','300','-9.997519, -67.830915','16'),(4282,'10','277','ESCOLA MÁRIO LOBÃO','ESTRADA DE PORTO ACRE, KM 03, RAMAL DO MUTUM KM 01','4','87','-9.918555, -67.827154','16'),(4283,'9','112','ESCOLA MUN. PROF. TEREZINHA MIGUEIS (PROJ. FIGUEIRA - INCRA)','RODOVIA AC 90 KM 58, S/N°','65','331','-9.904154, -68.329217','16'),(4284,'9','131','ESCOLA MUN. PROF. TEREZINHA MIGUEIS (PROJ. FIGUEIRA - INCRA)','RODOVIA AC 90 KM 58, S/N°','65','334','-9.904154, -68.329217','16'),(4285,'9','182','ESCOLA MUN. PROF. TEREZINHA MIGUEIS (PROJ. FIGUEIRA - INCRA)','RODOVIA AC 90 KM 58, S/N°','65','338','-9.904154, -68.329217','16'),(4286,'9','35','ESCOLA MUNICIPAL ANGELINA GONCALVES DE SOUZA','RUAP, QUADRA 49 - CONJUNTO ESPERANCA','26','394','-9.974833, -67.843672','16'),(4287,'9','125','ESCOLA MUNICIPAL ANGELINA GONCALVES DE SOUZA','RUAP, QUADRA 49 - CONJUNTO ESPERANCA','26','394','-9.974833, -67.843672','16'),(4288,'9','133','ESCOLA MUNICIPAL ANGELINA GONCALVES DE SOUZA','RUAP, QUADRA 49 - CONJUNTO ESPERANCA','26','401','-9.974833, -67.843672','16'),(4289,'9','188','ESCOLA MUNICIPAL ANGELINA GONCALVES DE SOUZA','RUAP, QUADRA 49 - CONJUNTO ESPERANCA','26','394','-9.974833, -67.843672','16'),(4290,'10','79','ESCOLA MUNICIPAL ANICE DIB JATENE','RUA VALDOMIRO LOPES','27','423','-9.9533888, -67.835882','16'),(4291,'10','80','ESCOLA MUNICIPAL ANICE DIB JATENE','RUA VALDOMIRO LOPES','27','425','-9.9533888, -67.835882','16'),(4292,'10','122','ESCOLA MUNICIPAL ANICE DIB JATENE','RUA VALDOMIRO LOPES','27','420','-9.9533888, -67.835882','16'),(4293,'10','182','ESCOLA MUNICIPAL ANICE DIB JATENE','RUA VALDOMIRO LOPES','27','419','-9.9533888, -67.835882','16'),(4294,'1','504, 523, 539','ESCOLA MUNICIPAL DJANIRA BEZERRA ','LOTEAMENTO PRAIA DO AMAPÁ, RUA PRINCIPAL','56','','-10.008876, -67.830208','16'),(4295,'10','83','ESCOLA MUNICIPAL INFANTIL FRANCISCA ARAGAO DA SILVA','RUA CONQUISTA, 217','27','340','-9.953852, -67.836610','16'),(4296,'10','117','ESCOLA MUNICIPAL INFANTIL FRANCISCA ARAGAO DA SILVA','RUA CONQUISTA, 217','27','338','-9.953852, -67.836610','16'),(4297,'10','140','ESCOLA MUNICIPAL INFANTIL FRANCISCA ARAGAO DA SILVA','RUA CONQUISTA, 217','27','336','-9.953852, -67.836610','16'),(4298,'10','213','ESCOLA MUNICIPAL INFANTIL FRANCISCA ARAGAO DA SILVA','RUA CONQUISTA, 217','27','342','-9.953852, -67.836610','16'),(4299,'10','239, 302','ESCOLA MUNICIPAL JESSE SANTIAGO','RUA XANGAI','33','377','-9.9277859, -67.839788','16'),(4300,'9','268','ESCOLA MUNICIPAL JOSE POTYGUARA','RUA BENJAMIM CONSTANT, 394','16','366','-9.979719, -67.881160','16'),(4301,'9','288, 297','ESCOLA MUNICIPAL JOSE POTYGUARA','RUA BENJAMIM CONSTANT, 394','16','143','-9.979719, -67.881160','16'),(4302,'10','218','ESCOLA MUNICIPAL LUIZA CARNEIRO DANTAS ','ESTRADA DO SÃO FRANCISCO, N. 1201','53','372','-9.9534608, -67.798144','16'),(4303,'10','237','ESCOLA MUNICIPAL LUIZA CARNEIRO DANTAS ','ESTRADA DO SÃO FRANCISCO, N. 1201','53','225','-9.9534608, -67.798144','16'),(4304,'10','93, 250','ESCOLA MUNICIPAL MARILENA DE AMORIM MANSOUR','ESTRADA DO QUIXADA KM 23 - RAMAL BOA AGUA','65','419','-9.884470, -67.680073','16'),(4305,'10','207','ESCOLA MUNICIPAL MONTE CASTELO','ESTRADA APOLONIO SALES, PROX. AO RESID. SANTA CRUZ','5','345','-9.925752, -67.812327','16'),(4306,'10','211','ESCOLA MUNICIPAL MONTE CASTELO','ESTRADA APOLONIO SALES, PROX. AO RESID. SANTA CRUZ','5','346','-9.925752, -67.812327','16'),(4307,'9','36','ESCOLA NATALINO DA SILVEIRA BRITO','RUA CEL. FONTINELE DE CASTRO S/N°','25','340','-9.963873, -67.833610','16'),(4308,'9','37','ESCOLA NATALINO DA SILVEIRA BRITO','RUA CEL. FONTINELE DE CASTRO S/N°','25','340','-9.963873, -67.833610','16'),(4309,'9','38','ESCOLA NATALINO DA SILVEIRA BRITO','RUA CEL. FONTINELE DE CASTRO S/N°','25','340','-9.963873, -67.833610','16'),(4310,'9','41','ESCOLA NATALINO DA SILVEIRA BRITO','RUA CEL. FONTINELE DE CASTRO S/N°','25','343','-9.963873, -67.833610','16'),(4311,'10','33','ESCOLA NELTEL MAIA','AVENIDA NACÕES UNIDAS, 1209','14','360','-9.966654, -67.817431','16'),(4312,'10','34','ESCOLA NELTEL MAIA','AVENIDA NACÕES UNIDAS, 1209','14','363','-9.966654, -67.817431','16'),(4313,'10','35','ESCOLA NELTEL MAIA','AVENIDA NACÕES UNIDAS, 1209','14','356','-9.966654, -67.817431','16'),(4314,'10','189','ESCOLA NELTEL MAIA','AVENIDA NACÕES UNIDAS, 1209','14','359','-9.966654, -67.817431','16'),(4315,'10','233','ESCOLA NELTEL MAIA','AVENIDA NACÕES UNIDAS, 1209','14','400','-9.966654, -67.817431','16'),(4316,'1','443','ESCOLA OSCAR FELÍCIO DE SOUZA ','BR 364, KM. 12 ','60','','-10.016544, -67.699520','16'),(4317,'1','500','ESCOLA OSCAR FELÍCIO DE SOUZA ','BR 364, KM. 12 ','60','','-10.016544, -67.699520','16'),(4318,'10','96','ESCOLA PADRE CARLOS CASAVECCHIA','CONJUNTO XAVIER MAIA 20','63','430','-9.932584, -67.820148','16'),(4319,'10','97','ESCOLA PADRE CARLOS CASAVECCHIA','CONJUNTO XAVIER MAIA 20','63','420','-9.932584, -67.820148','16'),(4320,'10','110','ESCOLA PADRE CARLOS CASAVECCHIA','CONJUNTO XAVIER MAIA 20','63','432','-9.932584, -67.820148','16'),(4321,'10','132','ESCOLA PADRE CARLOS CASAVECCHIA','CONJUNTO XAVIER MAIA 20','63','428','-9.932584, -67.820148','16'),(4322,'9','45','ESCOLA PADRE DIOGO FEIJO','RUA RIO DE JANEIRO, S/N°','26','382','-9.972248, -67.827409','16'),(4323,'9','46','ESCOLA PADRE DIOGO FEIJO','RUA RIO DE JANEIRO, S/N°','26','396','-9.972248, -67.827409','16'),(4324,'9','47','ESCOLA PADRE DIOGO FEIJO','RUA RIO DE JANEIRO, S/N°','26','401','-9.972248, -67.827409','16'),(4325,'9','189','ESCOLA PADRE DIOGO FEIJO','RUA RIO DE JANEIRO, S/N°','26','395','-9.972248, -67.827409','16'),(4326,'1','442','ESCOLA PAULO FREIRE ','BR 364, KM 2, RAMAL DA UNIÃO, SN ','12','','-10.010764, -67.776752','16'),(4327,'1','452','ESCOLA PAULO FREIRE ','BR 364, KM 2, RAMAL DA UNIÃO, SN ','12','','-10.010764, -67.776752','16'),(4328,'1','460','ESCOLA PAULO FREIRE ','BR 364, KM 2, RAMAL DA UNIÃO, SN ','12','','-10.010764, -67.776752','16'),(4329,'1','478','ESCOLA PAULO FREIRE ','BR 364, KM 2, RAMAL DA UNIÃO, SN ','12','','-10.010764, -67.776752','16'),(4330,'1','485','ESCOLA PAULO FREIRE ','BR 364, KM 2, RAMAL DA UNIÃO, SN ','12','','-10.010764, -67.776752','16'),(4331,'1','494','ESCOLA PAULO FREIRE ','BR 364, KM 2, RAMAL DA UNIÃO, SN ','12','','-10.010764, -67.776752','16'),(4332,'10','65','ESCOLA PIMENTEL GOMES','RUA SANTA INES, S/N','53','425','-9.948855, -67.794952','16'),(4333,'10','115','ESCOLA PIMENTEL GOMES','RUA SANTA INES, S/N','53','432','-9.948855, -67.794952','16'),(4334,'10','145','ESCOLA PIMENTEL GOMES','RUA SANTA INES, S/N','53','411','-9.948855, -67.794952','16'),(4335,'10','37','ESCOLA PRESBITERIANA JOÃO CALVINO','AVENIDA CEARÁ, N. 2648','14','314','-9.9672718, -67.820603','16'),(4336,'10','36','ESCOLA PRESBITERIANA JOÃO CALVINO','AVENIDA CEARÁ, N. 2648','14','309','-9.9672718, -67.820603','16'),(4337,'10','138','ESCOLA PRESBITERIANA JOÃO CALVINO','AVENIDA CEARÁ, N. 2648','14','313','-9.9672718, -67.820603','16'),(4338,'1','518','ESCOLA PROF RAIMUNDA SILVA PARÁ ','BR 364, KM 5, AVENIDA 5, SETOR 3','214','','-10.025327, -67.753623','16'),(4339,'1','545','ESCOLA PROF RAIMUNDA SILVA PARÁ ','BR 364, KM 5, AVENIDA 5, SETOR 3 ','214','','-10.025327, -67.753623','16'),(4340,'1','546','ESCOLA PROF RAIMUNDA SILVA PARÁ ','BR 364, KM 5, AVENIDA 5, SETOR 3 ','214','','-10.025327, -67.753623','16'),(4341,'1','385','ESCOLA PROF. ELIAS MANSOUR ','RUA DO PASSEIO, 885 ','56','','-9.998567, -67.817361','16'),(4342,'1','426','ESCOLA PROF. ELIAS MANSOUR ','RUA DO PASSEIO, 885 ','56','','-9.998567, -67.817361','16'),(4343,'1','450','ESCOLA PROF. ELIAS MANSOUR ','RUA DO PASSEIO, 885 ','56','','-9.998567, -67.817361','16'),(4344,'1','39, 369','ESCOLA PROF. JOSÉ RODRIGUES LEITE','RUA BENJAMIN CONSTANT, 493 ','17','','-9.974834, -67.808118','16'),(4345,'1','40, 173','ESCOLA PROF. JOSÉ RODRIGUES LEITE','RUA BENJAMIN CONSTANT, 493 ','17','','-9.974834, -67.808118','16'),(4346,'1','93','ESCOLA PROF. JOSÉ RODRIGUES LEITE ','RUA BENJAMIN CONSTANT, 493 ','17','','-9.974834, -67.808118','16'),(4347,'1','94','ESCOLA PROF. JOSÉ RODRIGUES LEITE ','RUA BENJAMIN CONSTANT, 493 ','17','','-9.974834, -67.808118','16'),(4348,'1','519, 520, 543','ESCOLA PROF. SEBASTIÃO PEDROSA - ARENA DA FLORESTA ','TRAVESSA COMARA, 101','21','','-9.998350, -67.805438','16'),(4349,'1','440','ESCOLA PROF. SEBASTIÃO PEDROSA - ARENA DA FLORESTA ','TRAVESSA DA COMARA, 101 ','21','','-9.998350, -67.805438','16'),(4350,'1','441','ESCOLA PROF. SEBASTIÃO PEDROSA - ARENA DA FLORESTA ','TRAVESSA DA COMARA, 101 ','21','','-9.998350, -67.805438','16'),(4351,'1','458','ESCOLA PROF. SEBASTIÃO PEDROSA - ARENA DA FLORESTA ','TRAVESSA DA COMARA, 101 ','21','','-9.998350, -67.805438','16'),(4352,'1','466','ESCOLA PROF. SEBASTIÃO PEDROSA - ARENA DA FLORESTA ','TRAVESSA DA COMARA, 101 ','21','','-9.998350, -67.805438','16'),(4353,'1','83','ESCOLA PROF. TEREZINHA MIGUÉS ','RUA NOSSA SENHORA DA CONCEIÇÃO S/N ','20','','-9.984664, -67.817834','16'),(4354,'1','84','ESCOLA PROF. TEREZINHA MIGUÉS ','RUA NOSSA SENHORA DA CONCEIÇÃO S/N ','20','','-9.984664, -67.817834','16'),(4355,'1','85','ESCOLA PROF. TEREZINHA MIGUÉS ','RUA NOSSA SENHORA DA CONCEIÇÃO S/N ','20','','-9.984664, -67.817834','16'),(4356,'1','86','ESCOLA PROF. TEREZINHA MIGUÉS ','RUA NOSSA SENHORA DA CONCEIÇÃO S/N ','20','','-9.984664, -67.817834','16'),(4357,'1','439','ESCOLA PROF. TEREZINHA MIGUÉS ','RUA NOSSA SENHORA DA CONCEIÇÃO S/N ','20','','-9.984664, -67.817834','16'),(4358,'1','470','ESCOLA PROF. TEREZINHA MIGUÉS ','RUA NOSSA SENHORA DA CONCEIÇÃO S/N ','20','','-9.984664, -67.817834','16'),(4359,'9','101','ESCOLA PROFESSOR AFONSO PINTO DE MEDEIROS','RUA ADALCIDES DA SILVA GALLO, 36','54','400','-10.001939, -67.838544','16'),(4360,'9','143','ESCOLA PROFESSOR AFONSO PINTO DE MEDEIROS','RUA ADALCIDES DA SILVA GALLO, 36','54','394','-10.001939, -67.838544','16'),(4361,'9','197','ESCOLA PROFESSOR AFONSO PINTO DE MEDEIROS','RUA ADALCIDES DA SILVA GALLO, 36','54','405','-10.001939, -67.838544','16'),(4362,'10','81','ESCOLA PROFESSOR ALVARO VIEIRA DA ROCHA','RUA DO ESTUDANTE S/N','64','427','-9.950335, -67.834272','16'),(4363,'10','82','ESCOLA PROFESSOR ALVARO VIEIRA DA ROCHA','RUA DO ESTUDANTE S/N','64','428','-9.950335, -67.834272','16'),(4364,'10','143','ESCOLA PROFESSOR ALVARO VIEIRA DA ROCHA','RUA DO ESTUDANTE S/N','64','416','-9.950335, -67.834272','16'),(4365,'10','165','ESCOLA PROFESSOR ALVARO VIEIRA DA ROCHA','RUA DO ESTUDANTE S/N','64','424','-9.950335, -67.834272','16'),(4366,'1','521, 522, 537','ESCOLA PROFESSOR JOSUÉ FERNANDES','RUA COELHO','45','','-10.002794, -67.793172','16'),(4367,'1','473','ESCOLA PROFESSOR JOSUÉ FERNANDES','RUA COELHO ','45','','-10.002794, -67.793172','16'),(4368,'1','499','ESCOLA PROFESSOR JOSUÉ FERNANDES','RUA COELHO ','45','','-10.002794, -67.793172','16'),(4369,'1','509','ESCOLA PROFESSOR JOSUÉ FERNANDES','RUA COELHO ','45','','-10.002794, -67.793172','16'),(4370,'10','219','ESCOLA PROFESSOR PEDRO MARTINELLO','RUA ANTONIO PESSOA DE JUCA, Q-69 - CONJUNTO MONTANHES','55','280','-9.921381, -67.833082','16'),(4371,'10','234','ESCOLA PROFESSOR PEDRO MARTINELLO','RUA ANTONIO PESSOA DE JUCA, Q-69 - CONJUNTO MONTANHES','55','419','-9.921381, -67.833082','16'),(4372,'10','251','ESCOLA PROFESSOR PEDRO MARTINELLO','RUA ANTONIO PESSOA DE JUCA, Q-69 - CONJUNTO MONTANHES','55','408','-9.921381, -67.833082','16'),(4373,'10','66','ESCOLA PROFESSORA BERTA VIEIRA DE ANDRADE','ESTADA DO SAO FRANCISCO S/N','53','376','-9.9522928, -67.79667','16'),(4374,'10','67','ESCOLA PROFESSORA BERTA VIEIRA DE ANDRADE','ESTADA DO SAO FRANCISCO S/N','53','383','-9.9522928, -67.79667','16'),(4375,'10','68','ESCOLA PROFESSORA BERTA VIEIRA DE ANDRADE','ESTADA DO SAO FRANCISCO S/N','53','379','-9.9522928, -67.79667','16'),(4376,'10','120','ESCOLA PROFESSORA BERTA VIEIRA DE ANDRADE','ESTADA DO SAO FRANCISCO S/N','53','371','-9.9522928, -67.79667','16'),(4377,'10','144','ESCOLA PROFESSORA BERTA VIEIRA DE ANDRADE','ESTADA DO SAO FRANCISCO S/N','53','381','-9.9522928, -67.79667','16'),(4378,'10','166','ESCOLA PROFESSORA BERTA VIEIRA DE ANDRADE','ESTADA DO SAO FRANCISCO S/N','53','369','-9.9522928, -67.79667','16'),(4379,'10','184','ESCOLA PROFESSORA BERTA VIEIRA DE ANDRADE','ESTADA DO SAO FRANCISCO S/N','53','375','-9.9522928, -67.79667','16'),(4380,'10','300','ESCOLA PROFESSORA CLICIA GADELHA','ESTRADA DO SÃO FRANCISCO, 1968','53','148','-9.948145, -67.794857','16'),(4381,'10','223','ESCOLA PROFESSORA CLICIA GADELHA','RUA DO SAO FRANCISCO','53','395','-9.948145, -67.794857','16'),(4382,'10','232','ESCOLA PROFESSORA CLICIA GADELHA','RUA DO SAO FRANCISCO','53','419','-9.948145, -67.794857','16'),(4383,'10','257','ESCOLA PROFESSORA CLICIA GADELHA','RUA DO SAO FRANCISCO','53','340','-9.948145, -67.794857','16'),(4384,'10','84','ESCOLA PROFESSORA IONE PORTELA DA COSTA CASAS ','RUA BELÉM, S/N','25','330','-9.957023, -67.831017','16'),(4385,'10','85','ESCOLA PROFESSORA IONE PORTELA DA COSTA CASAS ','RUA BELÉM, S/N','25','342','-9.957023, -67.831017','16'),(4386,'10','118','ESCOLA PROFESSORA IONE PORTELA DA COSTA CASAS ','RUA BELÉM, S/N','25','333','-9.957023, -67.831017','16'),(4387,'10','249','ESCOLA PROFESSORA IONE PORTELA DA COSTA CASAS ','RUA BELÉM, S/N','25','259','-9.957023, -67.831017','16'),(4388,'1','488, 547','ESCOLA PROFESSORA MAURICILA SANTANA ','RAMAL DA GARAPEIRA, KM. 3, PROJETO BENFICA ','61','','-10.069119, -67.800267','16'),(4389,'9','196','ESCOLA PROFESSORA RAMONA M. P. DE CASTRO','RUA BEIJA FLOR','54','353','-10.004660, -67.835979','16'),(4390,'9','102','ESCOLA PROFESSORA RAMONA M. P. DE CASTRO','RUA BEIJA FLOR','54','357','-10.004660, -67.835979','16'),(4391,'9','124','ESCOLA PROFESSORA RAMONA M. P. DE CASTRO','RUA BEIJA FLOR','54','347','-10.004660, -67.835979','16'),(4392,'9','141','ESCOLA PROFESSORA RAMONA M. P. DE CASTRO','RUA BEIJA FLOR','54','336','-10.004660, -67.835979','16'),(4393,'9','64','ESCOLA PUBLICA ADALBERTO SENA','AVENIDA CENTRAL, CONJUNTO TUCUMA I Q S2','217','409','-9.955007, -67.857731','16'),(4394,'9','65','ESCOLA PUBLICA ADALBERTO SENA','AVENIDA CENTRAL, CONJUNTO TUCUMA I Q S2','217','410','-9.955007, -67.857731','16'),(4395,'9','66','ESCOLA PUBLICA ADALBERTO SENA','AVENIDA CENTRAL, CONJUNTO TUCUMA I Q S2','217','415','-9.955007, -67.857731','16'),(4396,'9','177','ESCOLA PUBLICA ADALBERTO SENA','AVENIDA CENTRAL, CONJUNTO TUCUMA I Q S2','217','411','-9.955007, -67.857731','16'),(4397,'9','205','ESCOLA PUBLICA ADALBERTO SENA','AVENIDA CENTRAL, CONJUNTO TUCUMA I Q S2','217','414','-9.955007, -67.857731','16'),(4398,'9','68','ESCOLA PUBLICA ALCIMAR LEITAO','AVENIDA PASTOR MUNIZ - CONJUNTO UNIVERSITARIO II','22','392','-9.945593, -67.881480','16'),(4399,'9','69','ESCOLA PUBLICA ALCIMAR LEITAO','AVENIDA PASTOR MUNIZ - CONJUNTO UNIVERSITARIO II','22','396','-9.945593, -67.881480','16'),(4400,'9','175','ESCOLA PUBLICA ALCIMAR LEITAO','AVENIDA PASTOR MUNIZ - CONJUNTO UNIVERSITARIO II','22','392','-9.945593, -67.881480','16'),(4401,'9','190','ESCOLA PUBLICA ALCIMAR LEITAO','AVENIDA PASTOR MUNIZ - CONJUNTO UNIVERSITARIO II','22','400','-9.945593, -67.881480','16'),(4402,'9','231','ESCOLA PUBLICA ALCIMAR LEITAO','AVENIDA PASTOR MUNIZ - CONJUNTO UNIVERSITARIO II','22','392','-9.945593, -67.881480','16'),(4403,'9','76','ESCOLA PUBLICA AUREA PIRES','RUA RIO GRANDE DO SUL, S/N°','2','336','-9.990242, -67.826932','16'),(4404,'9','77','ESCOLA PUBLICA AUREA PIRES','RUA RIO GRANDE DO SUL, S/N°','2','342','-9.990242, -67.826932','16'),(4405,'9','167','ESCOLA PUBLICA AUREA PIRES','RUA RIO GRANDE DO SUL, S/N°','2','338','-9.990242, -67.826932','16'),(4406,'9','193','ESCOLA PUBLICA AUREA PIRES','RUA RIO GRANDE DO SUL, S/N°','2','345','-9.990242, -67.826932','16'),(4407,'9','114','ESCOLA PUBLICA HELOISA MOURAO MARQUES','RUA RIO GRANDE DO SUL, 1.908','2','347','-9.977861, -67.824520','16'),(4408,'9','115','ESCOLA PUBLICA HELOISA MOURAO MARQUES','RUA RIO GRANDE DO SUL, 1.908','2','337','-9.977861, -67.824520','16'),(4409,'9','116','ESCOLA PUBLICA HELOISA MOURAO MARQUES','RUA RIO GRANDE DO SUL, 1.908','2','350','-9.977861, -67.824520','16'),(4410,'9','117','ESCOLA PUBLICA HELOISA MOURAO MARQUES','RUA RIO GRANDE DO SUL, 1.908','2','345','-9.977861, -67.824520','16'),(4411,'9','179','ESCOLA PUBLICA HELOISA MOURAO MARQUES','RUA RIO GRANDE DO SUL, 1.908','2','342','-9.977861, -67.824520','16'),(4412,'10','61','ESCOLA PUBLICA MOZART DONIZETE','RUA ANTONIO DA ROCHA VIANA, 07','62','372','-9.9504933, -67.8243887','16'),(4413,'10','62','ESCOLA PUBLICA MOZART DONIZETE','RUA ANTONIO DA ROCHA VIANA, 07','62','374','-9.9504933, -67.8243887','16'),(4414,'10','155','ESCOLA PUBLICA MOZART DONIZETE','RUA ANTONIO DA ROCHA VIANA, 07','62','376','-9.9504933, -67.8243887','16'),(4415,'10','197','ESCOLA PUBLICA MOZART DONIZETE','RUA ANTONIO DA ROCHA VIANA, 07','62','367','-9.9504933, -67.8243887','16'),(4416,'10','235','ESCOLA PUBLICA MOZART DONIZETE','RUA ANTONIO DA ROCHA VIANA, 07','62','393','-9.9504933, -67.8243887','16'),(4417,'9','67','ESCOLA PUBLICA RAIMUNDO GOMES DE OLIVEIRA','AVENIDA CENTRAL, CONJUNTO TUCUMA II','217','358','-9.9493692, -67.8593766','16'),(4418,'9','134','ESCOLA PUBLICA RAIMUNDO GOMES DE OLIVEIRA','AVENIDA CENTRAL, CONJUNTO TUCUMA II','217','334','-9.9493692, -67.8593766','16'),(4419,'9','135','ESCOLA PUBLICA RAIMUNDO GOMES DE OLIVEIRA','AVENIDA CENTRAL, CONJUNTO TUCUMA II','217','336','-9.9493692, -67.8593766','16'),(4420,'9','138','ESCOLA PUBLICA RAIMUNDO GOMES DE OLIVEIRA','AVENIDA CENTRAL, CONJUNTO TUCUMA II','217','335','-9.9493692, -67.8593766','16'),(4421,'9','244','ESCOLA PUBLICA RAIMUNDO GOMES DE OLIVEIRA','AVENIDA CENTRAL, CONJUNTO TUCUMA II','217','381','-9.9493692, -67.8593766','16'),(4422,'9','246','ESCOLA PUBLICA RAIMUNDO GOMES DE OLIVEIRA','AVENIDA CENTRAL, CONJUNTO TUCUMA II','217','375','-9.9493692, -67.8593766','16'),(4423,'10','58','ESCOLA PUBLICA TEODOLINA FALCAO MACEDO','RUA DEZ DE JUNHO, S/N','41','427','-9.9449638, -67.8123888','16'),(4424,'10','59','ESCOLA PUBLICA TEODOLINA FALCAO MACEDO','RUA DEZ DE JUNHO, S/N','41','424','-9.9449638, -67.8123888','16'),(4425,'10','150','ESCOLA PUBLICA TEODOLINA FALCAO MACEDO','RUA DEZ DE JUNHO, S/N','41','433','-9.9449638, -67.8123888','16'),(4426,'10','169','ESCOLA PUBLICA TEODOLINA FALCAO MACEDO','RUA DEZ DE JUNHO, S/N','41','423','-9.9449638, -67.8123888','16'),(4427,'10','91','ESCOLA RAIMUNDO HERMINIO DE MELO','RUA RAIMUNDO MELO, 10','44','416','-9.942690, -67.821083','16'),(4428,'10','92','ESCOLA RAIMUNDO HERMINIO DE MELO','RUA RAIMUNDO MELO, 10','44','397','-9.942690, -67.821083','16'),(4429,'10','154','ESCOLA RAIMUNDO HERMINIO DE MELO','RUA RAIMUNDO MELO, 10','44','404','-9.942690, -67.821083','16'),(4430,'10','181','ESCOLA RAIMUNDO HERMINIO DE MELO','RUA RAIMUNDO MELO, 10','44','410','-9.942690, -67.821083','16'),(4431,'10','253','ESCOLA RAIMUNDO HERMINIO DE MELO','RUA RAIMUNDO MELO, 10','44','346','-9.942690, -67.821083','16'),(4432,'1','263','ESCOLA ROBERTO SANCHES MUBARAC ','RUA SEIS DE AGOSTO, 1.070 ','52','','-9.977653, -67.802343','16'),(4433,'1','351','ESCOLA ROBERTO SANCHES MUBARAC ','RUA SEIS DE AGOSTO, 1.070 ','52','','-9.977653, -67.802343','16'),(4434,'1','386','ESCOLA ROBERTO SANCHES MUBARAC ','RUA SEIS DE AGOSTO, 1.070 ','52','','-9.977653, -67.802343','16'),(4435,'1','461','ESCOLA ROBERTO SANCHES MUBARAC ','RUA SEIS DE AGOSTO, 1.070 ','52','','-9.977653, -67.802343','16'),(4436,'9','213','ESCOLA RURAL ALTO ALGRE II','AC 90 KM 92 RAMAL JARINAL KM 15','65','300','-9.793541, -68.565149','16'),(4437,'9','111','ESCOLA RURAL PROF. CLAUDIO AUGUSTO F. DE SALES','RODOVIA AC 90 KM 42 S/N° ESTRADA DO COLEGIO AGRICOLA','65','323','-9.951581, -68.215036','16'),(4438,'9','249','ESCOLA RURAL PROF. CLAUDIO AUGUSTO F. DE SALES','RODOVIA AC 90 KM 42 S/N° ESTRADA DO COLEGIO AGRICOLA','65','188','-9.951581, -68.215036','16'),(4439,'10','38','ESCOLA SAMUEL BARREIRA ','CONJUNTO GUIOMARD SANTO I, S/N','14','370','-9.958568, -67.807222','16'),(4440,'10','39','ESCOLA SAMUEL BARREIRA ','CONJUNTO GUIOMARD SANTO I, S/N','14','374','-9.958568, -67.807222','16'),(4441,'10','40','ESCOLA SAMUEL BARREIRA ','CONJUNTO GUIOMARD SANTO I, S/N','14','376','-9.958568, -67.807222','16'),(4442,'1','490','ESCOLA SANTA MARIA II ','RODOVIA AC 40, KM. 10, RAMAL DA CASTANHEIRA ','49','','-10.0487195, -67.7712615','16'),(4443,'1','481','ESCOLA SANTO ANTÔNIO II ','BR 364, KM 8, RAMAL BELO JARDIM KM 07','65','','-9.967299, -67.731036','16'),(4444,'1','456','ESCOLA SANTO ANTÔNIO II ','BR 364, KM 8, RAMAL BELO JARDIM KM 07 ','65','','-9.967299, -67.731036','16'),(4445,'10','69','ESCOLA SAO FRANCISCO DE ASSIS','RUA SAO SEBASTIAO, 374','62','309','-9.958056, -67.826245','16'),(4446,'10','188','ESCOLA SAO FRANCISCO DE ASSIS','RUA SAO SEBASTIAO, 374','62','315','-9.958056, -67.826245','16'),(4447,'1','489, 544','ESCOLA SÃO PEDRO I ','ESTRADA DO AMAPÁ, RAMAL DA PICARREIRA, KM 14, SERINGAL BENFICA ','65','','-10.088765, -67.82069','16'),(4448,'9','51','ESCOLA SERAFIM SILVA SALGADO','RUA RIO GRANDE DO SUL','2','348','-9.983275, -67.824204','16'),(4449,'9','52','ESCOLA SERAFIM SILVA SALGADO','RUA RIO GRANDE DO SUL','2','352','-9.983275, -67.824204','16'),(4450,'9','53','ESCOLA SERAFIM SILVA SALGADO','RUA RIO GRANDE DO SUL','2','353','-9.983275, -67.824204','16'),(4451,'9','233','ESCOLA SERAFIM SILVA SALGADO','RUA RIO GRANDE DO SUL','2','345','-9.983275, -67.824204','16'),(4452,'9','90','ESCOLA SHEILA MARIA NASSERALA','RUA EDMUNDO PINTO, 422 CONJUNTO TANGARA','25','393','-9.963475, -67.840103','16'),(4453,'9','91','ESCOLA SHEILA MARIA NASSERALA','RUA EDMUNDO PINTO, 422 CONJUNTO TANGARA','25','405','-9.963475, -67.840103','16'),(4454,'9','57','ESCOLA TRANCREDO NEVES','RUA DA AMIZADE, 120','28','286','-9.990205, -67.826896','16'),(4455,'9','58','ESCOLA TRANCREDO NEVES','RUA DA AMIZADE, 120','28','279','-9.990205, -67.826896','16'),(4456,'9','158','ESCOLA TRANCREDO NEVES','RUA DA AMIZADE, 120','28','312','-9.990205, -67.826896','16'),(4457,'9','159','ESCOLA TRANCREDO NEVES','RUA DA AMIZADE, 120','28','306','-9.990205, -67.826896','16'),(4458,'9','245','ESCOLA TRANCREDO NEVES','RUA DA AMIZADE, 120','28','235','-9.990205, -67.826896','16'),(4459,'9','247','ESCOLA TRANCREDO NEVES','RUA DA AMIZADE, 120','28','236','-9.990205, -67.826896','16'),(4460,'9','250','ESCOLA TRANCREDO NEVES','RUA DA AMIZADE, 120','28','234','-9.990205, -67.826896','16'),(4461,'10','60','ESCOLA VOVO MOCINHA','RUA AIRTON SENA, 123','63','359','-9.939419, -67.814989','16'),(4462,'10','111','ESCOLA VOVO MOCINHA','RUA AIRTON SENA, 123','63','363','-9.939419, -67.814989','16'),(4463,'10','141','ESCOLA VOVO MOCINHA','RUA AIRTON SENA, 123','63','357','-9.939419, -67.814989','16'),(4464,'10','230','ESCOLA VOVO MOCINHA','RUA AIRTON SENA, 123','63','373','-9.939419, -67.814989','16'),(4465,'1','310','ESCOLA ZULEIDE PEREIRA DE SOUZA ','RODOVIA AC 40, KM. 5, N 1.298 ','59','','-10.024011, -67.798893','16'),(4466,'1','390','ESCOLA ZULEIDE PEREIRA DE SOUZA ','RODOVIA AC 40, KM. 5, N 1.298 ','59','','-10.024011, -67.798893','16'),(4467,'1','447','ESCOLA ZULEIDE PEREIRA DE SOUZA ','RODOVIA AC 40, KM. 5, N 1.298','59','','-10.024011, -67.798893','16'),(4468,'9','257','FAAO - FACULDADE DA AMAZONIA OCIDENTAL','ESTRADA DIAS MARTINS 894','31','341','-9.960356, -67.851326','16'),(4469,'9','296, 308','FAAO - FACULDADE DA AMAZONIA OCIDENTAL','ESTRADA DIAS MARTINS 894','31','119','-9.960356, -67.851326','16'),(4470,'1','534','FACULDADE DE TEOLOGIA E FILOSOFIA NO RESIDENCIAL SANTO AFONSO - SINAL ','AVENIDA FRANCISCO PINHEIRO DE MORAES, 793 ','216','','-10.019368, -67.782748','16'),(4471,'9','299, 307','FAMETA','ESTRADA ADALBERTO TORRES, 947','31','217','-9.952418, -67.847879','16'),(4472,'10','163, 291','FEDERAÇÃO DO COMÉRCIO  FECOMÉRCIO/AC ','AVENIDA GETÚLIO VARGAS, 2473 ','14','413','-9.956342, -67.817853','16'),(4473,'9','21','FIEAC','AVENIDA CEARA, 3.693','25','283','-9.9682768, -67.830236','16'),(4474,'9','22','FIEAC','AVENIDA CEARA, 3.694','25','285','-9.9682768, -67.830236','16'),(4475,'9','152','FIEAC','AVENIDA CEARA, 3.695','25','292','-9.9682768, -67.830236','16'),(4476,'1','162, 429','FORUM BARÃO DO RIO BRANCO','RUA BENJAMIN CONSTANT, 1.165 ','17','','-9.976006, -67.810238','16'),(4477,'1','194, 281','FORUM BARÃO DO RIO BRANCO','RUA BENJAMIN CONSTANT, 1.165 ','17','','-9.976006, -67.810238','16'),(4478,'1','26, 479','FORUM BARÃO DO RIO BRANCO','RUA BENJAMIN CONSTANT, 1.165 ','17','','-9.976006, -67.810238','16'),(4479,'9','74','FORUM DA AVENIDA CEARA','AVENIDA CEARA, 2.692','1','279','-9.9693328, -67.820667','16'),(4480,'9','75','FORUM DA AVENIDA CEARA','AVENIDA CEARA, 2.692','1','278','-9.9693328, -67.820667','16'),(4481,'9','218','FUNDACAO BRADESCO','ESTRADA DO CALAFATE','16','445','-9.977882, -67.842040','16'),(4482,'9','238','FUNDACAO BRADESCO','ESTRADA DO CALAFATE','16','441','-9.977882, -67.842040','16'),(4483,'9','255','FUNDACAO BRADESCO','ESTRADA DO CALAFATE','16','471','-9.977882, -67.842040','16'),(4484,'9','274','FUNDACAO BRADESCO','ESTRADA DO CALAFATE','16','451','-9.977882, -67.842040','16'),(4485,'1','35, 44','GABINETE MILITAR DO GOVERNO DO ACRE ','RUA MARECHAL DEODORO, 691 ','17','','-9.973039, -67.807988','16'),(4486,'10','274','HORTO FLORESTAL (SECRETARIA MUNCIPAL DE MAIO AMBIENTE  SEMEIA) ','AVENIDA ANTÔNIO DA ROCHA VIANA, S/N','44','349','-9.947630, -67.827083','16'),(4487,'10','15','IAPEN - INSTITUTO DE ADMINISTRACAO PENITENCIARIA ESTADUAL','AVENIDA GETULIO VARGAS, 1337','14','293','-9.965698, -67.813644','16'),(4488,'10','16','IAPEN - INSTITUTO DE ADMINISTRACAO PENITENCIARIA ESTADUAL','AVENIDA GETULIO VARGAS, 1337','14','289','-9.965698, -67.813644','16'),(4489,'1','9, 11','IBGE ','RUA BENJAMIN CONSTANT, 907','17','','-9.974986, -67.808034','16'),(4490,'10','126','IDAF - INSTITUTO DE AGROPECUARIA','ESTRADA DO AVIARIO, 23','7','351','-9.9665818, -67.803076','16'),(4491,'1','497','INSTITUTO DE DEFESA AGROPECUÁRIA E FLORESTAL DO ACRE - IDAF ','RODOVIA AC 40, KM. 5, N. 1.054 ','59','','-10.023139, -67.798562','16'),(4492,'1','512','INSTITUTO DE DEFESA AGROPECUÁRIA E FLORESTAL DO ACRE - IDAF ','RODOVIA AC 40, KM. 5, N. 1.054 ','59','','-10.023139, -67.798562','16'),(4493,'9','85','INSTITUTO DE DESENV. DE EDUCACAO PROF. DOM MOACIR (COL. AGRICOLA)','ESTRADA BELA VISTA KM 28','65','309','-10.010176, -67.989903','16'),(4494,'9','166','INSTITUTO DE DESENV. DE EDUCACAO PROF. DOM MOACIR (COL. AGRICOLA)','ESTRADA BELA VISTA KM 28','65','319','-10.010176, -67.989903','16'),(4495,'9','191','INSTITUTO DE DESENV. DE EDUCACAO PROF. DOM MOACIR (COL. AGRICOLA)','ESTRADA BELA VISTA KM 28','65','318','-10.010176, -67.989903','16'),(4496,'9','259','INSTITUTO DE DESENV. DE EDUCACAO PROF. DOM MOACIR (COL. AGRICOLA)','ESTRADA BELA VISTA KM 28','65','259','-10.010176, -67.989903','16'),(4497,'10','74','INSTITUTO DE EDUCACAO LOURENCO FILHO','AVENIDA GETÚLIO VARGAS S/N','62','387','-9.953141, -67.819160','16'),(4498,'10','98','INSTITUTO DE EDUCACAO LOURENCO FILHO','AVENIDA GETÚLIO VARGAS S/N','62','379','-9.953141, -67.819160','16'),(4499,'1','34, 303','INSTITUTO DE MEIO AMBIENTE DO ACRE - IMAC ','RUA RUI BARBOSA, 450 ','17','','-9.971992, -67.808583','16'),(4500,'1','280','INSTITUTO DE MEIO AMBIENTE DO ACRE - IMAC ','RUA RUI BARBOSA, 450 ','17','','-9.971992, -67.808583','16'),(4501,'1','496','INSTITUTO DE PREVIDÊNCIA DO ESTADO DO ACRE - ACREPREVIDÊNCIA ','RUA AMAZONAS, 135','18','','-9.972561, -67.802416','16'),(4502,'1','147, 148','INSTITUTO DE PREVIDÊNCIA DO ESTADO DO ACRE - ACREPREVIDÊNCIA ','RUA AMAZONAS, 135','18','','-9.972744, -67.802608','16'),(4503,'10','238','INSTITUTO FEDERAL DO ACRE - IFAC','AVENIDA BRASIL, 920','63','385','-9.9312828, -67.817819','16'),(4504,'10','244','INSTITUTO FEDERAL DO ACRE - IFAC','AVENIDA BRASIL, 920','63','344','-9.9312828, -67.817819','16'),(4505,'10','259','INSTITUTO FEDERAL DO ACRE - IFAC','AVENIDA BRASIL, 920','63','345','-9.9312828, -67.817819','16'),(4506,'10','263','INSTITUTO FEDERAL DO ACRE - IFAC','AVENIDA BRASIL, 920','63','349','-9.9312828, -67.817819','16'),(4507,'10','301','INSTITUTO FEDERAL DO ACRE - IFAC','AVENIDA BRASIL, 920','63','111','-9.9312828, -67.817819','16'),(4508,'9','121','INSTITUTO FEDERAL DO ACRE - IFAC DA BAIXADA','RUA RIO GRANDE DO SUL, 2600','2','338','-9.9849278, -67.822753','16'),(4509,'9','303','INSTITUTO FEDERAL DO ACRE - IFAC DA BAIXADA','RUA RIO GRANDE DO SUL, 2600','2','266','-9.9849278, -67.822753','16'),(4510,'1','379','INSTITUTO IMACULADA CONCEIÇÃO  CENEC ','RUA 16 DE OUTUBRO, 165 ','43','','-9.983916, -67.811614','16'),(4511,'1','158','INSTITUTO IMACULADA CONCEIÇÃO  CENEC ','RUA 16 DE OUTUBRO, 165 ','43','','-9.983916, -67.811614','16'),(4512,'1','159','INSTITUTO IMACULADA CONCEIÇÃO  CENEC ','RUA 16 DE OUTUBRO, 165 ','43','','-9.983916, -67.811614','16'),(4513,'10','43','INSTITUTO NACIONAL DE COLONIZAÇÃO E REFORMA AGRÁRIA  INCRA ','ESTRADA DO AVIARIO, 135','7','416','-9.9659966, -67.8023059','16'),(4514,'10','44','INSTITUTO NACIONAL DE COLONIZAÇÃO E REFORMA AGRÁRIA  INCRA ','ESTRADA DO AVIARIO, 135','7','413','-9.9659966, -67.8023059','16'),(4515,'10','45','INSTITUTO NACIONAL DE COLONIZAÇÃO E REFORMA AGRÁRIA  INCRA ','ESTRADA DO AVIARIO, 135','7','404','-9.9659966, -67.8023059','16'),(4516,'10','46','INSTITUTO NACIONAL DE COLONIZAÇÃO E REFORMA AGRÁRIA  INCRA ','ESTRADA DO AVIARIO, 135','7','400','-9.9659966, -67.8023059','16'),(4517,'10','227, 264, 268','INSTITUTO NACIONAL DE COLONIZAÇÃO E REFORMA AGRÁRIA  INCRA ','ESTRADA DO AVIARIO, 135','7','237','-9.9659966, -67.8023059','16'),(4518,'1','160','INSTITUTO SÃO JOSÉ ','RUA FLORIANO PEIXOTO, 712 ','17','','-9.974356, -67.811775','16'),(4519,'1','161','INSTITUTO SÃO JOSÉ ','RUA FLORIANO PEIXOTO, 712 ','17','','-9.974356, -67.811775','16'),(4520,'1','277','INSTITUTO SÃO JOSÉ ','RUA FLORIANO PEIXOTO, 712 ','17','','-9.974356, -67.811775','16'),(4521,'1','380','INSTITUTO SÃO JOSÉ ','RUA FLORIANO PEIXOTO, 712 ','17','','-9.974356, -67.811775','16'),(4522,'10','119, 272','JUNTA COMERCIAL DO ESTADO DO ACRE - JUCEAC ','AVENIDA ANTONIO DA ROCHA VIANA, 1569','14','205','-9.961485, -67.820543','16'),(4523,'1','531','MINISTÉRIO DA AGRIC. PEC E ABAST/SUPERINTÊNDENCIA FEDERAL - MAPA/SFA ','RODOVIA AC 40, 793, CORRENTE ','219','','-10.019446, -67.798116','16'),(4524,'1','12, 151','OCA RIO BRANCO','RUA QUINTINO BOCAIUVA, 299 ','17','','-9.972693, -67.806595','16'),(4525,'1','187, 516','OCA RIO BRANCO ','RUA QUINTINO BOCAIUVA, 299 ','17','','-9.972693, -67.806595','16'),(4526,'1','30, 515','OCA RIO BRANCO ','RUA QUINTINO BOCAIUVA, 299 ','17','','-9.972693, -67.806595','16'),(4527,'1','31, 186','OCA RIO BRANCO ','RUA QUINTINO BOCAIUVA, 299 ','17','','-9.972693, -67.806595','16'),(4528,'1','163','PALÁCIO DAS SECRETARIAS ','AVENIDA GETÚLIO VARGAS, 230 ','17','','-9.975093, -67.809116','16'),(4529,'1','171','PALÁCIO DAS SECRETARIAS ','AVENIDA GETÚLIO VARGAS, 230 ','17','','-9.975093, -67.809116','16'),(4530,'1','172','PALÁCIO DAS SECRETARIAS ','AVENIDA GETÚLIO VARGAS, 230 ','17','','-9.975093, -67.809116','16'),(4531,'1','278','PALÁCIO DAS SECRETARIAS ','AVENIDA GETÚLIO VARGAS, 230 ','17','','-9.975093, -67.809116','16'),(4532,'1','174','PARQUE CAPITÃO CIRÍACO ','VIA CHICO MENDES, 225 ','52','','-9.979452, -67.805250','16'),(4533,'10','208, 271','PESACRE ','ESTRADA JARBAS PASSARINHO, N. 999, PARQUE SABIÁ','5','273','-9.935703, -67.811336','16'),(4534,'10','243','POSTO DE SAUDE DO SAO FRANCISCO - URAP','RUA JOAQUIM MACEDO','53','292','-9.9534608, -67.798144','16'),(4535,'10','47','PREDIO DA COHAB-ACRE','RUA VALERIO MAGALAES, 172','14','278','-9.9606861, -67.8108734','16'),(4536,'10','48','PREDIO DA COHAB-ACRE','RUA VALERIO MAGALAES, 172','14','273','-9.9606861, -67.8108734','16'),(4537,'10','49','PREDIO DA COHAB-ACRE','RUA VALERIO MAGALAES, 172','14','276','-9.9606861, -67.8108734','16'),(4538,'10','99','PREDIO DA FUNDAÇÃO NACIONAL DE SAÚDE - FUNASA','RUA ANTONIO DA ROCHA VIANA, S/N - VILA IVONETE','14','205','-9.961227, -67.820265','16'),(4539,'10','100','PREDIO DA FUNDAÇÃO NACIONAL DE SAÚDE - FUNASA','RUA ANTONIO DA ROCHA VIANA, S/N - VILA IVONETE','14','209','-9.961227, -67.820265','16'),(4540,'10','101','PREDIO DA FUNDAÇÃO NACIONAL DE SAÚDE - FUNASA','RUA ANTONIO DA ROCHA VIANA, S/N - VILA IVONETE','14','205','-9.961227, -67.820265','16'),(4541,'10','73','PREDIO DA FUNDAÇÃO NACIONAL DE SAÚDE - FUNASA','RUA ANTONIO DA ROCHA VIANA, S/N - VILA IVONETE','14','261','-9.961227, -67.820265','16'),(4542,'10','17','PREDIO DO INSS','AVENIDA GETULIO VARGAS, 1273','14','214','-9.966231, -67.813312','16'),(4543,'10','18','PREDIO DO INSS','AVENIDA GETULIO VARGAS, 1273','14','214','-9.966231, -67.813312','16'),(4544,'10','64','PREDIO DO INSS','AVENIDA GETULIO VARGAS, 1273','14','215','-9.966231, -67.813312','16'),(4545,'1','10','PREFEITURA MUNIC. DE RIO BRANCO ','RUA RUI BARBOSA, 285 ','17','','-9.972403, -67.810162','16'),(4546,'1','15','PREFEITURA MUNIC. DE RIO BRANCO ','RUA RUI BARBOSA, 285 ','17','','-9.972403, -67.810162','16'),(4547,'1','23','PREFEITURA MUNIC. DE RIO BRANCO ','RUA RUI BARBOSA, 285 ','17','','-9.972403, -67.810162','16'),(4548,'1','29','PREFEITURA MUNIC. DE RIO BRANCO ','RUA RUI BARBOSA, 285 ','17','','-9.972403, -67.810162','16'),(4549,'1','250','PREFEITURA MUNIC. DE RIO BRANCO ','RUA RUI BARBOSA, 285 ','17','','-9.972403, -67.810162','16'),(4550,'10','254, 283','PROCURADORIA GERAL DO ESTADO  PGE/AC ','AVENIDA GETÚLIO VARGAS, 2852','14','391','-9.953222, -67.818825','16'),(4551,'9','243, 271','SEAFROF (TRANSACREANA)','ROD. ESTADA TRANSACREANA AC 90 KM 56','65','142','-9.994341, -68.018563','16'),(4552,'9','71','SEAPROF','AVENIDA NACÕES UNIDAS, 2.604','25','285','-9.966188, -67.830965','16'),(4553,'9','72','SEAPROF','AVENIDA NACÕES UNIDAS, 2.604','25','292','-9.966188, -67.830965','16'),(4554,'9','73','SEAPROF','AVENIDA NACÕES UNIDAS, 2.604','25','301','-9.966188, -67.830965','16'),(4555,'9','39, 236','SEAPROF','AVENIDA NACÕES UNIDAS, 2.604','25','282','-9.966188, -67.830965','16'),(4556,'1','176','SEBRAE ','RUA RIO GRANDE DO SUL, 109 ','17','','-9.971662, -67.811852','16'),(4557,'1','350','SEBRAE ','RUA RIO GRANDE DO SUL, 109 ','17','','-9.971662, -67.811852','16'),(4558,'1','401','SEBRAE ','RUA RIO GRANDE DO SUL, 109 ','17','','-9.971662, -67.811852','16'),(4559,'10','102, 103','SEC. EST. DE DESENV. FLORESTAL, DA IND., DO COM. E SERV. SUSTENTAVEIS','RUA JOSE GALDINO','14','388','-9.961975, -67.814928','16'),(4560,'10','41, 42','SECRETARA DE ARTICULAÇÃO INSTITUCIONAL  SAI (ANTIGA PEQUENOS NEGÓCIOS) ','AVENIDA CEARA, 1624','17','380','-9.9709866, -67.8109629','16'),(4561,'1','168','SECRETARIA DA FAZENDA ','RUA BENJAMIN CONSTANT, 946 ','17','','-9.974965, -67.808461','16'),(4562,'1','368','SECRETARIA DA FAZENDA ','RUA BENJAMIN CONSTANT, 946 ','17','','-9.974965, -67.808461','16'),(4563,'10','53, 245, 275','SECRETARIA DAS CIDADES - ADM. PARQUE DA MATERNIDADE','RUA JOAO DONATO, 125','17','223','-9.9699217, -67.810589','16'),(4564,'1','327','SECRETARIA DE ESTADO DE COMUNICAÇÃO - SECOM ','RUA FRANCO RIBEIRO, 91 ','17','','-9.973523, -67.810967','16'),(4565,'1','419','SECRETARIA DE ESTADO DE MEIO AMBIENTE - SEMA ','RUA BENJAMIN CONSTANT, 856 ','17','','-9.974666, -67.807741','16'),(4566,'1','100','SECRETARIA DE ESTADO DE OBRAS PÚBLICAS - SEOP ','VIA CHICO MENDES, 805 ','51','','-9.984339, -67.806590','16'),(4567,'1','178','SECRETARIA DE ESTADO DE OBRAS PÚBLICAS - SEOP ','VIA CHICO MENDES, 805 ','51','','-9.984339, -67.806590','16'),(4568,'1','179','SECRETARIA DE ESTADO DE OBRAS PÚBLICAS - SEOP ','VIA CHICO MENDES, 805 ','51','','-9.984339, -67.806590','16'),(4569,'1','32, 52','SECRETARIA DE ESTADO DE SAÚDE - SESACRE','RUA BENJAMIN CONSTANT, 883 ','17','','-9.974575, -67.807526','16'),(4570,'1','41, 42','SECRETARIA DE ESTADO DE SAÚDE - SESACRE','RUA BENJAMIN CONSTANT, 883 ','17','','-9.974575, -67.807526','16'),(4571,'9','55','SECRETARIA ESTADUAL DE EDUCACAO E CULTURA','RUA RIO GRANDE DO SUL, 1.907','2','330','-9.978562, -67.824708','16'),(4572,'9','56','SECRETARIA ESTADUAL DE EDUCACAO E CULTURA','RUA RIO GRANDE DO SUL, 1.907','2','328','-9.978562, -67.824708','16'),(4573,'9','168','SECRETARIA ESTADUAL DE EDUCACAO E CULTURA','RUA RIO GRANDE DO SUL, 1.907','2','333','-9.978562, -67.824708','16'),(4574,'9','81','SEDSS (ANTIGA FUMBESA)','AVENIDA NACÕES UNIDAS, 2.731','25','312','-9.9667538, -67.83155','16'),(4575,'9','82','SEDSS (ANTIGA FUMBESA)','AVENIDA NACÕES UNIDAS, 2.731','25','323','-9.9667538, -67.83155','16'),(4576,'9','83','SEDSS (ANTIGA FUMBESA)','AVENIDA NACÕES UNIDAS, 2.731','25','324','-9.9667538, -67.83155','16'),(4577,'9','84','SEDSS (ANTIGA FUMBESA)','AVENIDA NACÕES UNIDAS, 2.731','25','320','-9.9667538, -67.83155','16'),(4578,'9','28, 50','SEDSS (ANTIGA FUMBESA)','AVENIDA NACÕES UNIDAS, 2.731','25','161','-9.9667538, -67.83155','16'),(4579,'10','187, 247, 248, 278','SEME  SECRETARIA MUNICIPAL DE EDUCACAO ','RUA VALERIO MAGALAES, 172','14','448','-9.9606861, -67.8108734','16'),(4580,'9','113','SEMSUR - SECRETARIA MUNICIPAL DE SERVICOS URBANOS','ESTRADA DA SOBRAL S/N°','54','266','-9.982792, -67.824785','16'),(4581,'9','240, 272','SEMSUR - SECRETARIA MUNICIPAL DE SERVICOS URBANOS','ESTRADA DA SOBRAL S/N°','54','244','-9.982792, -67.824785','16'),(4582,'10','54','SENAC','RUA ALVORADA, 901','14','379','-9.9565215, -67.815497','16'),(4583,'10','55','SENAC','RUA ALVORADA, 901','14','371','-9.9565215, -67.815497','16'),(4584,'10','205, 265','SENAC ','RUA DA ALVORADA, 777','14','149','-9.956054, -67.815541','16'),(4585,'1','532, 533','SENAI ','AVENIDA EPAMINONDAS JÁCOME, 2.209','15','','-9.971941, -67.794075','16'),(4586,'1','288','SENAI ','AVENIDA EPAMINONDAS JÁCOME, 2.209 ','15','','-9.971941, -67.794075','16'),(4587,'1','391','SENAI ','AVENIDA EPAMINONDAS JÁCOME, 2.209 ','15','','-9.971941, -67.794075','16'),(4588,'1','444','SENAI ','AVENIDA EPAMINONDAS JÁCOME, 2.209 ','15','','-9.971941, -67.794075','16'),(4589,'1','467','SENAI ','AVENIDA EPAMINONDAS JÁCOME, 2.209 ','15','','-9.971941, -67.794075','16'),(4590,'1','185','SESC ','AVENIDA BRASIL, 28 ','17','','-9.974646, -67.811164','16'),(4591,'1','287','SESC ','AVENIDA BRASIL, 28 ','17','','-9.974646, -67.811164','16'),(4592,'1','506','SEST/SENAT ','RODOVIA AC 40, KM. 5, 2000 ','59','','-10.027042, -67.799035','16'),(4593,'1','464','SEST/SENAT ','RODOVIA AC-40 KM 02, 1750 ','59','','-10.027042, -67.799035','16'),(4594,'1','476','SEST/SENAT ','RODOVIA AC-40 KM 02, 1750 ','59','','-10.027042, -67.799035','16'),(4595,'1','491','SEST/SENAT ','RODOVIA AC-40 KM 02, 1750 ','59','','-10.027042, -67.799035','16'),(4596,'9','43','TRIBUNAL DE CONTAS DO ESTADO DO ACRE','AVENIDA CEARA , 2.994','1','241','-9.9691402, -67.823308','16'),(4597,'9','44','TRIBUNAL DE CONTAS DO ESTADO DO ACRE','AVENIDA CEARA , 2.994','1','244','-9.9691402, -67.823308','16'),(4598,'9','270','TRIBUNAL DE JUSTIÇA','BR 364, KM 02','215','332','-9.9671255, -67.8502858','16'),(4599,'1','146, 149','TRIBUNAL REGIONAL DO TRABALHO','RUA BENJAMIN CONSTANT, 1.121 ','17','','-9.975752, -67.809905','16'),(4600,'9','86','UFAC - UNIVERSIDADE FEDERAL DO ACRE','BR 364 KM 05','24','401','-9.953357, -67.862791','16'),(4601,'9','129','UFAC - UNIVERSIDADE FEDERAL DO ACRE','BR 364 KM 05','24','396','-9.953357, -67.862791','16'),(4602,'9','176','UFAC - UNIVERSIDADE FEDERAL DO ACRE','BR 364 KM 05','24','403','-9.953357, -67.862791','16'),(4603,'9','224','UFAC - UNIVERSIDADE FEDERAL DO ACRE','BR 364 KM 05','24','406','-9.953357, -67.862791','16'),(4604,'9','286','UFAC - UNIVERSIDADE FEDERAL DO ACRE','BR 364 KM 05','24','302','-9.953357, -67.862791','16'),(4605,'10','305','UIP  UNIDADE DE INTERNAÇÃO PROVISÓRIA ','RUA ALVORADA, S/N','14','47','-9.956054, -67.815541','16'),(4606,'1','526','UNIDADE BÁSICA DE SAÚDE MARIA DA CONCEIÇÃO ','RUA PRIMAVERA, 36 ','220','','-10.007967, -67.784081','16'),(4607,'10','276','UNIDADE DE SAÚDE DA FAMÍLIA  VITÓRIA ','RUA BOA VISTA, 894','19','85','-9.945083, -67.800553','16'),(4608,'10','176','UNIDADE DE SAUDE DA FAMILIA ELPIDIO MOREIRA SOUZA','RUA DA PRACA','23','359','-9.938136, -67.833668','16'),(4609,'10','236','UNIDADE DE SAUDE DA FAMILIA ELPIDIO MOREIRA SOUZA','RUA DA PRACA','23','143','-9.938136, -67.833668','16'),(4610,'10','86','UNIDADE DE SAUDE DA FAMILIA PLATILDE OLIVEIRA DA SILVA','RUA RIO DE JANEIRO','55','357','-9.932287, -67.832184','16'),(4611,'10','240','UNIDADE DE SAUDE DA FAMILIA PLATILDE OLIVEIRA DA SILVA','RUA RIO DE JANEIRO','55','146','-9.932287, -67.832184','16'),(4612,'10','222','UNIDADE DE SAUDE FRANCISCO RONEY MEIRELES','RUA ARARA, 132 - CONJUNTO ADALBERTO SENA','229','341','-9.933377, -67.825907','16'),(4613,'10','256','UNIDADE DE SAUDE FRANCISCO RONEY MEIRELES','RUA ARARA, 132 - CONJUNTO ADALBERTO SENA','229','170','-9.933377, -67.825907','16'),(4614,'9','264','UNINORTE','BR 364 KM 02','30','383','-9.9671255, -67.8502858','16'),(4615,'9','280','UNINORTE','BR 364 KM 02','30','343','-9.9671255, -67.8502858','16'),(4616,'9','292','UNINORTE','BR 364 KM 02','30','346','-9.9671255, -67.8502858','16'),(4617,'10','194','UNOPAR','RUA DO AVIARIO, 204','7','223','-9.9678168, -67.802777','16'),(4618,'10','105','UNOPAR','RUA DO AVIARIO, 204','7','224','-9.9678168, -67.802777','16');
/*!40000 ALTER TABLE `localvotacao` ENABLE KEYS */;
UNLOCK TABLES;

--
-- Table structure for table `partido`
--

DROP TABLE IF EXISTS `partido`;
/*!40101 SET @saved_cs_client     = @@character_set_client */;
/*!40101 SET character_set_client = utf8 */;
CREATE TABLE `partido` (
  `id` int(11) NOT NULL AUTO_INCREMENT,
  `nome` varchar(60) DEFAULT NULL,
  `sigla` varchar(10) NOT NULL,
  `coligacao` varchar(150) DEFAULT NULL,
  `numero` int(11) NOT NULL,
  PRIMARY KEY (`id`)
) ENGINE=InnoDB AUTO_INCREMENT=36 DEFAULT CHARSET=latin1;
/*!40101 SET character_set_client = @saved_cs_client */;

--
-- Dumping data for table `partido`
--

LOCK TABLES `partido` WRITE;
/*!40000 ALTER TABLE `partido` DISABLE KEYS */;
INSERT INTO `partido` (`id`, `nome`, `sigla`, `coligacao`, `numero`) VALUES (1,'PARTIDO DO MOVIMENTO DEMOCRÁTICO BRASILEIRO','PMDB',NULL,15),(2,'PARTIDO TRABALHISTA BRASILEIRO','PTB',NULL,14),(3,'PARTIDO DEMOCRÁTICO TRABALHISTA','PDT',NULL,12),(4,'PARTIDO DOS TRABALHADORES','PT',NULL,13),(5,'DEMOCRATAS','DEM',NULL,25),(6,'PARTIDO COMUNISTA DO BRASIL','PCdoB',NULL,65),(7,'PARTIDO SOCIALISTA BRASILEIRO','PSB',NULL,40),(8,'PARTIDO DA SOCIAL DEMOCRACIA BRASILEIRA','PSDB',NULL,45),(9,'PARTIDO TRABALHISTA CRISTÃO','PTC',NULL,36),(10,'PARTIDO SOCIAL CRISTÃO','PSC',NULL,20),(11,'PARTIDO DA MOBILIZAÇÃO NACIONAL','PMN',NULL,33),(12,'PARTIDO REPUBLICANO PROGRESSISTA','PRP',NULL,44),(13,'PARTIDO POPULAR SOCIALISTA','PPS',NULL,23),(14,'PARTIDO VERDE','PV',NULL,43),(15,'PARTIDO TRABALHISTA DO BRASIL','PTdoB',NULL,70),(16,'PARTIDO PROGRESSISTA','PP',NULL,11),(17,'PARTIDO SOCIALISTA DOS TRABALHADORES UNIFICADO','PSTU',NULL,16),(18,'PARTIDO COMUNISTA BRASILEIRO','PCB',NULL,21),(19,'PARTIDO RENOVADOR TRABALHISTA BRASILEIRO','PRTB',NULL,28),(20,'PARTIDO HUMANISTA DA SOLIDARIEDADE','PHS',NULL,31),(21,'PARTIDO SOCIAL DEMOCRATA CRISTÃO','PSDC',NULL,27),(22,'PARTIDO DA CAUSA OPERÁRIA','PCO',NULL,29),(23,'PARTIDO TRABALHISTA NACIONAL','PTN',NULL,19),(24,'PARTIDO SOCIAL LIBERAL','PSL',NULL,17),(25,'PARTIDO REPUBLICANO BRASILEIRO','PRB',NULL,10),(26,'PARTIDO SOCIALISMO E LIBERDADE','PSOL',NULL,50),(27,'PARTIDO DA REPÚBLICA','PR',NULL,22),(28,'PARTIDO SOCIAL DEMOCRÁTICO','PSD',NULL,55),(29,'PARTIDO PÁTRIA LIVRE','PPL',NULL,54),(30,'PARTIDO ECOLÓGICO NACIONAL','PEN',NULL,51),(31,'PARTIDO REPUBLICANO DA ORDEM SOCIAL','PROS',NULL,90),(32,'SOLIDARIEDADE','SD',NULL,77),(34,'REDE SUSTENTABILIDADE','REDE',NULL,18),(35,'PARTIDO DA MULHER BRASILEIRA','PMB',NULL,35);
/*!40000 ALTER TABLE `partido` ENABLE KEYS */;
UNLOCK TABLES;

--
-- Table structure for table `regional`
--

DROP TABLE IF EXISTS `regional`;
/*!40101 SET @saved_cs_client     = @@character_set_client */;
/*!40101 SET character_set_client = utf8 */;
CREATE TABLE `regional` (
  `id` int(11) NOT NULL AUTO_INCREMENT,
  `nome` varchar(100) DEFAULT NULL,
  PRIMARY KEY (`id`)
) ENGINE=InnoDB AUTO_INCREMENT=12 DEFAULT CHARSET=latin1;
/*!40101 SET character_set_client = @saved_cs_client */;

--
-- Dumping data for table `regional`
--

LOCK TABLES `regional` WRITE;
/*!40000 ALTER TABLE `regional` DISABLE KEYS */;
INSERT INTO `regional` (`id`, `nome`) VALUES (1,'BELO JARDIM'),(2,'CADEIA VELHA'),(3,'CALAFATE'),(4,'BAIXADA'),(5,'ESTACAO EXPERIMENTAL'),(6,'FLORESTA'),(7,'ZONA RURAL'),(8,'SEIS DE AGOSTO'),(9,'SAO FRANCISCO'),(10,'TANCREDO NEVES'),(11,'VILA ACRE');
/*!40000 ALTER TABLE `regional` ENABLE KEYS */;
UNLOCK TABLES;

--
-- Table structure for table `usuario`
--

DROP TABLE IF EXISTS `usuario`;
/*!40101 SET @saved_cs_client     = @@character_set_client */;
/*!40101 SET character_set_client = utf8 */;
CREATE TABLE `usuario` (
  `id` int(11) unsigned NOT NULL AUTO_INCREMENT,
  `nome` varchar(60) DEFAULT NULL,
  `email` varchar(255) DEFAULT NULL,
  `senha` varchar(60) DEFAULT NULL,
  `perfil` int(11) DEFAULT NULL,
  `status` int(11) DEFAULT '1',
  PRIMARY KEY (`id`)
) ENGINE=InnoDB AUTO_INCREMENT=24 DEFAULT CHARSET=latin1;
/*!40101 SET character_set_client = @saved_cs_client */;

--
-- Dumping data for table `usuario`
--

LOCK TABLES `usuario` WRITE;
/*!40000 ALTER TABLE `usuario` DISABLE KEYS */;
INSERT INTO `usuario` (`id`, `nome`, `email`, `senha`, `perfil`, `status`) VALUES (1,'Jaisson Santos','jaissonssantos@gmail.com','9b465980671c2516f6bb3cea5e98a97ba2e52414',1,1),(3,'Thiago Chaves','thiagoarc@gmail.com','1d4ed28ea7990c050c7189cf25aefd66f06ed1fb',1,1),(8,'Richard Oliveira','richardzero@gmail.com','951554da7c2c1c2e21ab9c81e1a95f6d0b5dc4c0',1,1),(10,'Luiz Aguirre','luizwebister@gmail.com','ef26cd5006d0cf2f29a3ea1148751be6edf91069',1,1),(11,'Elane Cristine','elane.cristine@gmail.com','1d4ed28ea7990c050c7189cf25aefd66f06ed1fb',2,1),(12,'Pablo Mendes','pablomendes10@gmail.com','6c8dd4c9d7e12e06529d4a99893b1dd3c91e81aa',1,1),(13,'Iara Marques','iomarques@gmail.com','1d4ed28ea7990c050c7189cf25aefd66f06ed1fb',2,1),(14,'Ayrna Krisha','ayrnakrisha@hotmail.com','33c42616fa4d00bcf8da51f9ee776d1fe453e96d',2,1),(15,'Roberta Chariff','robertachariff13@gmail.com','1d4ed28ea7990c050c7189cf25aefd66f06ed1fb',2,1),(16,'Ricardo Tadeu Lopes Torres','ricardotorresbr@gmail.com','1d4ed28ea7990c050c7189cf25aefd66f06ed1fb',2,1),(17,'Darlan Andrade de Brito','darlan_a@hotmail.com','65e9b0a75cb8e1dab2092fcbfa72adf5969a5eab',2,1),(18,'Kamila Moraes de Magalhães','k-kamilla@hotmail.com','65e9b0a75cb8e1dab2092fcbfa72adf5969a5eab',3,1),(19,'Erisson Cameli Santiago','erissoncameli@gmail.com','939c2d5e00901c825f208432f563c48371e92cb3',2,1),(20,'Rinauro de Freitas Lima','rinauro.lima@yahoo.com.br','1d4ed28ea7990c050c7189cf25aefd66f06ed1fb',2,1),(21,'Ana Paula Jacome','anapaula.jacome@gmail.com','1d4ed28ea7990c050c7189cf25aefd66f06ed1fb',2,1),(22,'Francisco Nempomuceno','cariocanepomuceno@gmail.com','67c84c0938c3b864b8522f4164edfbb9f4c7de2b',2,1),(23,'Oly Duarte','bsbduarte@gmail.com','67c84c0938c3b864b8522f4164edfbb9f4c7de2b',2,1);
/*!40000 ALTER TABLE `usuario` ENABLE KEYS */;
UNLOCK TABLES;

--
-- Table structure for table `usuario_cidade`
--

DROP TABLE IF EXISTS `usuario_cidade`;
/*!40101 SET @saved_cs_client     = @@character_set_client */;
/*!40101 SET character_set_client = utf8 */;
CREATE TABLE `usuario_cidade` (
  `id` int(11) NOT NULL AUTO_INCREMENT,
  `idusuario` int(11) unsigned NOT NULL,
  `idcidade` int(11) unsigned NOT NULL,
  PRIMARY KEY (`id`),
  KEY `idusuario` (`idusuario`),
  KEY `idcidade` (`idcidade`),
  CONSTRAINT `usuario_cidade_ibfk_1` FOREIGN KEY (`idusuario`) REFERENCES `usuario` (`id`) ON DELETE NO ACTION ON UPDATE NO ACTION,
  CONSTRAINT `usuario_cidade_ibfk_2` FOREIGN KEY (`idcidade`) REFERENCES `cidade` (`id`) ON DELETE NO ACTION ON UPDATE NO ACTION
) ENGINE=InnoDB AUTO_INCREMENT=225 DEFAULT CHARSET=latin1;
/*!40101 SET character_set_client = @saved_cs_client */;

--
-- Dumping data for table `usuario_cidade`
--

LOCK TABLES `usuario_cidade` WRITE;
/*!40000 ALTER TABLE `usuario_cidade` DISABLE KEYS */;
INSERT INTO `usuario_cidade` (`id`, `idusuario`, `idcidade`) VALUES (58,3,1),(59,3,2),(60,3,3),(61,3,4),(62,3,5),(63,3,6),(64,3,7),(65,3,8),(66,3,9),(67,3,10),(68,3,11),(69,3,12),(70,3,13),(71,3,14),(72,3,15),(73,3,16),(74,3,17),(75,3,18),(76,3,19),(77,3,20),(78,3,21),(79,3,22),(138,18,16),(142,19,6),(145,11,16),(170,10,16),(172,13,16),(173,14,16),(175,16,16),(176,17,16),(177,1,1),(178,1,2),(179,1,3),(180,1,4),(181,1,5),(182,1,6),(183,1,7),(184,1,8),(185,1,9),(186,1,10),(187,1,11),(188,1,12),(189,1,13),(190,1,14),(191,1,15),(192,1,16),(193,1,17),(194,1,18),(195,1,19),(196,1,20),(197,1,21),(198,1,22),(199,20,6),(211,21,16),(215,8,16),(222,23,3),(223,12,16),(224,15,16);
/*!40000 ALTER TABLE `usuario_cidade` ENABLE KEYS */;
UNLOCK TABLES;

--
-- Table structure for table `usuario_permissao`
--

DROP TABLE IF EXISTS `usuario_permissao`;
/*!40101 SET @saved_cs_client     = @@character_set_client */;
/*!40101 SET character_set_client = utf8 */;
CREATE TABLE `usuario_permissao` (
  `id` int(11) unsigned NOT NULL AUTO_INCREMENT,
  `permissao` varchar(40) DEFAULT NULL,
  `idusuario` int(11) unsigned DEFAULT NULL,
  PRIMARY KEY (`id`),
  KEY `idusuario` (`idusuario`),
  CONSTRAINT `usuario_permissao_ibfk_1` FOREIGN KEY (`idusuario`) REFERENCES `usuario` (`id`) ON DELETE NO ACTION ON UPDATE NO ACTION
) ENGINE=InnoDB AUTO_INCREMENT=726 DEFAULT CHARSET=latin1;
/*!40101 SET character_set_client = @saved_cs_client */;

--
-- Dumping data for table `usuario_permissao`
--

LOCK TABLES `usuario_permissao` WRITE;
/*!40000 ALTER TABLE `usuario_permissao` DISABLE KEYS */;
INSERT INTO `usuario_permissao` (`id`, `permissao`, `idusuario`) VALUES (177,'/dashboard',3),(178,'/advogado',3),(179,'/coordenador',3),(180,'/delegado',3),(181,'/fiscal',3),(182,'/candidato',3),(183,'/associar',3),(184,'/relatorio',3),(185,'/mapa',3),(186,'/usuario',3),(187,'/404',3),(188,'/mapakml',3),(347,'/dashboard',18),(348,'/relatorio',18),(349,'/404',18),(372,'/dashboard',19),(373,'/advogado',19),(374,'/coordenador',19),(375,'/delegado',19),(376,'/fiscal',19),(377,'/candidato',19),(378,'/associar',19),(379,'/relatorio',19),(380,'/mapa',19),(381,'/404',19),(404,'/dashboard',11),(405,'/advogado',11),(406,'/coordenador',11),(407,'/delegado',11),(408,'/fiscal',11),(409,'/candidato',11),(410,'/associar',11),(411,'/relatorio',11),(412,'/mapa',11),(413,'/404',11),(447,'/dashboard',10),(448,'/advogado',10),(449,'/coordenador',10),(450,'/delegado',10),(451,'/fiscal',10),(452,'/candidato',10),(453,'/associar',10),(454,'/relatorio',10),(455,'/mapa',10),(456,'/usuario',10),(457,'/404',10),(469,'/dashboard',13),(470,'/advogado',13),(471,'/coordenador',13),(472,'/delegado',13),(473,'/fiscal',13),(474,'/candidato',13),(475,'/associar',13),(476,'/relatorio',13),(477,'/mapa',13),(478,'/404',13),(479,'/dashboard',14),(480,'/advogado',14),(481,'/coordenador',14),(482,'/delegado',14),(483,'/fiscal',14),(484,'/candidato',14),(485,'/associar',14),(486,'/relatorio',14),(487,'/mapa',14),(488,'/404',14),(499,'/dashboard',16),(500,'/advogado',16),(501,'/coordenador',16),(502,'/delegado',16),(503,'/fiscal',16),(504,'/candidato',16),(505,'/associar',16),(506,'/relatorio',16),(507,'/mapa',16),(508,'/404',16),(509,'/dashboard',17),(510,'/advogado',17),(511,'/coordenador',17),(512,'/delegado',17),(513,'/fiscal',17),(514,'/candidato',17),(515,'/associar',17),(516,'/relatorio',17),(517,'/mapa',17),(518,'/404',17),(519,'/dashboard',1),(520,'/advogado',1),(521,'/coordenador',1),(522,'/delegado',1),(523,'/fiscal',1),(524,'/candidato',1),(525,'/associar',1),(526,'/relatorio',1),(527,'/mapa',1),(528,'/usuario',1),(529,'/404',1),(530,'/dashboard',20),(531,'/advogado',20),(532,'/coordenador',20),(533,'/delegado',20),(534,'/fiscal',20),(535,'/candidato',20),(536,'/associar',20),(537,'/relatorio',20),(538,'/mapa',20),(539,'/404',20),(631,'/dashboard',21),(632,'/advogado',21),(633,'/coordenador',21),(634,'/delegado',21),(635,'/fiscal',21),(636,'/candidato',21),(637,'/associar',21),(638,'/relatorio',21),(639,'/mapa',21),(640,'/404',21),(663,'/dashboard',8),(664,'/advogado',8),(665,'/coordenador',8),(666,'/delegado',8),(667,'/fiscal',8),(668,'/candidato',8),(669,'/associar',8),(670,'/relatorio',8),(671,'/mapa',8),(672,'/usuario',8),(673,'/404',8),(684,'/dashboard',22),(685,'/advogado',22),(686,'/coordenador',22),(687,'/delegado',22),(688,'/fiscal',22),(689,'/candidato',22),(690,'/associar',22),(691,'/relatorio',22),(692,'/mapa',22),(693,'/404',22),(694,'/dashboard',23),(695,'/advogado',23),(696,'/coordenador',23),(697,'/delegado',23),(698,'/fiscal',23),(699,'/candidato',23),(700,'/associar',23),(701,'/relatorio',23),(702,'/mapa',23),(703,'/404',23),(704,'/dashboard',12),(705,'/advogado',12),(706,'/coordenador',12),(707,'/delegado',12),(708,'/fiscal',12),(709,'/candidato',12),(710,'/associar',12),(711,'/relatorio',12),(712,'/mapa',12),(713,'/usuario',12),(714,'/404',12),(715,'/dashboard',15),(716,'/advogado',15),(717,'/coordenador',15),(718,'/delegado',15),(719,'/fiscal',15),(720,'/candidato',15),(721,'/associar',15),(722,'/relatorio',15),(723,'/mapa',15),(724,'/404',15),(725,'/apuracao',1);
/*!40000 ALTER TABLE `usuario_permissao` ENABLE KEYS */;
UNLOCK TABLES;

--
-- Table structure for table `zona`
--

DROP TABLE IF EXISTS `zona`;
/*!40101 SET @saved_cs_client     = @@character_set_client */;
/*!40101 SET character_set_client = utf8 */;
CREATE TABLE `zona` (
  `id` int(11) NOT NULL AUTO_INCREMENT,
  `nome` varchar(100) DEFAULT NULL,
  PRIMARY KEY (`id`)
) ENGINE=InnoDB AUTO_INCREMENT=11 DEFAULT CHARSET=latin1;
/*!40101 SET character_set_client = @saved_cs_client */;

--
-- Dumping data for table `zona`
--

LOCK TABLES `zona` WRITE;
/*!40000 ALTER TABLE `zona` DISABLE KEYS */;
INSERT INTO `zona` (`id`, `nome`) VALUES (1,'ZONA 1'),(2,'ZONA 2'),(3,'ZONA 3'),(4,'ZONA 4'),(5,'ZONA 5'),(6,'ZONA 6'),(7,'ZONA 7'),(8,'ZONA 8'),(9,'ZONA 9'),(10,'ZONA 10');
/*!40000 ALTER TABLE `zona` ENABLE KEYS */;
UNLOCK TABLES;

--
-- Dumping events for database 'controle_municipal'
--

--
-- Dumping routines for database 'controle_municipal'
--
/*!40103 SET TIME_ZONE=@OLD_TIME_ZONE */;

/*!40101 SET SQL_MODE=@OLD_SQL_MODE */;
/*!40014 SET FOREIGN_KEY_CHECKS=@OLD_FOREIGN_KEY_CHECKS */;
/*!40014 SET UNIQUE_CHECKS=@OLD_UNIQUE_CHECKS */;
/*!40101 SET CHARACTER_SET_CLIENT=@OLD_CHARACTER_SET_CLIENT */;
/*!40101 SET CHARACTER_SET_RESULTS=@OLD_CHARACTER_SET_RESULTS */;
/*!40101 SET COLLATION_CONNECTION=@OLD_COLLATION_CONNECTION */;
/*!40111 SET SQL_NOTES=@OLD_SQL_NOTES */;

-- Dump completed on 2017-08-23  3:25:10
